[2026-09-10T01:02:24.924+0000] {manager.py:469} INFO - Processing files using up to 2 processes at a time 
[2026-09-10T01:02:24.924+0000] {manager.py:470} INFO - Process each file at most once every 30 seconds
[2026-09-10T01:02:24.925+0000] {manager.py:471} INFO - Checking for new files in /opt/airflow/dags every 300 seconds
[2026-09-10T01:02:24.925+0000] {manager.py:738} INFO - Searching for files in /opt/airflow/dags
[2026-09-10T01:02:24.927+0000] {manager.py:741} INFO - There are 1 files in /opt/airflow/dags
[2026-09-10T01:02:25.022+0000] {manager.py:879} INFO - 
================================================================================
DAG File Processing Stats

File Path                                       PID  Runtime      # DAGs    # Errors  Last Runtime    Last Run
--------------------------------------------  -----  ---------  --------  ----------  --------------  ----------
/opt/airflow/dags/weekly_grocery_pipeline.py    192  0.04s             0           0
================================================================================
[2026-09-10T01:02:55.270+0000] {manager.py:879} INFO - 
================================================================================
DAG File Processing Stats

File Path                                       PID  Runtime      # DAGs    # Errors  Last Runtime    Last Run
--------------------------------------------  -----  ---------  --------  ----------  --------------  -------------------
/opt/airflow/dags/weekly_grocery_pipeline.py    198  0.01s             1           0  0.19s           2026-09-10T01:02:25
================================================================================
[2026-09-10T01:03:25.481+0000] {manager.py:879} INFO - 
================================================================================
DAG File Processing Stats

File Path                                       PID  Runtime      # DAGs    # Errors  Last Runtime    Last Run
--------------------------------------------  -----  ---------  --------  ----------  --------------  -------------------
/opt/airflow/dags/weekly_grocery_pipeline.py    214  0.00s             1           0  0.11s           2026-09-10T01:02:55
================================================================================
[2026-09-10T01:03:55.711+0000] {manager.py:879} INFO - 
================================================================================
DAG File Processing Stats

File Path                                       PID  Runtime      # DAGs    # Errors  Last Runtime    Last Run
--------------------------------------------  -----  ---------  --------  ----------  --------------  -------------------
/opt/airflow/dags/weekly_grocery_pipeline.py    224  0.01s             1           0  0.05s           2026-09-10T01:03:25
================================================================================
[2026-09-10T01:04:25.945+0000] {manager.py:879} INFO - 
================================================================================
DAG File Processing Stats

File Path                                       PID  Runtime      # DAGs    # Errors  Last Runtime    Last Run
--------------------------------------------  -----  ---------  --------  ----------  --------------  -------------------
/opt/airflow/dags/weekly_grocery_pipeline.py    231  0.00s             1           0  0.08s           2026-09-10T01:03:55
================================================================================
[2026-09-10T01:04:56.197+0000] {manager.py:879} INFO - 
================================================================================
DAG File Processing Stats

File Path                                       PID  Runtime      # DAGs    # Errors  Last Runtime    Last Run
--------------------------------------------  -----  ---------  --------  ----------  --------------  -------------------
/opt/airflow/dags/weekly_grocery_pipeline.py    257  0.00s             1           0  0.07s           2026-09-10T01:04:26
================================================================================
[2026-09-10T01:05:26.497+0000] {manager.py:879} INFO - 
================================================================================
DAG File Processing Stats

File Path                                       PID  Runtime      # DAGs    # Errors  Last Runtime    Last Run
--------------------------------------------  -----  ---------  --------  ----------  --------------  -------------------
/opt/airflow/dags/weekly_grocery_pipeline.py    262  0.01s             1           0  0.06s           2026-09-10T01:04:56
================================================================================
[2026-09-10T01:05:56.786+0000] {manager.py:879} INFO - 
================================================================================
DAG File Processing Stats

File Path                                       PID  Runtime      # DAGs    # Errors  Last Runtime    Last Run
--------------------------------------------  -----  ---------  --------  ----------  --------------  -------------------
/opt/airflow/dags/weekly_grocery_pipeline.py    267  0.01s             1           0  0.11s           2026-09-10T01:05:26
================================================================================
[2026-09-10T01:06:27.108+0000] {manager.py:879} INFO - 
================================================================================
DAG File Processing Stats

File Path                                       PID  Runtime      # DAGs    # Errors  Last Runtime    Last Run
--------------------------------------------  -----  ---------  --------  ----------  --------------  -------------------
/opt/airflow/dags/weekly_grocery_pipeline.py    275  0.01s             1           0  0.10s           2026-09-10T01:05:56
================================================================================
[2026-09-10T01:06:57.515+0000] {manager.py:879} INFO - 
================================================================================
DAG File Processing Stats

File Path                                     PID    Runtime      # DAGs    # Errors  Last Runtime    Last Run
--------------------------------------------  -----  ---------  --------  ----------  --------------  -------------------
/opt/airflow/dags/weekly_grocery_pipeline.py                           1           0  0.10s           2026-09-10T01:06:56
================================================================================
[2026-09-10T01:07:25.756+0000] {manager.py:738} INFO - Searching for files in /opt/airflow/dags
[2026-09-10T01:07:25.763+0000] {manager.py:741} INFO - There are 1 files in /opt/airflow/dags
[2026-09-10T01:07:27.817+0000] {manager.py:879} INFO - 
================================================================================
DAG File Processing Stats

File Path                                     PID    Runtime      # DAGs    # Errors  Last Runtime    Last Run
--------------------------------------------  -----  ---------  --------  ----------  --------------  -------------------
/opt/airflow/dags/weekly_grocery_pipeline.py                           1           0  0.11s           2026-09-10T01:07:26
================================================================================
[2026-09-10T01:07:58.074+0000] {manager.py:879} INFO - 
================================================================================
DAG File Processing Stats

File Path                                     PID    Runtime      # DAGs    # Errors  Last Runtime    Last Run
--------------------------------------------  -----  ---------  --------  ----------  --------------  -------------------
/opt/airflow/dags/weekly_grocery_pipeline.py                           1           0  0.07s           2026-09-10T01:07:57
================================================================================
[2026-09-10T01:08:28.423+0000] {manager.py:879} INFO - 
================================================================================
DAG File Processing Stats

File Path                                     PID    Runtime      # DAGs    # Errors  Last Runtime    Last Run
--------------------------------------------  -----  ---------  --------  ----------  --------------  -------------------
/opt/airflow/dags/weekly_grocery_pipeline.py                           1           0  0.11s           2026-09-10T01:08:27
================================================================================
[2026-09-10T01:08:58.718+0000] {manager.py:879} INFO - 
================================================================================
DAG File Processing Stats

File Path                                     PID    Runtime      # DAGs    # Errors  Last Runtime    Last Run
--------------------------------------------  -----  ---------  --------  ----------  --------------  -------------------
/opt/airflow/dags/weekly_grocery_pipeline.py                           1           0  0.12s           2026-09-10T01:08:57
================================================================================
[2026-09-10T01:09:29.015+0000] {manager.py:879} INFO - 
================================================================================
DAG File Processing Stats

File Path                                     PID    Runtime      # DAGs    # Errors  Last Runtime    Last Run
--------------------------------------------  -----  ---------  --------  ----------  --------------  -------------------
/opt/airflow/dags/weekly_grocery_pipeline.py                           1           0  0.09s           2026-09-10T01:09:28
================================================================================
[2026-09-10T01:09:59.289+0000] {manager.py:879} INFO - 
================================================================================
DAG File Processing Stats

File Path                                     PID    Runtime      # DAGs    # Errors  Last Runtime    Last Run
--------------------------------------------  -----  ---------  --------  ----------  --------------  -------------------
/opt/airflow/dags/weekly_grocery_pipeline.py                           1           0  0.08s           2026-09-10T01:09:58
================================================================================
[2026-09-10T01:10:29.530+0000] {manager.py:879} INFO - 
================================================================================
DAG File Processing Stats

File Path                                     PID    Runtime      # DAGs    # Errors  Last Runtime    Last Run
--------------------------------------------  -----  ---------  --------  ----------  --------------  -------------------
/opt/airflow/dags/weekly_grocery_pipeline.py                           1           0  0.06s           2026-09-10T01:10:28
================================================================================
[2026-09-10T01:10:59.857+0000] {manager.py:879} INFO - 
================================================================================
DAG File Processing Stats

File Path                                     PID    Runtime      # DAGs    # Errors  Last Runtime    Last Run
--------------------------------------------  -----  ---------  --------  ----------  --------------  -------------------
/opt/airflow/dags/weekly_grocery_pipeline.py                           1           0  0.07s           2026-09-10T01:10:58
================================================================================
[2026-09-10T01:11:30.171+0000] {manager.py:879} INFO - 
================================================================================
DAG File Processing Stats

File Path                                     PID    Runtime      # DAGs    # Errors  Last Runtime    Last Run
--------------------------------------------  -----  ---------  --------  ----------  --------------  -------------------
/opt/airflow/dags/weekly_grocery_pipeline.py                           1           0  0.08s           2026-09-10T01:11:29
================================================================================
[2026-09-10T01:12:00.449+0000] {manager.py:879} INFO - 
================================================================================
DAG File Processing Stats

File Path                                     PID    Runtime      # DAGs    # Errors  Last Runtime    Last Run
--------------------------------------------  -----  ---------  --------  ----------  --------------  -------------------
/opt/airflow/dags/weekly_grocery_pipeline.py                           1           0  0.05s           2026-09-10T01:11:59
================================================================================
[2026-09-10T01:13:41.285+0000] {manager.py:738} INFO - Searching for files in /opt/airflow/dags
[2026-09-10T01:13:41.358+0000] {manager.py:741} INFO - There are 1 files in /opt/airflow/dags
[2026-09-10T01:13:45.441+0000] {manager.py:879} INFO - 
================================================================================
DAG File Processing Stats

File Path                                     PID    Runtime      # DAGs    # Errors  Last Runtime    Last Run
--------------------------------------------  -----  ---------  --------  ----------  --------------  -------------------
/opt/airflow/dags/weekly_grocery_pipeline.py                           1           0  0.06s           2026-09-10T01:13:41
================================================================================
[2026-09-10T01:16:09.139+0000] {manager.py:879} INFO - 
================================================================================
DAG File Processing Stats

File Path                                     PID    Runtime      # DAGs    # Errors  Last Runtime    Last Run
--------------------------------------------  -----  ---------  --------  ----------  --------------  -------------------
/opt/airflow/dags/weekly_grocery_pipeline.py                           1           0  0.08s           2026-09-10T01:16:05
================================================================================
[2026-09-10T01:16:39.378+0000] {manager.py:879} INFO - 
================================================================================
DAG File Processing Stats

File Path                                     PID    Runtime      # DAGs    # Errors  Last Runtime    Last Run
--------------------------------------------  -----  ---------  --------  ----------  --------------  -------------------
/opt/airflow/dags/weekly_grocery_pipeline.py                           1           0  0.09s           2026-09-10T01:16:35
================================================================================
[2026-09-10T02:04:58.363+0000] {manager.py:738} INFO - Searching for files in /opt/airflow/dags
[2026-09-10T02:04:58.368+0000] {manager.py:741} INFO - There are 1 files in /opt/airflow/dags
[2026-09-10T02:05:03.428+0000] {manager.py:879} INFO - 
================================================================================
DAG File Processing Stats

File Path                                     PID    Runtime      # DAGs    # Errors  Last Runtime    Last Run
--------------------------------------------  -----  ---------  --------  ----------  --------------  -------------------
/opt/airflow/dags/weekly_grocery_pipeline.py                           1           0  0.08s           2026-09-10T02:04:58
================================================================================
[2026-09-10T03:17:51.266+0000] {manager.py:738} INFO - Searching for files in /opt/airflow/dags
[2026-09-10T03:17:51.273+0000] {manager.py:741} INFO - There are 1 files in /opt/airflow/dags
[2026-09-10T03:17:56.351+0000] {manager.py:879} INFO - 
================================================================================
DAG File Processing Stats

File Path                                     PID    Runtime      # DAGs    # Errors  Last Runtime    Last Run
--------------------------------------------  -----  ---------  --------  ----------  --------------  -------------------
/opt/airflow/dags/weekly_grocery_pipeline.py                           1           0  0.13s           2026-09-10T03:17:51
================================================================================
[2026-09-10T04:09:47.938+0000] {manager.py:738} INFO - Searching for files in /opt/airflow/dags
[2026-09-10T04:09:47.942+0000] {manager.py:741} INFO - There are 1 files in /opt/airflow/dags
[2026-09-10T04:09:54.053+0000] {manager.py:879} INFO - 
================================================================================
DAG File Processing Stats

File Path                                     PID    Runtime      # DAGs    # Errors  Last Runtime    Last Run
--------------------------------------------  -----  ---------  --------  ----------  --------------  -------------------
/opt/airflow/dags/weekly_grocery_pipeline.py                           1           0  0.07s           2026-09-10T04:09:48
================================================================================
[2026-09-10T05:19:52.598+0000] {manager.py:738} INFO - Searching for files in /opt/airflow/dags
[2026-09-10T05:19:52.602+0000] {manager.py:741} INFO - There are 1 files in /opt/airflow/dags
[2026-09-10T05:19:58.784+0000] {manager.py:879} INFO - 
================================================================================
DAG File Processing Stats

File Path                                     PID    Runtime      # DAGs    # Errors  Last Runtime    Last Run
--------------------------------------------  -----  ---------  --------  ----------  --------------  -------------------
/opt/airflow/dags/weekly_grocery_pipeline.py                           1           0  0.13s           2026-09-10T05:19:52
================================================================================
[2026-09-10T06:01:34.856+0000] {manager.py:738} INFO - Searching for files in /opt/airflow/dags
[2026-09-10T06:01:34.862+0000] {manager.py:741} INFO - There are 1 files in /opt/airflow/dags
[2026-09-10T06:01:41.950+0000] {manager.py:879} INFO - 
================================================================================
DAG File Processing Stats

File Path                                     PID    Runtime      # DAGs    # Errors  Last Runtime    Last Run
--------------------------------------------  -----  ---------  --------  ----------  --------------  -------------------
/opt/airflow/dags/weekly_grocery_pipeline.py                           1           0  0.10s           2026-09-10T06:01:34
================================================================================
[2026-09-10T06:02:12.247+0000] {manager.py:879} INFO - 
================================================================================
DAG File Processing Stats

File Path                                     PID    Runtime      # DAGs    # Errors  Last Runtime    Last Run
--------------------------------------------  -----  ---------  --------  ----------  --------------  -------------------
/opt/airflow/dags/weekly_grocery_pipeline.py                           1           0  0.07s           2026-09-10T06:02:05
================================================================================
[2026-09-10T06:02:42.560+0000] {manager.py:879} INFO - 
================================================================================
DAG File Processing Stats

File Path                                     PID    Runtime      # DAGs    # Errors  Last Runtime    Last Run
--------------------------------------------  -----  ---------  --------  ----------  --------------  -------------------
/opt/airflow/dags/weekly_grocery_pipeline.py                           1           0  0.07s           2026-09-10T06:02:35
================================================================================
[2026-09-10T06:03:12.907+0000] {manager.py:879} INFO - 
================================================================================
DAG File Processing Stats

File Path                                     PID    Runtime      # DAGs    # Errors  Last Runtime    Last Run
--------------------------------------------  -----  ---------  --------  ----------  --------------  -------------------
/opt/airflow/dags/weekly_grocery_pipeline.py                           1           0  0.07s           2026-09-10T06:03:05
================================================================================
[2026-09-10T06:03:43.162+0000] {manager.py:879} INFO - 
================================================================================
DAG File Processing Stats

File Path                                     PID    Runtime      # DAGs    # Errors  Last Runtime    Last Run
--------------------------------------------  -----  ---------  --------  ----------  --------------  -------------------
/opt/airflow/dags/weekly_grocery_pipeline.py                           1           0  0.08s           2026-09-10T06:03:36
================================================================================
[2026-09-10T06:04:13.415+0000] {manager.py:879} INFO - 
================================================================================
DAG File Processing Stats

File Path                                     PID    Runtime      # DAGs    # Errors  Last Runtime    Last Run
--------------------------------------------  -----  ---------  --------  ----------  --------------  -------------------
/opt/airflow/dags/weekly_grocery_pipeline.py                           1           0  0.07s           2026-09-10T06:04:06
================================================================================
[2026-09-10T06:04:43.700+0000] {manager.py:879} INFO - 
================================================================================
DAG File Processing Stats

File Path                                     PID    Runtime      # DAGs    # Errors  Last Runtime    Last Run
--------------------------------------------  -----  ---------  --------  ----------  --------------  -------------------
/opt/airflow/dags/weekly_grocery_pipeline.py                           1           0  0.07s           2026-09-10T06:04:36
================================================================================
[2026-09-10T06:05:13.987+0000] {manager.py:879} INFO - 
================================================================================
DAG File Processing Stats

File Path                                     PID    Runtime      # DAGs    # Errors  Last Runtime    Last Run
--------------------------------------------  -----  ---------  --------  ----------  --------------  -------------------
/opt/airflow/dags/weekly_grocery_pipeline.py                           1           0  0.06s           2026-09-10T06:05:06
================================================================================
[2026-09-10T06:05:44.248+0000] {manager.py:879} INFO - 
================================================================================
DAG File Processing Stats

File Path                                     PID    Runtime      # DAGs    # Errors  Last Runtime    Last Run
--------------------------------------------  -----  ---------  --------  ----------  --------------  -------------------
/opt/airflow/dags/weekly_grocery_pipeline.py                           1           0  0.06s           2026-09-10T06:05:37
================================================================================
[2026-09-10T06:06:14.554+0000] {manager.py:879} INFO - 
================================================================================
DAG File Processing Stats

File Path                                     PID    Runtime      # DAGs    # Errors  Last Runtime    Last Run
--------------------------------------------  -----  ---------  --------  ----------  --------------  -------------------
/opt/airflow/dags/weekly_grocery_pipeline.py                           1           0  0.06s           2026-09-10T06:06:07
================================================================================
[2026-09-10T06:06:35.753+0000] {manager.py:738} INFO - Searching for files in /opt/airflow/dags
[2026-09-10T06:06:35.761+0000] {manager.py:741} INFO - There are 1 files in /opt/airflow/dags
[2026-09-10T06:06:44.861+0000] {manager.py:879} INFO - 
================================================================================
DAG File Processing Stats

File Path                                     PID    Runtime      # DAGs    # Errors  Last Runtime    Last Run
--------------------------------------------  -----  ---------  --------  ----------  --------------  -------------------
/opt/airflow/dags/weekly_grocery_pipeline.py                           1           0  0.07s           2026-09-10T06:06:37
================================================================================
[2026-09-10T06:07:15.157+0000] {manager.py:879} INFO - 
================================================================================
DAG File Processing Stats

File Path                                     PID    Runtime      # DAGs    # Errors  Last Runtime    Last Run
--------------------------------------------  -----  ---------  --------  ----------  --------------  -------------------
/opt/airflow/dags/weekly_grocery_pipeline.py                           1           0  0.06s           2026-09-10T06:07:08
================================================================================
[2026-09-10T06:07:45.530+0000] {manager.py:879} INFO - 
================================================================================
DAG File Processing Stats

File Path                                     PID    Runtime      # DAGs    # Errors  Last Runtime    Last Run
--------------------------------------------  -----  ---------  --------  ----------  --------------  -------------------
/opt/airflow/dags/weekly_grocery_pipeline.py                           1           0  0.07s           2026-09-10T06:07:38
================================================================================
[2026-09-10T06:08:15.916+0000] {manager.py:879} INFO - 
================================================================================
DAG File Processing Stats

File Path                                     PID    Runtime      # DAGs    # Errors  Last Runtime    Last Run
--------------------------------------------  -----  ---------  --------  ----------  --------------  -------------------
/opt/airflow/dags/weekly_grocery_pipeline.py                           1           0  0.08s           2026-09-10T06:08:08
================================================================================
[2026-09-10T06:08:46.272+0000] {manager.py:879} INFO - 
================================================================================
DAG File Processing Stats

File Path                                     PID    Runtime      # DAGs    # Errors  Last Runtime    Last Run
--------------------------------------------  -----  ---------  --------  ----------  --------------  -------------------
/opt/airflow/dags/weekly_grocery_pipeline.py                           1           0  0.07s           2026-09-10T06:08:39
================================================================================
[2026-09-10T06:09:16.583+0000] {manager.py:879} INFO - 
================================================================================
DAG File Processing Stats

File Path                                     PID    Runtime      # DAGs    # Errors  Last Runtime    Last Run
--------------------------------------------  -----  ---------  --------  ----------  --------------  -------------------
/opt/airflow/dags/weekly_grocery_pipeline.py                           1           0  0.07s           2026-09-10T06:09:09
================================================================================
[2026-09-10T06:09:46.927+0000] {manager.py:879} INFO - 
================================================================================
DAG File Processing Stats

File Path                                     PID    Runtime      # DAGs    # Errors  Last Runtime    Last Run
--------------------------------------------  -----  ---------  --------  ----------  --------------  -------------------
/opt/airflow/dags/weekly_grocery_pipeline.py                           1           0  0.11s           2026-09-10T06:09:39
================================================================================
[2026-09-10T06:10:17.271+0000] {manager.py:879} INFO - 
================================================================================
DAG File Processing Stats

File Path                                     PID    Runtime      # DAGs    # Errors  Last Runtime    Last Run
--------------------------------------------  -----  ---------  --------  ----------  --------------  -------------------
/opt/airflow/dags/weekly_grocery_pipeline.py                           1           0  0.07s           2026-09-10T06:10:10
================================================================================
[2026-09-10T06:10:47.643+0000] {manager.py:879} INFO - 
================================================================================
DAG File Processing Stats

File Path                                     PID    Runtime      # DAGs    # Errors  Last Runtime    Last Run
--------------------------------------------  -----  ---------  --------  ----------  --------------  -------------------
/opt/airflow/dags/weekly_grocery_pipeline.py                           1           0  0.07s           2026-09-10T06:10:40
================================================================================
[2026-09-10T06:11:17.976+0000] {manager.py:879} INFO - 
================================================================================
DAG File Processing Stats

File Path                                     PID    Runtime      # DAGs    # Errors  Last Runtime    Last Run
--------------------------------------------  -----  ---------  --------  ----------  --------------  -------------------
/opt/airflow/dags/weekly_grocery_pipeline.py                           1           0  0.07s           2026-09-10T06:11:10
================================================================================
[2026-09-10T06:11:36.196+0000] {manager.py:738} INFO - Searching for files in /opt/airflow/dags
[2026-09-10T06:11:36.201+0000] {manager.py:741} INFO - There are 1 files in /opt/airflow/dags
[2026-09-10T06:11:48.365+0000] {manager.py:879} INFO - 
================================================================================
DAG File Processing Stats

File Path                                     PID    Runtime      # DAGs    # Errors  Last Runtime    Last Run
--------------------------------------------  -----  ---------  --------  ----------  --------------  -------------------
/opt/airflow/dags/weekly_grocery_pipeline.py                           1           0  0.07s           2026-09-10T06:11:41
================================================================================
[2026-09-10T06:12:18.758+0000] {manager.py:879} INFO - 
================================================================================
DAG File Processing Stats

File Path                                     PID    Runtime      # DAGs    # Errors  Last Runtime    Last Run
--------------------------------------------  -----  ---------  --------  ----------  --------------  -------------------
/opt/airflow/dags/weekly_grocery_pipeline.py                           1           0  0.07s           2026-09-10T06:12:11
================================================================================
[2026-09-10T06:12:49.148+0000] {manager.py:879} INFO - 
================================================================================
DAG File Processing Stats

File Path                                     PID    Runtime      # DAGs    # Errors  Last Runtime    Last Run
--------------------------------------------  -----  ---------  --------  ----------  --------------  -------------------
/opt/airflow/dags/weekly_grocery_pipeline.py                           1           0  0.06s           2026-09-10T06:12:42
================================================================================
[2026-09-10T06:13:19.523+0000] {manager.py:879} INFO - 
================================================================================
DAG File Processing Stats

File Path                                     PID    Runtime      # DAGs    # Errors  Last Runtime    Last Run
--------------------------------------------  -----  ---------  --------  ----------  --------------  -------------------
/opt/airflow/dags/weekly_grocery_pipeline.py                           1           0  0.07s           2026-09-10T06:13:12
================================================================================
[2026-09-10T06:13:49.852+0000] {manager.py:879} INFO - 
================================================================================
DAG File Processing Stats

File Path                                     PID    Runtime      # DAGs    # Errors  Last Runtime    Last Run
--------------------------------------------  -----  ---------  --------  ----------  --------------  -------------------
/opt/airflow/dags/weekly_grocery_pipeline.py                           1           0  0.07s           2026-09-10T06:13:42
================================================================================
[2026-09-10T06:14:20.273+0000] {manager.py:879} INFO - 
================================================================================
DAG File Processing Stats

File Path                                     PID    Runtime      # DAGs    # Errors  Last Runtime    Last Run
--------------------------------------------  -----  ---------  --------  ----------  --------------  -------------------
/opt/airflow/dags/weekly_grocery_pipeline.py                           1           0  0.14s           2026-09-10T06:14:13
================================================================================
[2026-09-10T06:14:50.580+0000] {manager.py:879} INFO - 
================================================================================
DAG File Processing Stats

File Path                                     PID    Runtime      # DAGs    # Errors  Last Runtime    Last Run
--------------------------------------------  -----  ---------  --------  ----------  --------------  -------------------
/opt/airflow/dags/weekly_grocery_pipeline.py                           1           0  0.07s           2026-09-10T06:14:43
================================================================================
[2026-09-10T06:15:20.891+0000] {manager.py:879} INFO - 
================================================================================
DAG File Processing Stats

File Path                                     PID    Runtime      # DAGs    # Errors  Last Runtime    Last Run
--------------------------------------------  -----  ---------  --------  ----------  --------------  -------------------
/opt/airflow/dags/weekly_grocery_pipeline.py                           1           0  0.07s           2026-09-10T06:15:13
================================================================================
[2026-09-10T06:15:51.205+0000] {manager.py:879} INFO - 
================================================================================
DAG File Processing Stats

File Path                                     PID    Runtime      # DAGs    # Errors  Last Runtime    Last Run
--------------------------------------------  -----  ---------  --------  ----------  --------------  -------------------
/opt/airflow/dags/weekly_grocery_pipeline.py                           1           0  0.07s           2026-09-10T06:15:44
================================================================================
[2026-09-10T06:16:21.566+0000] {manager.py:879} INFO - 
================================================================================
DAG File Processing Stats

File Path                                     PID    Runtime      # DAGs    # Errors  Last Runtime    Last Run
--------------------------------------------  -----  ---------  --------  ----------  --------------  -------------------
/opt/airflow/dags/weekly_grocery_pipeline.py                           1           0  0.07s           2026-09-10T06:16:14
================================================================================
[2026-09-10T06:16:36.758+0000] {manager.py:738} INFO - Searching for files in /opt/airflow/dags
[2026-09-10T06:16:36.761+0000] {manager.py:741} INFO - There are 1 files in /opt/airflow/dags
[2026-09-10T06:16:51.981+0000] {manager.py:879} INFO - 
================================================================================
DAG File Processing Stats

File Path                                     PID    Runtime      # DAGs    # Errors  Last Runtime    Last Run
--------------------------------------------  -----  ---------  --------  ----------  --------------  -------------------
/opt/airflow/dags/weekly_grocery_pipeline.py                           1           0  0.07s           2026-09-10T06:16:44
================================================================================
[2026-09-10T06:17:22.311+0000] {manager.py:879} INFO - 
================================================================================
DAG File Processing Stats

File Path                                     PID    Runtime      # DAGs    # Errors  Last Runtime    Last Run
--------------------------------------------  -----  ---------  --------  ----------  --------------  -------------------
/opt/airflow/dags/weekly_grocery_pipeline.py                           1           0  0.07s           2026-09-10T06:17:15
================================================================================
[2026-09-10T06:17:52.681+0000] {manager.py:879} INFO - 
================================================================================
DAG File Processing Stats

File Path                                     PID    Runtime      # DAGs    # Errors  Last Runtime    Last Run
--------------------------------------------  -----  ---------  --------  ----------  --------------  -------------------
/opt/airflow/dags/weekly_grocery_pipeline.py                           1           0  0.06s           2026-09-10T06:17:45
================================================================================
[2026-09-10T06:18:23.054+0000] {manager.py:879} INFO - 
================================================================================
DAG File Processing Stats

File Path                                     PID    Runtime      # DAGs    # Errors  Last Runtime    Last Run
--------------------------------------------  -----  ---------  --------  ----------  --------------  -------------------
/opt/airflow/dags/weekly_grocery_pipeline.py                           1           0  0.07s           2026-09-10T06:18:16
================================================================================
[2026-09-10T06:18:53.418+0000] {manager.py:879} INFO - 
================================================================================
DAG File Processing Stats

File Path                                     PID    Runtime      # DAGs    # Errors  Last Runtime    Last Run
--------------------------------------------  -----  ---------  --------  ----------  --------------  -------------------
/opt/airflow/dags/weekly_grocery_pipeline.py                           1           0  0.07s           2026-09-10T06:18:46
================================================================================
[2026-09-10T06:19:23.772+0000] {manager.py:879} INFO - 
================================================================================
DAG File Processing Stats

File Path                                     PID    Runtime      # DAGs    # Errors  Last Runtime    Last Run
--------------------------------------------  -----  ---------  --------  ----------  --------------  -------------------
/opt/airflow/dags/weekly_grocery_pipeline.py                           1           0  0.07s           2026-09-10T06:19:16
================================================================================
[2026-09-10T06:19:54.184+0000] {manager.py:879} INFO - 
================================================================================
DAG File Processing Stats

File Path                                     PID    Runtime      # DAGs    # Errors  Last Runtime    Last Run
--------------------------------------------  -----  ---------  --------  ----------  --------------  -------------------
/opt/airflow/dags/weekly_grocery_pipeline.py                           1           0  0.07s           2026-09-10T06:19:47
================================================================================
[2026-09-10T06:20:24.573+0000] {manager.py:879} INFO - 
================================================================================
DAG File Processing Stats

File Path                                     PID    Runtime      # DAGs    # Errors  Last Runtime    Last Run
--------------------------------------------  -----  ---------  --------  ----------  --------------  -------------------
/opt/airflow/dags/weekly_grocery_pipeline.py                           1           0  0.07s           2026-09-10T06:20:17
================================================================================
[2026-09-10T06:20:54.891+0000] {manager.py:879} INFO - 
================================================================================
DAG File Processing Stats

File Path                                     PID    Runtime      # DAGs    # Errors  Last Runtime    Last Run
--------------------------------------------  -----  ---------  --------  ----------  --------------  -------------------
/opt/airflow/dags/weekly_grocery_pipeline.py                           1           0  0.07s           2026-09-10T06:20:47
================================================================================
[2026-09-10T06:21:25.189+0000] {manager.py:879} INFO - 
================================================================================
DAG File Processing Stats

File Path                                     PID    Runtime      # DAGs    # Errors  Last Runtime    Last Run
--------------------------------------------  -----  ---------  --------  ----------  --------------  -------------------
/opt/airflow/dags/weekly_grocery_pipeline.py                           1           0  0.05s           2026-09-10T06:21:18
================================================================================
[2026-09-10T06:21:37.312+0000] {manager.py:738} INFO - Searching for files in /opt/airflow/dags
[2026-09-10T06:21:37.315+0000] {manager.py:741} INFO - There are 1 files in /opt/airflow/dags
[2026-09-10T06:21:55.514+0000] {manager.py:879} INFO - 
================================================================================
DAG File Processing Stats

File Path                                     PID    Runtime      # DAGs    # Errors  Last Runtime    Last Run
--------------------------------------------  -----  ---------  --------  ----------  --------------  -------------------
/opt/airflow/dags/weekly_grocery_pipeline.py                           1           0  0.07s           2026-09-10T06:21:48
================================================================================
[2026-09-10T06:22:25.874+0000] {manager.py:879} INFO - 
================================================================================
DAG File Processing Stats

File Path                                     PID    Runtime      # DAGs    # Errors  Last Runtime    Last Run
--------------------------------------------  -----  ---------  --------  ----------  --------------  -------------------
/opt/airflow/dags/weekly_grocery_pipeline.py                           1           0  0.07s           2026-09-10T06:22:18
================================================================================
[2026-09-10T06:22:56.256+0000] {manager.py:879} INFO - 
================================================================================
DAG File Processing Stats

File Path                                     PID    Runtime      # DAGs    # Errors  Last Runtime    Last Run
--------------------------------------------  -----  ---------  --------  ----------  --------------  -------------------
/opt/airflow/dags/weekly_grocery_pipeline.py                           1           0  0.07s           2026-09-10T06:22:49
================================================================================
[2026-09-10T06:23:26.670+0000] {manager.py:879} INFO - 
================================================================================
DAG File Processing Stats

File Path                                     PID    Runtime      # DAGs    # Errors  Last Runtime    Last Run
--------------------------------------------  -----  ---------  --------  ----------  --------------  -------------------
/opt/airflow/dags/weekly_grocery_pipeline.py                           1           0  0.07s           2026-09-10T06:23:19
================================================================================
[2026-09-10T06:23:57.060+0000] {manager.py:879} INFO - 
================================================================================
DAG File Processing Stats

File Path                                     PID    Runtime      # DAGs    # Errors  Last Runtime    Last Run
--------------------------------------------  -----  ---------  --------  ----------  --------------  -------------------
/opt/airflow/dags/weekly_grocery_pipeline.py                           1           0  0.07s           2026-09-10T06:23:50
================================================================================
[2026-09-10T06:24:27.427+0000] {manager.py:879} INFO - 
================================================================================
DAG File Processing Stats

File Path                                     PID    Runtime      # DAGs    # Errors  Last Runtime    Last Run
--------------------------------------------  -----  ---------  --------  ----------  --------------  -------------------
/opt/airflow/dags/weekly_grocery_pipeline.py                           1           0  0.07s           2026-09-10T06:24:20
================================================================================
[2026-09-10T06:24:57.827+0000] {manager.py:879} INFO - 
================================================================================
DAG File Processing Stats

File Path                                     PID    Runtime      # DAGs    # Errors  Last Runtime    Last Run
--------------------------------------------  -----  ---------  --------  ----------  --------------  -------------------
/opt/airflow/dags/weekly_grocery_pipeline.py                           1           0  0.07s           2026-09-10T06:24:50
================================================================================
[2026-09-10T06:25:28.126+0000] {manager.py:879} INFO - 
================================================================================
DAG File Processing Stats

File Path                                     PID    Runtime      # DAGs    # Errors  Last Runtime    Last Run
--------------------------------------------  -----  ---------  --------  ----------  --------------  -------------------
/opt/airflow/dags/weekly_grocery_pipeline.py                           1           0  0.07s           2026-09-10T06:25:21
================================================================================
[2026-09-10T06:25:58.507+0000] {manager.py:879} INFO - 
================================================================================
DAG File Processing Stats

File Path                                     PID    Runtime      # DAGs    # Errors  Last Runtime    Last Run
--------------------------------------------  -----  ---------  --------  ----------  --------------  -------------------
/opt/airflow/dags/weekly_grocery_pipeline.py                           1           0  0.07s           2026-09-10T06:25:51
================================================================================
[2026-09-10T06:26:28.890+0000] {manager.py:879} INFO - 
================================================================================
DAG File Processing Stats

File Path                                     PID    Runtime      # DAGs    # Errors  Last Runtime    Last Run
--------------------------------------------  -----  ---------  --------  ----------  --------------  -------------------
/opt/airflow/dags/weekly_grocery_pipeline.py                           1           0  0.07s           2026-09-10T06:26:21
================================================================================
[2026-09-10T06:26:37.992+0000] {manager.py:738} INFO - Searching for files in /opt/airflow/dags
[2026-09-10T06:26:37.999+0000] {manager.py:741} INFO - There are 1 files in /opt/airflow/dags
[2026-09-10T06:26:59.284+0000] {manager.py:879} INFO - 
================================================================================
DAG File Processing Stats

File Path                                     PID    Runtime      # DAGs    # Errors  Last Runtime    Last Run
--------------------------------------------  -----  ---------  --------  ----------  --------------  -------------------
/opt/airflow/dags/weekly_grocery_pipeline.py                           1           0  0.07s           2026-09-10T06:26:52
================================================================================
[2026-09-10T06:27:29.682+0000] {manager.py:879} INFO - 
================================================================================
DAG File Processing Stats

File Path                                     PID    Runtime      # DAGs    # Errors  Last Runtime    Last Run
--------------------------------------------  -----  ---------  --------  ----------  --------------  -------------------
/opt/airflow/dags/weekly_grocery_pipeline.py                           1           0  0.07s           2026-09-10T06:27:22
================================================================================
[2026-09-10T06:28:00.075+0000] {manager.py:879} INFO - 
================================================================================
DAG File Processing Stats

File Path                                     PID    Runtime      # DAGs    # Errors  Last Runtime    Last Run
--------------------------------------------  -----  ---------  --------  ----------  --------------  -------------------
/opt/airflow/dags/weekly_grocery_pipeline.py                           1           0  0.07s           2026-09-10T06:27:53
================================================================================
[2026-09-10T06:28:30.430+0000] {manager.py:879} INFO - 
================================================================================
DAG File Processing Stats

File Path                                     PID    Runtime      # DAGs    # Errors  Last Runtime    Last Run
--------------------------------------------  -----  ---------  --------  ----------  --------------  -------------------
/opt/airflow/dags/weekly_grocery_pipeline.py                           1           0  0.07s           2026-09-10T06:28:23
================================================================================
[2026-09-10T06:29:00.807+0000] {manager.py:879} INFO - 
================================================================================
DAG File Processing Stats

File Path                                     PID    Runtime      # DAGs    # Errors  Last Runtime    Last Run
--------------------------------------------  -----  ---------  --------  ----------  --------------  -------------------
/opt/airflow/dags/weekly_grocery_pipeline.py                           1           0  0.07s           2026-09-10T06:28:53
================================================================================
[2026-09-10T06:29:31.186+0000] {manager.py:879} INFO - 
================================================================================
DAG File Processing Stats

File Path                                     PID    Runtime      # DAGs    # Errors  Last Runtime    Last Run
--------------------------------------------  -----  ---------  --------  ----------  --------------  -------------------
/opt/airflow/dags/weekly_grocery_pipeline.py                           1           0  0.07s           2026-09-10T06:29:24
================================================================================
[2026-09-10T06:30:01.512+0000] {manager.py:879} INFO - 
================================================================================
DAG File Processing Stats

File Path                                     PID    Runtime      # DAGs    # Errors  Last Runtime    Last Run
--------------------------------------------  -----  ---------  --------  ----------  --------------  -------------------
/opt/airflow/dags/weekly_grocery_pipeline.py                           1           0  0.11s           2026-09-10T06:29:54
================================================================================
[2026-09-10T06:30:31.814+0000] {manager.py:879} INFO - 
================================================================================
DAG File Processing Stats

File Path                                     PID    Runtime      # DAGs    # Errors  Last Runtime    Last Run
--------------------------------------------  -----  ---------  --------  ----------  --------------  -------------------
/opt/airflow/dags/weekly_grocery_pipeline.py                           1           0  0.07s           2026-09-10T06:30:24
================================================================================
[2026-09-10T06:31:02.147+0000] {manager.py:879} INFO - 
================================================================================
DAG File Processing Stats

File Path                                     PID    Runtime      # DAGs    # Errors  Last Runtime    Last Run
--------------------------------------------  -----  ---------  --------  ----------  --------------  -------------------
/opt/airflow/dags/weekly_grocery_pipeline.py                           1           0  0.07s           2026-09-10T06:30:55
================================================================================
[2026-09-10T06:31:32.523+0000] {manager.py:879} INFO - 
================================================================================
DAG File Processing Stats

File Path                                     PID    Runtime      # DAGs    # Errors  Last Runtime    Last Run
--------------------------------------------  -----  ---------  --------  ----------  --------------  -------------------
/opt/airflow/dags/weekly_grocery_pipeline.py                           1           0  0.07s           2026-09-10T06:31:25
================================================================================
[2026-09-10T06:31:38.607+0000] {manager.py:738} INFO - Searching for files in /opt/airflow/dags
[2026-09-10T06:31:38.616+0000] {manager.py:741} INFO - There are 1 files in /opt/airflow/dags
[2026-09-10T06:32:02.934+0000] {manager.py:879} INFO - 
================================================================================
DAG File Processing Stats

File Path                                     PID    Runtime      # DAGs    # Errors  Last Runtime    Last Run
--------------------------------------------  -----  ---------  --------  ----------  --------------  -------------------
/opt/airflow/dags/weekly_grocery_pipeline.py                           1           0  0.07s           2026-09-10T06:31:55
================================================================================
[2026-09-10T06:32:33.298+0000] {manager.py:879} INFO - 
================================================================================
DAG File Processing Stats

File Path                                     PID    Runtime      # DAGs    # Errors  Last Runtime    Last Run
--------------------------------------------  -----  ---------  --------  ----------  --------------  -------------------
/opt/airflow/dags/weekly_grocery_pipeline.py                           1           0  0.07s           2026-09-10T06:32:26
================================================================================
[2026-09-10T06:33:03.687+0000] {manager.py:879} INFO - 
================================================================================
DAG File Processing Stats

File Path                                     PID    Runtime      # DAGs    # Errors  Last Runtime    Last Run
--------------------------------------------  -----  ---------  --------  ----------  --------------  -------------------
/opt/airflow/dags/weekly_grocery_pipeline.py                           1           0  0.07s           2026-09-10T06:32:56
================================================================================
[2026-09-10T06:33:34.114+0000] {manager.py:879} INFO - 
================================================================================
DAG File Processing Stats

File Path                                     PID    Runtime      # DAGs    # Errors  Last Runtime    Last Run
--------------------------------------------  -----  ---------  --------  ----------  --------------  -------------------
/opt/airflow/dags/weekly_grocery_pipeline.py                           1           0  0.07s           2026-09-10T06:33:27
================================================================================
[2026-09-10T06:34:04.526+0000] {manager.py:879} INFO - 
================================================================================
DAG File Processing Stats

File Path                                     PID    Runtime      # DAGs    # Errors  Last Runtime    Last Run
--------------------------------------------  -----  ---------  --------  ----------  --------------  -------------------
/opt/airflow/dags/weekly_grocery_pipeline.py                           1           0  0.07s           2026-09-10T06:33:57
================================================================================
[2026-09-10T06:34:34.858+0000] {manager.py:879} INFO - 
================================================================================
DAG File Processing Stats

File Path                                     PID    Runtime      # DAGs    # Errors  Last Runtime    Last Run
--------------------------------------------  -----  ---------  --------  ----------  --------------  -------------------
/opt/airflow/dags/weekly_grocery_pipeline.py                           1           0  0.07s           2026-09-10T06:34:27
================================================================================
[2026-09-10T06:35:05.114+0000] {manager.py:879} INFO - 
================================================================================
DAG File Processing Stats

File Path                                     PID    Runtime      # DAGs    # Errors  Last Runtime    Last Run
--------------------------------------------  -----  ---------  --------  ----------  --------------  -------------------
/opt/airflow/dags/weekly_grocery_pipeline.py                           1           0  0.07s           2026-09-10T06:34:58
================================================================================
[2026-09-10T06:35:35.447+0000] {manager.py:879} INFO - 
================================================================================
DAG File Processing Stats

File Path                                     PID    Runtime      # DAGs    # Errors  Last Runtime    Last Run
--------------------------------------------  -----  ---------  --------  ----------  --------------  -------------------
/opt/airflow/dags/weekly_grocery_pipeline.py                           1           0  0.05s           2026-09-10T06:35:28
================================================================================
[2026-09-10T06:36:05.799+0000] {manager.py:879} INFO - 
================================================================================
DAG File Processing Stats

File Path                                     PID    Runtime      # DAGs    # Errors  Last Runtime    Last Run
--------------------------------------------  -----  ---------  --------  ----------  --------------  -------------------
/opt/airflow/dags/weekly_grocery_pipeline.py                           1           0  0.07s           2026-09-10T06:35:58
================================================================================
[2026-09-10T06:36:36.097+0000] {manager.py:879} INFO - 
================================================================================
DAG File Processing Stats

File Path                                     PID    Runtime      # DAGs    # Errors  Last Runtime    Last Run
--------------------------------------------  -----  ---------  --------  ----------  --------------  -------------------
/opt/airflow/dags/weekly_grocery_pipeline.py                           1           0  0.07s           2026-09-10T06:36:29
================================================================================
[2026-09-10T06:36:39.124+0000] {manager.py:738} INFO - Searching for files in /opt/airflow/dags
[2026-09-10T06:36:39.132+0000] {manager.py:741} INFO - There are 1 files in /opt/airflow/dags
[2026-09-10T06:37:06.499+0000] {manager.py:879} INFO - 
================================================================================
DAG File Processing Stats

File Path                                     PID    Runtime      # DAGs    # Errors  Last Runtime    Last Run
--------------------------------------------  -----  ---------  --------  ----------  --------------  -------------------
/opt/airflow/dags/weekly_grocery_pipeline.py                           1           0  0.06s           2026-09-10T06:36:59
================================================================================
[2026-09-10T06:37:36.889+0000] {manager.py:879} INFO - 
================================================================================
DAG File Processing Stats

File Path                                     PID    Runtime      # DAGs    # Errors  Last Runtime    Last Run
--------------------------------------------  -----  ---------  --------  ----------  --------------  -------------------
/opt/airflow/dags/weekly_grocery_pipeline.py                           1           0  0.07s           2026-09-10T06:37:29
================================================================================
[2026-09-10T06:38:07.292+0000] {manager.py:879} INFO - 
================================================================================
DAG File Processing Stats

File Path                                     PID    Runtime      # DAGs    # Errors  Last Runtime    Last Run
--------------------------------------------  -----  ---------  --------  ----------  --------------  -------------------
/opt/airflow/dags/weekly_grocery_pipeline.py                           1           0  0.07s           2026-09-10T06:38:00
================================================================================
[2026-09-10T06:38:37.664+0000] {manager.py:879} INFO - 
================================================================================
DAG File Processing Stats

File Path                                     PID    Runtime      # DAGs    # Errors  Last Runtime    Last Run
--------------------------------------------  -----  ---------  --------  ----------  --------------  -------------------
/opt/airflow/dags/weekly_grocery_pipeline.py                           1           0  0.07s           2026-09-10T06:38:30
================================================================================
[2026-09-10T06:39:08.042+0000] {manager.py:879} INFO - 
================================================================================
DAG File Processing Stats

File Path                                     PID    Runtime      # DAGs    # Errors  Last Runtime    Last Run
--------------------------------------------  -----  ---------  --------  ----------  --------------  -------------------
/opt/airflow/dags/weekly_grocery_pipeline.py                           1           0  0.07s           2026-09-10T06:39:01
================================================================================
[2026-09-10T06:39:38.396+0000] {manager.py:879} INFO - 
================================================================================
DAG File Processing Stats

File Path                                     PID    Runtime      # DAGs    # Errors  Last Runtime    Last Run
--------------------------------------------  -----  ---------  --------  ----------  --------------  -------------------
/opt/airflow/dags/weekly_grocery_pipeline.py                           1           0  0.07s           2026-09-10T06:39:31
================================================================================
[2026-09-10T06:40:08.716+0000] {manager.py:879} INFO - 
================================================================================
DAG File Processing Stats

File Path                                     PID    Runtime      # DAGs    # Errors  Last Runtime    Last Run
--------------------------------------------  -----  ---------  --------  ----------  --------------  -------------------
/opt/airflow/dags/weekly_grocery_pipeline.py                           1           0  0.07s           2026-09-10T06:40:01
================================================================================
[2026-09-10T06:40:39.020+0000] {manager.py:879} INFO - 
================================================================================
DAG File Processing Stats

File Path                                     PID    Runtime      # DAGs    # Errors  Last Runtime    Last Run
--------------------------------------------  -----  ---------  --------  ----------  --------------  -------------------
/opt/airflow/dags/weekly_grocery_pipeline.py                           1           0  0.08s           2026-09-10T06:40:32
================================================================================
[2026-09-10T06:41:09.379+0000] {manager.py:879} INFO - 
================================================================================
DAG File Processing Stats

File Path                                     PID    Runtime      # DAGs    # Errors  Last Runtime    Last Run
--------------------------------------------  -----  ---------  --------  ----------  --------------  -------------------
/opt/airflow/dags/weekly_grocery_pipeline.py                           1           0  0.06s           2026-09-10T06:41:02
================================================================================
[2026-09-10T06:41:39.777+0000] {manager.py:738} INFO - Searching for files in /opt/airflow/dags
[2026-09-10T06:41:39.786+0000] {manager.py:741} INFO - There are 1 files in /opt/airflow/dags
[2026-09-10T06:41:39.795+0000] {manager.py:879} INFO - 
================================================================================
DAG File Processing Stats

File Path                                     PID    Runtime      # DAGs    # Errors  Last Runtime    Last Run
--------------------------------------------  -----  ---------  --------  ----------  --------------  -------------------
/opt/airflow/dags/weekly_grocery_pipeline.py                           1           0  0.07s           2026-09-10T06:41:32
================================================================================
[2026-09-10T06:42:10.154+0000] {manager.py:879} INFO - 
================================================================================
DAG File Processing Stats

File Path                                     PID    Runtime      # DAGs    # Errors  Last Runtime    Last Run
--------------------------------------------  -----  ---------  --------  ----------  --------------  -------------------
/opt/airflow/dags/weekly_grocery_pipeline.py                           1           0  0.07s           2026-09-10T06:42:03
================================================================================
[2026-09-10T06:42:40.513+0000] {manager.py:879} INFO - 
================================================================================
DAG File Processing Stats

File Path                                     PID    Runtime      # DAGs    # Errors  Last Runtime    Last Run
--------------------------------------------  -----  ---------  --------  ----------  --------------  -------------------
/opt/airflow/dags/weekly_grocery_pipeline.py                           1           0  0.08s           2026-09-10T06:42:33
================================================================================
[2026-09-10T06:43:10.861+0000] {manager.py:879} INFO - 
================================================================================
DAG File Processing Stats

File Path                                     PID    Runtime      # DAGs    # Errors  Last Runtime    Last Run
--------------------------------------------  -----  ---------  --------  ----------  --------------  -------------------
/opt/airflow/dags/weekly_grocery_pipeline.py                           1           0  0.07s           2026-09-10T06:43:03
================================================================================
[2026-09-10T06:43:41.271+0000] {manager.py:879} INFO - 
================================================================================
DAG File Processing Stats

File Path                                     PID    Runtime      # DAGs    # Errors  Last Runtime    Last Run
--------------------------------------------  -----  ---------  --------  ----------  --------------  -------------------
/opt/airflow/dags/weekly_grocery_pipeline.py                           1           0  0.07s           2026-09-10T06:43:34
================================================================================
[2026-09-10T06:44:11.540+0000] {manager.py:879} INFO - 
================================================================================
DAG File Processing Stats

File Path                                     PID    Runtime      # DAGs    # Errors  Last Runtime    Last Run
--------------------------------------------  -----  ---------  --------  ----------  --------------  -------------------
/opt/airflow/dags/weekly_grocery_pipeline.py                           1           0  0.06s           2026-09-10T06:44:04
================================================================================
[2026-09-10T06:44:41.892+0000] {manager.py:879} INFO - 
================================================================================
DAG File Processing Stats

File Path                                     PID    Runtime      # DAGs    # Errors  Last Runtime    Last Run
--------------------------------------------  -----  ---------  --------  ----------  --------------  -------------------
/opt/airflow/dags/weekly_grocery_pipeline.py                           1           0  0.07s           2026-09-10T06:44:34
================================================================================
[2026-09-10T06:45:12.300+0000] {manager.py:879} INFO - 
================================================================================
DAG File Processing Stats

File Path                                     PID    Runtime      # DAGs    # Errors  Last Runtime    Last Run
--------------------------------------------  -----  ---------  --------  ----------  --------------  -------------------
/opt/airflow/dags/weekly_grocery_pipeline.py                           1           0  0.07s           2026-09-10T06:45:05
================================================================================
[2026-09-10T06:45:42.629+0000] {manager.py:879} INFO - 
================================================================================
DAG File Processing Stats

File Path                                     PID    Runtime      # DAGs    # Errors  Last Runtime    Last Run
--------------------------------------------  -----  ---------  --------  ----------  --------------  -------------------
/opt/airflow/dags/weekly_grocery_pipeline.py                           1           0  0.07s           2026-09-10T06:45:35
================================================================================
[2026-09-10T06:46:13.008+0000] {manager.py:879} INFO - 
================================================================================
DAG File Processing Stats

File Path                                     PID    Runtime      # DAGs    # Errors  Last Runtime    Last Run
--------------------------------------------  -----  ---------  --------  ----------  --------------  -------------------
/opt/airflow/dags/weekly_grocery_pipeline.py                           1           0  0.07s           2026-09-10T06:46:05
================================================================================
[2026-09-10T06:46:40.329+0000] {manager.py:738} INFO - Searching for files in /opt/airflow/dags
[2026-09-10T06:46:40.338+0000] {manager.py:741} INFO - There are 1 files in /opt/airflow/dags
[2026-09-10T06:46:43.367+0000] {manager.py:879} INFO - 
================================================================================
DAG File Processing Stats

File Path                                     PID    Runtime      # DAGs    # Errors  Last Runtime    Last Run
--------------------------------------------  -----  ---------  --------  ----------  --------------  -------------------
/opt/airflow/dags/weekly_grocery_pipeline.py                           1           0  0.07s           2026-09-10T06:46:36
================================================================================
[2026-09-10T06:47:13.733+0000] {manager.py:879} INFO - 
================================================================================
DAG File Processing Stats

File Path                                     PID    Runtime      # DAGs    # Errors  Last Runtime    Last Run
--------------------------------------------  -----  ---------  --------  ----------  --------------  -------------------
/opt/airflow/dags/weekly_grocery_pipeline.py                           1           0  0.07s           2026-09-10T06:47:06
================================================================================
[2026-09-10T06:47:44.099+0000] {manager.py:879} INFO - 
================================================================================
DAG File Processing Stats

File Path                                     PID    Runtime      # DAGs    # Errors  Last Runtime    Last Run
--------------------------------------------  -----  ---------  --------  ----------  --------------  -------------------
/opt/airflow/dags/weekly_grocery_pipeline.py                           1           0  0.07s           2026-09-10T06:47:37
================================================================================
[2026-09-10T06:48:14.432+0000] {manager.py:879} INFO - 
================================================================================
DAG File Processing Stats

File Path                                     PID    Runtime      # DAGs    # Errors  Last Runtime    Last Run
--------------------------------------------  -----  ---------  --------  ----------  --------------  -------------------
/opt/airflow/dags/weekly_grocery_pipeline.py                           1           0  0.07s           2026-09-10T06:48:07
================================================================================
[2026-09-10T06:48:44.796+0000] {manager.py:879} INFO - 
================================================================================
DAG File Processing Stats

File Path                                     PID    Runtime      # DAGs    # Errors  Last Runtime    Last Run
--------------------------------------------  -----  ---------  --------  ----------  --------------  -------------------
/opt/airflow/dags/weekly_grocery_pipeline.py                           1           0  0.07s           2026-09-10T06:48:37
================================================================================
[2026-09-10T06:49:15.177+0000] {manager.py:879} INFO - 
================================================================================
DAG File Processing Stats

File Path                                     PID    Runtime      # DAGs    # Errors  Last Runtime    Last Run
--------------------------------------------  -----  ---------  --------  ----------  --------------  -------------------
/opt/airflow/dags/weekly_grocery_pipeline.py                           1           0  0.07s           2026-09-10T06:49:08
================================================================================
[2026-09-10T06:49:45.533+0000] {manager.py:879} INFO - 
================================================================================
DAG File Processing Stats

File Path                                     PID    Runtime      # DAGs    # Errors  Last Runtime    Last Run
--------------------------------------------  -----  ---------  --------  ----------  --------------  -------------------
/opt/airflow/dags/weekly_grocery_pipeline.py                           1           0  0.05s           2026-09-10T06:49:38
================================================================================
[2026-09-10T06:50:15.984+0000] {manager.py:879} INFO - 
================================================================================
DAG File Processing Stats

File Path                                     PID    Runtime      # DAGs    # Errors  Last Runtime    Last Run
--------------------------------------------  -----  ---------  --------  ----------  --------------  -------------------
/opt/airflow/dags/weekly_grocery_pipeline.py                           1           0  0.11s           2026-09-10T06:50:08
================================================================================
[2026-09-10T06:50:46.349+0000] {manager.py:879} INFO - 
================================================================================
DAG File Processing Stats

File Path                                     PID    Runtime      # DAGs    # Errors  Last Runtime    Last Run
--------------------------------------------  -----  ---------  --------  ----------  --------------  -------------------
/opt/airflow/dags/weekly_grocery_pipeline.py                           1           0  0.07s           2026-09-10T06:50:39
================================================================================
[2026-09-10T06:51:16.685+0000] {manager.py:879} INFO - 
================================================================================
DAG File Processing Stats

File Path                                     PID    Runtime      # DAGs    # Errors  Last Runtime    Last Run
--------------------------------------------  -----  ---------  --------  ----------  --------------  -------------------
/opt/airflow/dags/weekly_grocery_pipeline.py                           1           0  0.07s           2026-09-10T06:51:09
================================================================================
[2026-09-10T06:51:40.932+0000] {manager.py:738} INFO - Searching for files in /opt/airflow/dags
[2026-09-10T06:51:40.940+0000] {manager.py:741} INFO - There are 1 files in /opt/airflow/dags
[2026-09-10T06:51:47.027+0000] {manager.py:879} INFO - 
================================================================================
DAG File Processing Stats

File Path                                     PID    Runtime      # DAGs    # Errors  Last Runtime    Last Run
--------------------------------------------  -----  ---------  --------  ----------  --------------  -------------------
/opt/airflow/dags/weekly_grocery_pipeline.py                           1           0  0.07s           2026-09-10T06:51:39
================================================================================
[2026-09-10T06:52:17.396+0000] {manager.py:879} INFO - 
================================================================================
DAG File Processing Stats

File Path                                     PID    Runtime      # DAGs    # Errors  Last Runtime    Last Run
--------------------------------------------  -----  ---------  --------  ----------  --------------  -------------------
/opt/airflow/dags/weekly_grocery_pipeline.py                           1           0  0.07s           2026-09-10T06:52:10
================================================================================
[2026-09-10T06:52:47.756+0000] {manager.py:879} INFO - 
================================================================================
DAG File Processing Stats

File Path                                     PID    Runtime      # DAGs    # Errors  Last Runtime    Last Run
--------------------------------------------  -----  ---------  --------  ----------  --------------  -------------------
/opt/airflow/dags/weekly_grocery_pipeline.py                           1           0  0.07s           2026-09-10T06:52:40
================================================================================
[2026-09-10T06:53:18.157+0000] {manager.py:879} INFO - 
================================================================================
DAG File Processing Stats

File Path                                     PID    Runtime      # DAGs    # Errors  Last Runtime    Last Run
--------------------------------------------  -----  ---------  --------  ----------  --------------  -------------------
/opt/airflow/dags/weekly_grocery_pipeline.py                           1           0  0.10s           2026-09-10T06:53:11
================================================================================
[2026-09-10T06:53:48.569+0000] {manager.py:879} INFO - 
================================================================================
DAG File Processing Stats

File Path                                     PID    Runtime      # DAGs    # Errors  Last Runtime    Last Run
--------------------------------------------  -----  ---------  --------  ----------  --------------  -------------------
/opt/airflow/dags/weekly_grocery_pipeline.py                           1           0  0.07s           2026-09-10T06:53:41
================================================================================
[2026-09-10T06:54:18.948+0000] {manager.py:879} INFO - 
================================================================================
DAG File Processing Stats

File Path                                     PID    Runtime      # DAGs    # Errors  Last Runtime    Last Run
--------------------------------------------  -----  ---------  --------  ----------  --------------  -------------------
/opt/airflow/dags/weekly_grocery_pipeline.py                           1           0  0.06s           2026-09-10T06:54:11
================================================================================
[2026-09-10T06:54:49.321+0000] {manager.py:879} INFO - 
================================================================================
DAG File Processing Stats

File Path                                     PID    Runtime      # DAGs    # Errors  Last Runtime    Last Run
--------------------------------------------  -----  ---------  --------  ----------  --------------  -------------------
/opt/airflow/dags/weekly_grocery_pipeline.py                           1           0  0.07s           2026-09-10T06:54:42
================================================================================
[2026-09-10T06:55:19.665+0000] {manager.py:879} INFO - 
================================================================================
DAG File Processing Stats

File Path                                     PID    Runtime      # DAGs    # Errors  Last Runtime    Last Run
--------------------------------------------  -----  ---------  --------  ----------  --------------  -------------------
/opt/airflow/dags/weekly_grocery_pipeline.py                           1           0  0.07s           2026-09-10T06:55:12
================================================================================
[2026-09-10T06:55:49.933+0000] {manager.py:879} INFO - 
================================================================================
DAG File Processing Stats

File Path                                     PID    Runtime      # DAGs    # Errors  Last Runtime    Last Run
--------------------------------------------  -----  ---------  --------  ----------  --------------  -------------------
/opt/airflow/dags/weekly_grocery_pipeline.py                           1           0  0.06s           2026-09-10T06:55:42
================================================================================
[2026-09-10T06:56:20.181+0000] {manager.py:879} INFO - 
================================================================================
DAG File Processing Stats

File Path                                     PID    Runtime      # DAGs    # Errors  Last Runtime    Last Run
--------------------------------------------  -----  ---------  --------  ----------  --------------  -------------------
/opt/airflow/dags/weekly_grocery_pipeline.py                           1           0  0.05s           2026-09-10T06:56:13
================================================================================
[2026-09-10T06:56:41.413+0000] {manager.py:738} INFO - Searching for files in /opt/airflow/dags
[2026-09-10T06:56:41.422+0000] {manager.py:741} INFO - There are 1 files in /opt/airflow/dags
[2026-09-10T06:56:50.563+0000] {manager.py:879} INFO - 
================================================================================
DAG File Processing Stats

File Path                                     PID    Runtime      # DAGs    # Errors  Last Runtime    Last Run
--------------------------------------------  -----  ---------  --------  ----------  --------------  -------------------
/opt/airflow/dags/weekly_grocery_pipeline.py                           1           0  0.07s           2026-09-10T06:56:43
================================================================================
[2026-09-10T06:57:20.948+0000] {manager.py:879} INFO - 
================================================================================
DAG File Processing Stats

File Path                                     PID    Runtime      # DAGs    # Errors  Last Runtime    Last Run
--------------------------------------------  -----  ---------  --------  ----------  --------------  -------------------
/opt/airflow/dags/weekly_grocery_pipeline.py                           1           0  0.07s           2026-09-10T06:57:13
================================================================================
[2026-09-10T06:57:51.324+0000] {manager.py:879} INFO - 
================================================================================
DAG File Processing Stats

File Path                                     PID    Runtime      # DAGs    # Errors  Last Runtime    Last Run
--------------------------------------------  -----  ---------  --------  ----------  --------------  -------------------
/opt/airflow/dags/weekly_grocery_pipeline.py                           1           0  0.07s           2026-09-10T06:57:44
================================================================================
[2026-09-10T06:58:21.703+0000] {manager.py:879} INFO - 
================================================================================
DAG File Processing Stats

File Path                                     PID    Runtime      # DAGs    # Errors  Last Runtime    Last Run
--------------------------------------------  -----  ---------  --------  ----------  --------------  -------------------
/opt/airflow/dags/weekly_grocery_pipeline.py                           1           0  0.06s           2026-09-10T06:58:14
================================================================================
[2026-09-10T06:58:52.091+0000] {manager.py:879} INFO - 
================================================================================
DAG File Processing Stats

File Path                                     PID    Runtime      # DAGs    # Errors  Last Runtime    Last Run
--------------------------------------------  -----  ---------  --------  ----------  --------------  -------------------
/opt/airflow/dags/weekly_grocery_pipeline.py                           1           0  0.07s           2026-09-10T06:58:45
================================================================================
[2026-09-10T06:59:22.480+0000] {manager.py:879} INFO - 
================================================================================
DAG File Processing Stats

File Path                                     PID    Runtime      # DAGs    # Errors  Last Runtime    Last Run
--------------------------------------------  -----  ---------  --------  ----------  --------------  -------------------
/opt/airflow/dags/weekly_grocery_pipeline.py                           1           0  0.07s           2026-09-10T06:59:15
================================================================================
[2026-09-10T06:59:52.784+0000] {manager.py:879} INFO - 
================================================================================
DAG File Processing Stats

File Path                                     PID    Runtime      # DAGs    # Errors  Last Runtime    Last Run
--------------------------------------------  -----  ---------  --------  ----------  --------------  -------------------
/opt/airflow/dags/weekly_grocery_pipeline.py                           1           0  0.07s           2026-09-10T06:59:45
================================================================================
[2026-09-10T07:00:23.205+0000] {manager.py:879} INFO - 
================================================================================
DAG File Processing Stats

File Path                                     PID    Runtime      # DAGs    # Errors  Last Runtime    Last Run
--------------------------------------------  -----  ---------  --------  ----------  --------------  -------------------
/opt/airflow/dags/weekly_grocery_pipeline.py                           1           0  0.13s           2026-09-10T07:00:16
================================================================================
[2026-09-10T07:00:53.572+0000] {manager.py:879} INFO - 
================================================================================
DAG File Processing Stats

File Path                                     PID    Runtime      # DAGs    # Errors  Last Runtime    Last Run
--------------------------------------------  -----  ---------  --------  ----------  --------------  -------------------
/opt/airflow/dags/weekly_grocery_pipeline.py                           1           0  0.07s           2026-09-10T07:00:46
================================================================================
[2026-09-10T07:01:23.962+0000] {manager.py:879} INFO - 
================================================================================
DAG File Processing Stats

File Path                                     PID    Runtime      # DAGs    # Errors  Last Runtime    Last Run
--------------------------------------------  -----  ---------  --------  ----------  --------------  -------------------
/opt/airflow/dags/weekly_grocery_pipeline.py                           1           0  0.07s           2026-09-10T07:01:16
================================================================================
[2026-09-10T07:01:42.182+0000] {manager.py:738} INFO - Searching for files in /opt/airflow/dags
[2026-09-10T07:01:42.187+0000] {manager.py:741} INFO - There are 1 files in /opt/airflow/dags
[2026-09-10T07:01:54.340+0000] {manager.py:879} INFO - 
================================================================================
DAG File Processing Stats

File Path                                     PID    Runtime      # DAGs    # Errors  Last Runtime    Last Run
--------------------------------------------  -----  ---------  --------  ----------  --------------  -------------------
/opt/airflow/dags/weekly_grocery_pipeline.py                           1           0  0.08s           2026-09-10T07:01:47
================================================================================
[2026-09-10T07:02:24.704+0000] {manager.py:879} INFO - 
================================================================================
DAG File Processing Stats

File Path                                     PID    Runtime      # DAGs    # Errors  Last Runtime    Last Run
--------------------------------------------  -----  ---------  --------  ----------  --------------  -------------------
/opt/airflow/dags/weekly_grocery_pipeline.py                           1           0  0.07s           2026-09-10T07:02:17
================================================================================
[2026-09-10T07:02:55.087+0000] {manager.py:879} INFO - 
================================================================================
DAG File Processing Stats

File Path                                     PID    Runtime      # DAGs    # Errors  Last Runtime    Last Run
--------------------------------------------  -----  ---------  --------  ----------  --------------  -------------------
/opt/airflow/dags/weekly_grocery_pipeline.py                           1           0  0.07s           2026-09-10T07:02:48
================================================================================
[2026-09-10T07:03:25.451+0000] {manager.py:879} INFO - 
================================================================================
DAG File Processing Stats

File Path                                     PID    Runtime      # DAGs    # Errors  Last Runtime    Last Run
--------------------------------------------  -----  ---------  --------  ----------  --------------  -------------------
/opt/airflow/dags/weekly_grocery_pipeline.py                           1           0  0.11s           2026-09-10T07:03:18
================================================================================
[2026-09-10T07:03:55.753+0000] {manager.py:879} INFO - 
================================================================================
DAG File Processing Stats

File Path                                     PID    Runtime      # DAGs    # Errors  Last Runtime    Last Run
--------------------------------------------  -----  ---------  --------  ----------  --------------  -------------------
/opt/airflow/dags/weekly_grocery_pipeline.py                           1           0  0.06s           2026-09-10T07:03:48
================================================================================
[2026-09-10T07:04:26.100+0000] {manager.py:879} INFO - 
================================================================================
DAG File Processing Stats

File Path                                     PID    Runtime      # DAGs    # Errors  Last Runtime    Last Run
--------------------------------------------  -----  ---------  --------  ----------  --------------  -------------------
/opt/airflow/dags/weekly_grocery_pipeline.py                           1           0  0.07s           2026-09-10T07:04:19
================================================================================
[2026-09-10T07:04:56.473+0000] {manager.py:879} INFO - 
================================================================================
DAG File Processing Stats

File Path                                     PID    Runtime      # DAGs    # Errors  Last Runtime    Last Run
--------------------------------------------  -----  ---------  --------  ----------  --------------  -------------------
/opt/airflow/dags/weekly_grocery_pipeline.py                           1           0  0.07s           2026-09-10T07:04:49
================================================================================
[2026-09-10T07:05:26.862+0000] {manager.py:879} INFO - 
================================================================================
DAG File Processing Stats

File Path                                     PID    Runtime      # DAGs    # Errors  Last Runtime    Last Run
--------------------------------------------  -----  ---------  --------  ----------  --------------  -------------------
/opt/airflow/dags/weekly_grocery_pipeline.py                           1           0  0.07s           2026-09-10T07:05:19
================================================================================
[2026-09-10T07:05:57.240+0000] {manager.py:879} INFO - 
================================================================================
DAG File Processing Stats

File Path                                     PID    Runtime      # DAGs    # Errors  Last Runtime    Last Run
--------------------------------------------  -----  ---------  --------  ----------  --------------  -------------------
/opt/airflow/dags/weekly_grocery_pipeline.py                           1           0  0.07s           2026-09-10T07:05:50
================================================================================
[2026-09-10T07:06:27.619+0000] {manager.py:879} INFO - 
================================================================================
DAG File Processing Stats

File Path                                     PID    Runtime      # DAGs    # Errors  Last Runtime    Last Run
--------------------------------------------  -----  ---------  --------  ----------  --------------  -------------------
/opt/airflow/dags/weekly_grocery_pipeline.py                           1           0  0.07s           2026-09-10T07:06:20
================================================================================
[2026-09-10T07:06:42.810+0000] {manager.py:738} INFO - Searching for files in /opt/airflow/dags
[2026-09-10T07:06:42.818+0000] {manager.py:741} INFO - There are 1 files in /opt/airflow/dags
[2026-09-10T07:06:57.984+0000] {manager.py:879} INFO - 
================================================================================
DAG File Processing Stats

File Path                                     PID    Runtime      # DAGs    # Errors  Last Runtime    Last Run
--------------------------------------------  -----  ---------  --------  ----------  --------------  -------------------
/opt/airflow/dags/weekly_grocery_pipeline.py                           1           0  0.07s           2026-09-10T07:06:50
================================================================================
[2026-09-10T07:07:28.268+0000] {manager.py:879} INFO - 
================================================================================
DAG File Processing Stats

File Path                                     PID    Runtime      # DAGs    # Errors  Last Runtime    Last Run
--------------------------------------------  -----  ---------  --------  ----------  --------------  -------------------
/opt/airflow/dags/weekly_grocery_pipeline.py                           1           0  0.07s           2026-09-10T07:07:21
================================================================================
[2026-09-10T07:07:58.658+0000] {manager.py:879} INFO - 
================================================================================
DAG File Processing Stats

File Path                                     PID    Runtime      # DAGs    # Errors  Last Runtime    Last Run
--------------------------------------------  -----  ---------  --------  ----------  --------------  -------------------
/opt/airflow/dags/weekly_grocery_pipeline.py                           1           0  0.07s           2026-09-10T07:07:51
================================================================================
[2026-09-10T07:08:29.047+0000] {manager.py:879} INFO - 
================================================================================
DAG File Processing Stats

File Path                                     PID    Runtime      # DAGs    # Errors  Last Runtime    Last Run
--------------------------------------------  -----  ---------  --------  ----------  --------------  -------------------
/opt/airflow/dags/weekly_grocery_pipeline.py                           1           0  0.07s           2026-09-10T07:08:22
================================================================================
[2026-09-10T07:08:59.401+0000] {manager.py:879} INFO - 
================================================================================
DAG File Processing Stats

File Path                                     PID    Runtime      # DAGs    # Errors  Last Runtime    Last Run
--------------------------------------------  -----  ---------  --------  ----------  --------------  -------------------
/opt/airflow/dags/weekly_grocery_pipeline.py                           1           0  0.07s           2026-09-10T07:08:52
================================================================================
[2026-09-10T07:09:29.768+0000] {manager.py:879} INFO - 
================================================================================
DAG File Processing Stats

File Path                                     PID    Runtime      # DAGs    # Errors  Last Runtime    Last Run
--------------------------------------------  -----  ---------  --------  ----------  --------------  -------------------
/opt/airflow/dags/weekly_grocery_pipeline.py                           1           0  0.05s           2026-09-10T07:09:22
================================================================================
[2026-09-10T07:10:00.141+0000] {manager.py:879} INFO - 
================================================================================
DAG File Processing Stats

File Path                                     PID    Runtime      # DAGs    # Errors  Last Runtime    Last Run
--------------------------------------------  -----  ---------  --------  ----------  --------------  -------------------
/opt/airflow/dags/weekly_grocery_pipeline.py                           1           0  0.07s           2026-09-10T07:09:53
================================================================================
[2026-09-10T07:10:30.498+0000] {manager.py:879} INFO - 
================================================================================
DAG File Processing Stats

File Path                                     PID    Runtime      # DAGs    # Errors  Last Runtime    Last Run
--------------------------------------------  -----  ---------  --------  ----------  --------------  -------------------
/opt/airflow/dags/weekly_grocery_pipeline.py                           1           0  0.07s           2026-09-10T07:10:23
================================================================================
[2026-09-10T07:11:00.838+0000] {manager.py:879} INFO - 
================================================================================
DAG File Processing Stats

File Path                                     PID    Runtime      # DAGs    # Errors  Last Runtime    Last Run
--------------------------------------------  -----  ---------  --------  ----------  --------------  -------------------
/opt/airflow/dags/weekly_grocery_pipeline.py                           1           0  0.08s           2026-09-10T07:10:53
================================================================================
[2026-09-10T07:11:31.202+0000] {manager.py:879} INFO - 
================================================================================
DAG File Processing Stats

File Path                                     PID    Runtime      # DAGs    # Errors  Last Runtime    Last Run
--------------------------------------------  -----  ---------  --------  ----------  --------------  -------------------
/opt/airflow/dags/weekly_grocery_pipeline.py                           1           0  0.12s           2026-09-10T07:11:24
================================================================================
[2026-09-10T07:11:43.324+0000] {manager.py:738} INFO - Searching for files in /opt/airflow/dags
[2026-09-10T07:11:43.332+0000] {manager.py:741} INFO - There are 1 files in /opt/airflow/dags
[2026-09-10T07:12:01.623+0000] {manager.py:879} INFO - 
================================================================================
DAG File Processing Stats

File Path                                     PID    Runtime      # DAGs    # Errors  Last Runtime    Last Run
--------------------------------------------  -----  ---------  --------  ----------  --------------  -------------------
/opt/airflow/dags/weekly_grocery_pipeline.py                           1           0  0.07s           2026-09-10T07:11:54
================================================================================
[2026-09-10T07:12:31.983+0000] {manager.py:879} INFO - 
================================================================================
DAG File Processing Stats

File Path                                     PID    Runtime      # DAGs    # Errors  Last Runtime    Last Run
--------------------------------------------  -----  ---------  --------  ----------  --------------  -------------------
/opt/airflow/dags/weekly_grocery_pipeline.py                           1           0  0.07s           2026-09-10T07:12:24
================================================================================
[2026-09-10T07:13:02.320+0000] {manager.py:879} INFO - 
================================================================================
DAG File Processing Stats

File Path                                     PID    Runtime      # DAGs    # Errors  Last Runtime    Last Run
--------------------------------------------  -----  ---------  --------  ----------  --------------  -------------------
/opt/airflow/dags/weekly_grocery_pipeline.py                           1           0  0.07s           2026-09-10T07:12:55
================================================================================
[2026-09-10T07:13:32.708+0000] {manager.py:879} INFO - 
================================================================================
DAG File Processing Stats

File Path                                     PID    Runtime      # DAGs    # Errors  Last Runtime    Last Run
--------------------------------------------  -----  ---------  --------  ----------  --------------  -------------------
/opt/airflow/dags/weekly_grocery_pipeline.py                           1           0  0.07s           2026-09-10T07:13:25
================================================================================
[2026-09-10T07:14:03.112+0000] {manager.py:879} INFO - 
================================================================================
DAG File Processing Stats

File Path                                     PID    Runtime      # DAGs    # Errors  Last Runtime    Last Run
--------------------------------------------  -----  ---------  --------  ----------  --------------  -------------------
/opt/airflow/dags/weekly_grocery_pipeline.py                           1           0  0.07s           2026-09-10T07:13:56
================================================================================
[2026-09-10T07:14:33.452+0000] {manager.py:879} INFO - 
================================================================================
DAG File Processing Stats

File Path                                     PID    Runtime      # DAGs    # Errors  Last Runtime    Last Run
--------------------------------------------  -----  ---------  --------  ----------  --------------  -------------------
/opt/airflow/dags/weekly_grocery_pipeline.py                           1           0  0.07s           2026-09-10T07:14:26
================================================================================
[2026-09-10T07:15:03.747+0000] {manager.py:879} INFO - 
================================================================================
DAG File Processing Stats

File Path                                     PID    Runtime      # DAGs    # Errors  Last Runtime    Last Run
--------------------------------------------  -----  ---------  --------  ----------  --------------  -------------------
/opt/airflow/dags/weekly_grocery_pipeline.py                           1           0  0.06s           2026-09-10T07:14:56
================================================================================
[2026-09-10T07:15:34.146+0000] {manager.py:879} INFO - 
================================================================================
DAG File Processing Stats

File Path                                     PID    Runtime      # DAGs    # Errors  Last Runtime    Last Run
--------------------------------------------  -----  ---------  --------  ----------  --------------  -------------------
/opt/airflow/dags/weekly_grocery_pipeline.py                           1           0  0.11s           2026-09-10T07:15:27
================================================================================
[2026-09-10T07:16:04.510+0000] {manager.py:879} INFO - 
================================================================================
DAG File Processing Stats

File Path                                     PID    Runtime      # DAGs    # Errors  Last Runtime    Last Run
--------------------------------------------  -----  ---------  --------  ----------  --------------  -------------------
/opt/airflow/dags/weekly_grocery_pipeline.py                           1           0  0.07s           2026-09-10T07:15:57
================================================================================
[2026-09-10T07:16:34.915+0000] {manager.py:879} INFO - 
================================================================================
DAG File Processing Stats

File Path                                     PID    Runtime      # DAGs    # Errors  Last Runtime    Last Run
--------------------------------------------  -----  ---------  --------  ----------  --------------  -------------------
/opt/airflow/dags/weekly_grocery_pipeline.py                           1           0  0.07s           2026-09-10T07:16:27
================================================================================
[2026-09-10T07:16:44.031+0000] {manager.py:738} INFO - Searching for files in /opt/airflow/dags
[2026-09-10T07:16:44.039+0000] {manager.py:741} INFO - There are 1 files in /opt/airflow/dags
[2026-09-10T07:17:05.301+0000] {manager.py:879} INFO - 
================================================================================
DAG File Processing Stats

File Path                                     PID    Runtime      # DAGs    # Errors  Last Runtime    Last Run
--------------------------------------------  -----  ---------  --------  ----------  --------------  -------------------
/opt/airflow/dags/weekly_grocery_pipeline.py                           1           0  0.07s           2026-09-10T07:16:58
================================================================================
[2026-09-10T07:17:35.681+0000] {manager.py:879} INFO - 
================================================================================
DAG File Processing Stats

File Path                                     PID    Runtime      # DAGs    # Errors  Last Runtime    Last Run
--------------------------------------------  -----  ---------  --------  ----------  --------------  -------------------
/opt/airflow/dags/weekly_grocery_pipeline.py                           1           0  0.07s           2026-09-10T07:17:28
================================================================================
[2026-09-10T07:18:06.062+0000] {manager.py:879} INFO - 
================================================================================
DAG File Processing Stats

File Path                                     PID    Runtime      # DAGs    # Errors  Last Runtime    Last Run
--------------------------------------------  -----  ---------  --------  ----------  --------------  -------------------
/opt/airflow/dags/weekly_grocery_pipeline.py                           1           0  0.07s           2026-09-10T07:17:59
================================================================================
[2026-09-10T07:18:36.463+0000] {manager.py:879} INFO - 
================================================================================
DAG File Processing Stats

File Path                                     PID    Runtime      # DAGs    # Errors  Last Runtime    Last Run
--------------------------------------------  -----  ---------  --------  ----------  --------------  -------------------
/opt/airflow/dags/weekly_grocery_pipeline.py                           1           0  0.09s           2026-09-10T07:18:29
================================================================================
[2026-09-10T07:19:06.788+0000] {manager.py:879} INFO - 
================================================================================
DAG File Processing Stats

File Path                                     PID    Runtime      # DAGs    # Errors  Last Runtime    Last Run
--------------------------------------------  -----  ---------  --------  ----------  --------------  -------------------
/opt/airflow/dags/weekly_grocery_pipeline.py                           1           0  0.07s           2026-09-10T07:18:59
================================================================================
[2026-09-10T07:19:37.160+0000] {manager.py:879} INFO - 
================================================================================
DAG File Processing Stats

File Path                                     PID    Runtime      # DAGs    # Errors  Last Runtime    Last Run
--------------------------------------------  -----  ---------  --------  ----------  --------------  -------------------
/opt/airflow/dags/weekly_grocery_pipeline.py                           1           0  0.07s           2026-09-10T07:19:30
================================================================================
[2026-09-10T07:20:07.540+0000] {manager.py:879} INFO - 
================================================================================
DAG File Processing Stats

File Path                                     PID    Runtime      # DAGs    # Errors  Last Runtime    Last Run
--------------------------------------------  -----  ---------  --------  ----------  --------------  -------------------
/opt/airflow/dags/weekly_grocery_pipeline.py                           1           0  0.07s           2026-09-10T07:20:00
================================================================================
[2026-09-10T07:20:37.914+0000] {manager.py:879} INFO - 
================================================================================
DAG File Processing Stats

File Path                                     PID    Runtime      # DAGs    # Errors  Last Runtime    Last Run
--------------------------------------------  -----  ---------  --------  ----------  --------------  -------------------
/opt/airflow/dags/weekly_grocery_pipeline.py                           1           0  0.07s           2026-09-10T07:20:30
================================================================================
[2026-09-10T07:21:08.295+0000] {manager.py:879} INFO - 
================================================================================
DAG File Processing Stats

File Path                                     PID    Runtime      # DAGs    # Errors  Last Runtime    Last Run
--------------------------------------------  -----  ---------  --------  ----------  --------------  -------------------
/opt/airflow/dags/weekly_grocery_pipeline.py                           1           0  0.07s           2026-09-10T07:21:01
================================================================================
[2026-09-10T07:21:38.676+0000] {manager.py:879} INFO - 
================================================================================
DAG File Processing Stats

File Path                                     PID    Runtime      # DAGs    # Errors  Last Runtime    Last Run
--------------------------------------------  -----  ---------  --------  ----------  --------------  -------------------
/opt/airflow/dags/weekly_grocery_pipeline.py                           1           0  0.07s           2026-09-10T07:21:31
================================================================================
[2026-09-10T07:21:44.747+0000] {manager.py:738} INFO - Searching for files in /opt/airflow/dags
[2026-09-10T07:21:44.753+0000] {manager.py:741} INFO - There are 1 files in /opt/airflow/dags
[2026-09-10T07:22:09.042+0000] {manager.py:879} INFO - 
================================================================================
DAG File Processing Stats

File Path                                     PID    Runtime      # DAGs    # Errors  Last Runtime    Last Run
--------------------------------------------  -----  ---------  --------  ----------  --------------  -------------------
/opt/airflow/dags/weekly_grocery_pipeline.py                           1           0  0.07s           2026-09-10T07:22:02
================================================================================
[2026-09-10T07:22:39.279+0000] {manager.py:879} INFO - 
================================================================================
DAG File Processing Stats

File Path                                     PID    Runtime      # DAGs    # Errors  Last Runtime    Last Run
--------------------------------------------  -----  ---------  --------  ----------  --------------  -------------------
/opt/airflow/dags/weekly_grocery_pipeline.py                           1           0  0.07s           2026-09-10T07:22:32
================================================================================
[2026-09-10T07:23:09.622+0000] {manager.py:879} INFO - 
================================================================================
DAG File Processing Stats

File Path                                     PID    Runtime      # DAGs    # Errors  Last Runtime    Last Run
--------------------------------------------  -----  ---------  --------  ----------  --------------  -------------------
/opt/airflow/dags/weekly_grocery_pipeline.py                           1           0  0.07s           2026-09-10T07:23:02
================================================================================
[2026-09-10T07:23:40.022+0000] {manager.py:879} INFO - 
================================================================================
DAG File Processing Stats

File Path                                     PID    Runtime      # DAGs    # Errors  Last Runtime    Last Run
--------------------------------------------  -----  ---------  --------  ----------  --------------  -------------------
/opt/airflow/dags/weekly_grocery_pipeline.py                           1           0  0.07s           2026-09-10T07:23:32
================================================================================
[2026-09-10T07:24:10.391+0000] {manager.py:879} INFO - 
================================================================================
DAG File Processing Stats

File Path                                     PID    Runtime      # DAGs    # Errors  Last Runtime    Last Run
--------------------------------------------  -----  ---------  --------  ----------  --------------  -------------------
/opt/airflow/dags/weekly_grocery_pipeline.py                           1           0  0.07s           2026-09-10T07:24:03
================================================================================
[2026-09-10T07:24:40.800+0000] {manager.py:879} INFO - 
================================================================================
DAG File Processing Stats

File Path                                     PID    Runtime      # DAGs    # Errors  Last Runtime    Last Run
--------------------------------------------  -----  ---------  --------  ----------  --------------  -------------------
/opt/airflow/dags/weekly_grocery_pipeline.py                           1           0  0.07s           2026-09-10T07:24:33
================================================================================
[2026-09-10T07:25:11.132+0000] {manager.py:879} INFO - 
================================================================================
DAG File Processing Stats

File Path                                     PID    Runtime      # DAGs    # Errors  Last Runtime    Last Run
--------------------------------------------  -----  ---------  --------  ----------  --------------  -------------------
/opt/airflow/dags/weekly_grocery_pipeline.py                           1           0  0.07s           2026-09-10T07:25:04
================================================================================
[2026-09-10T07:25:41.589+0000] {manager.py:879} INFO - 
================================================================================
DAG File Processing Stats

File Path                                     PID    Runtime      # DAGs    # Errors  Last Runtime    Last Run
--------------------------------------------  -----  ---------  --------  ----------  --------------  -------------------
/opt/airflow/dags/weekly_grocery_pipeline.py                           1           0  0.12s           2026-09-10T07:25:34
================================================================================
[2026-09-10T07:26:11.914+0000] {manager.py:879} INFO - 
================================================================================
DAG File Processing Stats

File Path                                     PID    Runtime      # DAGs    # Errors  Last Runtime    Last Run
--------------------------------------------  -----  ---------  --------  ----------  --------------  -------------------
/opt/airflow/dags/weekly_grocery_pipeline.py                           1           0  0.07s           2026-09-10T07:26:04
================================================================================
[2026-09-10T07:26:42.338+0000] {manager.py:879} INFO - 
================================================================================
DAG File Processing Stats

File Path                                     PID    Runtime      # DAGs    # Errors  Last Runtime    Last Run
--------------------------------------------  -----  ---------  --------  ----------  --------------  -------------------
/opt/airflow/dags/weekly_grocery_pipeline.py                           1           0  0.07s           2026-09-10T07:26:35
================================================================================
[2026-09-10T07:26:45.383+0000] {manager.py:738} INFO - Searching for files in /opt/airflow/dags
[2026-09-10T07:26:45.392+0000] {manager.py:741} INFO - There are 1 files in /opt/airflow/dags
[2026-09-10T07:27:12.732+0000] {manager.py:879} INFO - 
================================================================================
DAG File Processing Stats

File Path                                     PID    Runtime      # DAGs    # Errors  Last Runtime    Last Run
--------------------------------------------  -----  ---------  --------  ----------  --------------  -------------------
/opt/airflow/dags/weekly_grocery_pipeline.py                           1           0  0.07s           2026-09-10T07:27:05
================================================================================
[2026-09-10T07:27:43.134+0000] {manager.py:879} INFO - 
================================================================================
DAG File Processing Stats

File Path                                     PID    Runtime      # DAGs    # Errors  Last Runtime    Last Run
--------------------------------------------  -----  ---------  --------  ----------  --------------  -------------------
/opt/airflow/dags/weekly_grocery_pipeline.py                           1           0  0.07s           2026-09-10T07:27:36
================================================================================
[2026-09-10T07:28:13.543+0000] {manager.py:879} INFO - 
================================================================================
DAG File Processing Stats

File Path                                     PID    Runtime      # DAGs    # Errors  Last Runtime    Last Run
--------------------------------------------  -----  ---------  --------  ----------  --------------  -------------------
/opt/airflow/dags/weekly_grocery_pipeline.py                           1           0  0.07s           2026-09-10T07:28:06
================================================================================
[2026-09-10T07:28:43.920+0000] {manager.py:879} INFO - 
================================================================================
DAG File Processing Stats

File Path                                     PID    Runtime      # DAGs    # Errors  Last Runtime    Last Run
--------------------------------------------  -----  ---------  --------  ----------  --------------  -------------------
/opt/airflow/dags/weekly_grocery_pipeline.py                           1           0  0.08s           2026-09-10T07:28:36
================================================================================
[2026-09-10T07:29:14.253+0000] {manager.py:879} INFO - 
================================================================================
DAG File Processing Stats

File Path                                     PID    Runtime      # DAGs    # Errors  Last Runtime    Last Run
--------------------------------------------  -----  ---------  --------  ----------  --------------  -------------------
/opt/airflow/dags/weekly_grocery_pipeline.py                           1           0  0.07s           2026-09-10T07:29:07
================================================================================
[2026-09-10T07:29:44.663+0000] {manager.py:879} INFO - 
================================================================================
DAG File Processing Stats

File Path                                     PID    Runtime      # DAGs    # Errors  Last Runtime    Last Run
--------------------------------------------  -----  ---------  --------  ----------  --------------  -------------------
/opt/airflow/dags/weekly_grocery_pipeline.py                           1           0  0.07s           2026-09-10T07:29:37
================================================================================
[2026-09-10T07:30:14.994+0000] {manager.py:879} INFO - 
================================================================================
DAG File Processing Stats

File Path                                     PID    Runtime      # DAGs    # Errors  Last Runtime    Last Run
--------------------------------------------  -----  ---------  --------  ----------  --------------  -------------------
/opt/airflow/dags/weekly_grocery_pipeline.py                           1           0  0.07s           2026-09-10T07:30:07
================================================================================
[2026-09-10T07:30:45.335+0000] {manager.py:879} INFO - 
================================================================================
DAG File Processing Stats

File Path                                     PID    Runtime      # DAGs    # Errors  Last Runtime    Last Run
--------------------------------------------  -----  ---------  --------  ----------  --------------  -------------------
/opt/airflow/dags/weekly_grocery_pipeline.py                           1           0  0.07s           2026-09-10T07:30:38
================================================================================
[2026-09-10T07:31:15.717+0000] {manager.py:879} INFO - 
================================================================================
DAG File Processing Stats

File Path                                     PID    Runtime      # DAGs    # Errors  Last Runtime    Last Run
--------------------------------------------  -----  ---------  --------  ----------  --------------  -------------------
/opt/airflow/dags/weekly_grocery_pipeline.py                           1           0  0.05s           2026-09-10T07:31:08
================================================================================
[2026-09-10T07:31:46.134+0000] {manager.py:738} INFO - Searching for files in /opt/airflow/dags
[2026-09-10T07:31:46.143+0000] {manager.py:741} INFO - There are 1 files in /opt/airflow/dags
[2026-09-10T07:31:46.153+0000] {manager.py:879} INFO - 
================================================================================
DAG File Processing Stats

File Path                                     PID    Runtime      # DAGs    # Errors  Last Runtime    Last Run
--------------------------------------------  -----  ---------  --------  ----------  --------------  -------------------
/opt/airflow/dags/weekly_grocery_pipeline.py                           1           0  0.06s           2026-09-10T07:31:39
================================================================================
[2026-09-10T07:32:16.483+0000] {manager.py:879} INFO - 
================================================================================
DAG File Processing Stats

File Path                                     PID    Runtime      # DAGs    # Errors  Last Runtime    Last Run
--------------------------------------------  -----  ---------  --------  ----------  --------------  -------------------
/opt/airflow/dags/weekly_grocery_pipeline.py                           1           0  0.05s           2026-09-10T07:32:09
================================================================================
[2026-09-10T07:32:46.817+0000] {manager.py:879} INFO - 
================================================================================
DAG File Processing Stats

File Path                                     PID    Runtime      # DAGs    # Errors  Last Runtime    Last Run
--------------------------------------------  -----  ---------  --------  ----------  --------------  -------------------
/opt/airflow/dags/weekly_grocery_pipeline.py                           1           0  0.06s           2026-09-10T07:32:39
================================================================================
[2026-09-10T07:33:17.210+0000] {manager.py:879} INFO - 
================================================================================
DAG File Processing Stats

File Path                                     PID    Runtime      # DAGs    # Errors  Last Runtime    Last Run
--------------------------------------------  -----  ---------  --------  ----------  --------------  -------------------
/opt/airflow/dags/weekly_grocery_pipeline.py                           1           0  0.07s           2026-09-10T07:33:10
================================================================================
[2026-09-10T07:33:47.545+0000] {manager.py:879} INFO - 
================================================================================
DAG File Processing Stats

File Path                                     PID    Runtime      # DAGs    # Errors  Last Runtime    Last Run
--------------------------------------------  -----  ---------  --------  ----------  --------------  -------------------
/opt/airflow/dags/weekly_grocery_pipeline.py                           1           0  0.07s           2026-09-10T07:33:40
================================================================================
[2026-09-10T07:34:17.857+0000] {manager.py:879} INFO - 
================================================================================
DAG File Processing Stats

File Path                                     PID    Runtime      # DAGs    # Errors  Last Runtime    Last Run
--------------------------------------------  -----  ---------  --------  ----------  --------------  -------------------
/opt/airflow/dags/weekly_grocery_pipeline.py                           1           0  0.07s           2026-09-10T07:34:10
================================================================================
[2026-09-10T07:34:48.145+0000] {manager.py:879} INFO - 
================================================================================
DAG File Processing Stats

File Path                                     PID    Runtime      # DAGs    # Errors  Last Runtime    Last Run
--------------------------------------------  -----  ---------  --------  ----------  --------------  -------------------
/opt/airflow/dags/weekly_grocery_pipeline.py                           1           0  0.07s           2026-09-10T07:34:41
================================================================================
[2026-09-10T07:35:18.435+0000] {manager.py:879} INFO - 
================================================================================
DAG File Processing Stats

File Path                                     PID    Runtime      # DAGs    # Errors  Last Runtime    Last Run
--------------------------------------------  -----  ---------  --------  ----------  --------------  -------------------
/opt/airflow/dags/weekly_grocery_pipeline.py                           1           0  0.07s           2026-09-10T07:35:11
================================================================================
[2026-09-10T07:35:48.795+0000] {manager.py:879} INFO - 
================================================================================
DAG File Processing Stats

File Path                                     PID    Runtime      # DAGs    # Errors  Last Runtime    Last Run
--------------------------------------------  -----  ---------  --------  ----------  --------------  -------------------
/opt/airflow/dags/weekly_grocery_pipeline.py                           1           0  0.07s           2026-09-10T07:35:41
================================================================================
[2026-09-10T07:36:19.101+0000] {manager.py:879} INFO - 
================================================================================
DAG File Processing Stats

File Path                                     PID    Runtime      # DAGs    # Errors  Last Runtime    Last Run
--------------------------------------------  -----  ---------  --------  ----------  --------------  -------------------
/opt/airflow/dags/weekly_grocery_pipeline.py                           1           0  0.11s           2026-09-10T07:36:12
================================================================================
[2026-09-10T07:36:46.402+0000] {manager.py:738} INFO - Searching for files in /opt/airflow/dags
[2026-09-10T07:36:46.411+0000] {manager.py:741} INFO - There are 1 files in /opt/airflow/dags
[2026-09-10T07:36:49.450+0000] {manager.py:879} INFO - 
================================================================================
DAG File Processing Stats

File Path                                     PID    Runtime      # DAGs    # Errors  Last Runtime    Last Run
--------------------------------------------  -----  ---------  --------  ----------  --------------  -------------------
/opt/airflow/dags/weekly_grocery_pipeline.py                           1           0  0.07s           2026-09-10T07:36:42
================================================================================
[2026-09-10T07:37:19.714+0000] {manager.py:879} INFO - 
================================================================================
DAG File Processing Stats

File Path                                     PID    Runtime      # DAGs    # Errors  Last Runtime    Last Run
--------------------------------------------  -----  ---------  --------  ----------  --------------  -------------------
/opt/airflow/dags/weekly_grocery_pipeline.py                           1           0  0.07s           2026-09-10T07:37:12
================================================================================
[2026-09-10T07:37:49.950+0000] {manager.py:879} INFO - 
================================================================================
DAG File Processing Stats

File Path                                     PID    Runtime      # DAGs    # Errors  Last Runtime    Last Run
--------------------------------------------  -----  ---------  --------  ----------  --------------  -------------------
/opt/airflow/dags/weekly_grocery_pipeline.py                           1           0  0.07s           2026-09-10T07:37:42
================================================================================
[2026-09-10T07:38:20.186+0000] {manager.py:879} INFO - 
================================================================================
DAG File Processing Stats

File Path                                     PID    Runtime      # DAGs    # Errors  Last Runtime    Last Run
--------------------------------------------  -----  ---------  --------  ----------  --------------  -------------------
/opt/airflow/dags/weekly_grocery_pipeline.py                           1           0  0.07s           2026-09-10T07:38:13
================================================================================
[2026-09-10T07:38:50.471+0000] {manager.py:879} INFO - 
================================================================================
DAG File Processing Stats

File Path                                     PID    Runtime      # DAGs    # Errors  Last Runtime    Last Run
--------------------------------------------  -----  ---------  --------  ----------  --------------  -------------------
/opt/airflow/dags/weekly_grocery_pipeline.py                           1           0  0.07s           2026-09-10T07:38:43
================================================================================
[2026-09-10T07:39:20.857+0000] {manager.py:879} INFO - 
================================================================================
DAG File Processing Stats

File Path                                     PID    Runtime      # DAGs    # Errors  Last Runtime    Last Run
--------------------------------------------  -----  ---------  --------  ----------  --------------  -------------------
/opt/airflow/dags/weekly_grocery_pipeline.py                           1           0  0.08s           2026-09-10T07:39:13
================================================================================
[2026-09-10T07:39:51.180+0000] {manager.py:879} INFO - 
================================================================================
DAG File Processing Stats

File Path                                     PID    Runtime      # DAGs    # Errors  Last Runtime    Last Run
--------------------------------------------  -----  ---------  --------  ----------  --------------  -------------------
/opt/airflow/dags/weekly_grocery_pipeline.py                           1           0  0.06s           2026-09-10T07:39:44
================================================================================
[2026-09-10T07:40:21.559+0000] {manager.py:879} INFO - 
================================================================================
DAG File Processing Stats

File Path                                     PID    Runtime      # DAGs    # Errors  Last Runtime    Last Run
--------------------------------------------  -----  ---------  --------  ----------  --------------  -------------------
/opt/airflow/dags/weekly_grocery_pipeline.py                           1           0  0.07s           2026-09-10T07:40:14
================================================================================
[2026-09-10T07:40:52.022+0000] {manager.py:879} INFO - 
================================================================================
DAG File Processing Stats

File Path                                     PID    Runtime      # DAGs    # Errors  Last Runtime    Last Run
--------------------------------------------  -----  ---------  --------  ----------  --------------  -------------------
/opt/airflow/dags/weekly_grocery_pipeline.py                           1           0  0.11s           2026-09-10T07:40:45
================================================================================
[2026-09-10T07:41:22.418+0000] {manager.py:879} INFO - 
================================================================================
DAG File Processing Stats

File Path                                     PID    Runtime      # DAGs    # Errors  Last Runtime    Last Run
--------------------------------------------  -----  ---------  --------  ----------  --------------  -------------------
/opt/airflow/dags/weekly_grocery_pipeline.py                           1           0  0.07s           2026-09-10T07:41:15
================================================================================
[2026-09-10T07:41:46.689+0000] {manager.py:738} INFO - Searching for files in /opt/airflow/dags
[2026-09-10T07:41:46.698+0000] {manager.py:741} INFO - There are 1 files in /opt/airflow/dags
[2026-09-10T07:41:52.768+0000] {manager.py:879} INFO - 
================================================================================
DAG File Processing Stats

File Path                                     PID    Runtime      # DAGs    # Errors  Last Runtime    Last Run
--------------------------------------------  -----  ---------  --------  ----------  --------------  -------------------
/opt/airflow/dags/weekly_grocery_pipeline.py                           1           0  0.07s           2026-09-10T07:41:45
================================================================================
[2026-09-10T07:42:23.089+0000] {manager.py:879} INFO - 
================================================================================
DAG File Processing Stats

File Path                                     PID    Runtime      # DAGs    # Errors  Last Runtime    Last Run
--------------------------------------------  -----  ---------  --------  ----------  --------------  -------------------
/opt/airflow/dags/weekly_grocery_pipeline.py                           1           0  0.07s           2026-09-10T07:42:16
================================================================================
[2026-09-10T07:42:53.470+0000] {manager.py:879} INFO - 
================================================================================
DAG File Processing Stats

File Path                                     PID    Runtime      # DAGs    # Errors  Last Runtime    Last Run
--------------------------------------------  -----  ---------  --------  ----------  --------------  -------------------
/opt/airflow/dags/weekly_grocery_pipeline.py                           1           0  0.07s           2026-09-10T07:42:46
================================================================================
[2026-09-10T07:43:23.887+0000] {manager.py:879} INFO - 
================================================================================
DAG File Processing Stats

File Path                                     PID    Runtime      # DAGs    # Errors  Last Runtime    Last Run
--------------------------------------------  -----  ---------  --------  ----------  --------------  -------------------
/opt/airflow/dags/weekly_grocery_pipeline.py                           1           0  0.07s           2026-09-10T07:43:16
================================================================================
[2026-09-10T07:43:54.254+0000] {manager.py:879} INFO - 
================================================================================
DAG File Processing Stats

File Path                                     PID    Runtime      # DAGs    # Errors  Last Runtime    Last Run
--------------------------------------------  -----  ---------  --------  ----------  --------------  -------------------
/opt/airflow/dags/weekly_grocery_pipeline.py                           1           0  0.07s           2026-09-10T07:43:47
================================================================================
[2026-09-10T07:44:24.609+0000] {manager.py:879} INFO - 
================================================================================
DAG File Processing Stats

File Path                                     PID    Runtime      # DAGs    # Errors  Last Runtime    Last Run
--------------------------------------------  -----  ---------  --------  ----------  --------------  -------------------
/opt/airflow/dags/weekly_grocery_pipeline.py                           1           0  0.07s           2026-09-10T07:44:17
================================================================================
[2026-09-10T07:44:55.041+0000] {manager.py:879} INFO - 
================================================================================
DAG File Processing Stats

File Path                                     PID    Runtime      # DAGs    # Errors  Last Runtime    Last Run
--------------------------------------------  -----  ---------  --------  ----------  --------------  -------------------
/opt/airflow/dags/weekly_grocery_pipeline.py                           1           0  0.10s           2026-09-10T07:44:48
================================================================================
[2026-09-10T07:45:25.319+0000] {manager.py:879} INFO - 
================================================================================
DAG File Processing Stats

File Path                                     PID    Runtime      # DAGs    # Errors  Last Runtime    Last Run
--------------------------------------------  -----  ---------  --------  ----------  --------------  -------------------
/opt/airflow/dags/weekly_grocery_pipeline.py                           1           0  0.07s           2026-09-10T07:45:18
================================================================================
[2026-09-10T07:45:55.674+0000] {manager.py:879} INFO - 
================================================================================
DAG File Processing Stats

File Path                                     PID    Runtime      # DAGs    # Errors  Last Runtime    Last Run
--------------------------------------------  -----  ---------  --------  ----------  --------------  -------------------
/opt/airflow/dags/weekly_grocery_pipeline.py                           1           0  0.07s           2026-09-10T07:45:48
================================================================================
[2026-09-10T07:46:26.025+0000] {manager.py:879} INFO - 
================================================================================
DAG File Processing Stats

File Path                                     PID    Runtime      # DAGs    # Errors  Last Runtime    Last Run
--------------------------------------------  -----  ---------  --------  ----------  --------------  -------------------
/opt/airflow/dags/weekly_grocery_pipeline.py                           1           0  0.07s           2026-09-10T07:46:18
================================================================================
[2026-09-10T07:46:47.263+0000] {manager.py:738} INFO - Searching for files in /opt/airflow/dags
[2026-09-10T07:46:47.271+0000] {manager.py:741} INFO - There are 1 files in /opt/airflow/dags
[2026-09-10T07:46:56.419+0000] {manager.py:879} INFO - 
================================================================================
DAG File Processing Stats

File Path                                     PID    Runtime      # DAGs    # Errors  Last Runtime    Last Run
--------------------------------------------  -----  ---------  --------  ----------  --------------  -------------------
/opt/airflow/dags/weekly_grocery_pipeline.py                           1           0  0.07s           2026-09-10T07:46:49
================================================================================
[2026-09-10T07:47:26.848+0000] {manager.py:879} INFO - 
================================================================================
DAG File Processing Stats

File Path                                     PID    Runtime      # DAGs    # Errors  Last Runtime    Last Run
--------------------------------------------  -----  ---------  --------  ----------  --------------  -------------------
/opt/airflow/dags/weekly_grocery_pipeline.py                           1           0  0.07s           2026-09-10T07:47:19
================================================================================
[2026-09-10T07:47:57.214+0000] {manager.py:879} INFO - 
================================================================================
DAG File Processing Stats

File Path                                     PID    Runtime      # DAGs    # Errors  Last Runtime    Last Run
--------------------------------------------  -----  ---------  --------  ----------  --------------  -------------------
/opt/airflow/dags/weekly_grocery_pipeline.py                           1           0  0.07s           2026-09-10T07:47:50
================================================================================
[2026-09-10T07:48:27.578+0000] {manager.py:879} INFO - 
================================================================================
DAG File Processing Stats

File Path                                     PID    Runtime      # DAGs    # Errors  Last Runtime    Last Run
--------------------------------------------  -----  ---------  --------  ----------  --------------  -------------------
/opt/airflow/dags/weekly_grocery_pipeline.py                           1           0  0.07s           2026-09-10T07:48:20
================================================================================
[2026-09-10T07:48:57.944+0000] {manager.py:879} INFO - 
================================================================================
DAG File Processing Stats

File Path                                     PID    Runtime      # DAGs    # Errors  Last Runtime    Last Run
--------------------------------------------  -----  ---------  --------  ----------  --------------  -------------------
/opt/airflow/dags/weekly_grocery_pipeline.py                           1           0  0.07s           2026-09-10T07:48:50
================================================================================
[2026-09-10T07:49:28.285+0000] {manager.py:879} INFO - 
================================================================================
DAG File Processing Stats

File Path                                     PID    Runtime      # DAGs    # Errors  Last Runtime    Last Run
--------------------------------------------  -----  ---------  --------  ----------  --------------  -------------------
/opt/airflow/dags/weekly_grocery_pipeline.py                           1           0  0.07s           2026-09-10T07:49:21
================================================================================
[2026-09-10T07:49:58.640+0000] {manager.py:879} INFO - 
================================================================================
DAG File Processing Stats

File Path                                     PID    Runtime      # DAGs    # Errors  Last Runtime    Last Run
--------------------------------------------  -----  ---------  --------  ----------  --------------  -------------------
/opt/airflow/dags/weekly_grocery_pipeline.py                           1           0  0.07s           2026-09-10T07:49:51
================================================================================
[2026-09-10T07:50:29.038+0000] {manager.py:879} INFO - 
================================================================================
DAG File Processing Stats

File Path                                     PID    Runtime      # DAGs    # Errors  Last Runtime    Last Run
--------------------------------------------  -----  ---------  --------  ----------  --------------  -------------------
/opt/airflow/dags/weekly_grocery_pipeline.py                           1           0  0.07s           2026-09-10T07:50:22
================================================================================
[2026-09-10T07:50:59.442+0000] {manager.py:879} INFO - 
================================================================================
DAG File Processing Stats

File Path                                     PID    Runtime      # DAGs    # Errors  Last Runtime    Last Run
--------------------------------------------  -----  ---------  --------  ----------  --------------  -------------------
/opt/airflow/dags/weekly_grocery_pipeline.py                           1           0  0.07s           2026-09-10T07:50:52
================================================================================
[2026-09-10T07:51:29.811+0000] {manager.py:879} INFO - 
================================================================================
DAG File Processing Stats

File Path                                     PID    Runtime      # DAGs    # Errors  Last Runtime    Last Run
--------------------------------------------  -----  ---------  --------  ----------  --------------  -------------------
/opt/airflow/dags/weekly_grocery_pipeline.py                           1           0  0.07s           2026-09-10T07:51:22
================================================================================
[2026-09-10T07:51:48.062+0000] {manager.py:738} INFO - Searching for files in /opt/airflow/dags
[2026-09-10T07:51:48.071+0000] {manager.py:741} INFO - There are 1 files in /opt/airflow/dags
[2026-09-10T07:52:00.239+0000] {manager.py:879} INFO - 
================================================================================
DAG File Processing Stats

File Path                                     PID    Runtime      # DAGs    # Errors  Last Runtime    Last Run
--------------------------------------------  -----  ---------  --------  ----------  --------------  -------------------
/opt/airflow/dags/weekly_grocery_pipeline.py                           1           0  0.07s           2026-09-10T07:51:53
================================================================================
[2026-09-10T07:52:30.531+0000] {manager.py:879} INFO - 
================================================================================
DAG File Processing Stats

File Path                                     PID    Runtime      # DAGs    # Errors  Last Runtime    Last Run
--------------------------------------------  -----  ---------  --------  ----------  --------------  -------------------
/opt/airflow/dags/weekly_grocery_pipeline.py                           1           0  0.05s           2026-09-10T07:52:23
================================================================================
[2026-09-10T07:53:00.837+0000] {manager.py:879} INFO - 
================================================================================
DAG File Processing Stats

File Path                                     PID    Runtime      # DAGs    # Errors  Last Runtime    Last Run
--------------------------------------------  -----  ---------  --------  ----------  --------------  -------------------
/opt/airflow/dags/weekly_grocery_pipeline.py                           1           0  0.06s           2026-09-10T07:52:53
================================================================================
[2026-09-10T07:53:31.219+0000] {manager.py:879} INFO - 
================================================================================
DAG File Processing Stats

File Path                                     PID    Runtime      # DAGs    # Errors  Last Runtime    Last Run
--------------------------------------------  -----  ---------  --------  ----------  --------------  -------------------
/opt/airflow/dags/weekly_grocery_pipeline.py                           1           0  0.07s           2026-09-10T07:53:24
================================================================================
[2026-09-10T07:54:01.605+0000] {manager.py:879} INFO - 
================================================================================
DAG File Processing Stats

File Path                                     PID    Runtime      # DAGs    # Errors  Last Runtime    Last Run
--------------------------------------------  -----  ---------  --------  ----------  --------------  -------------------
/opt/airflow/dags/weekly_grocery_pipeline.py                           1           0  0.07s           2026-09-10T07:53:54
================================================================================
[2026-09-10T07:54:31.958+0000] {manager.py:879} INFO - 
================================================================================
DAG File Processing Stats

File Path                                     PID    Runtime      # DAGs    # Errors  Last Runtime    Last Run
--------------------------------------------  -----  ---------  --------  ----------  --------------  -------------------
/opt/airflow/dags/weekly_grocery_pipeline.py                           1           0  0.07s           2026-09-10T07:54:24
================================================================================
[2026-09-10T07:55:02.274+0000] {manager.py:879} INFO - 
================================================================================
DAG File Processing Stats

File Path                                     PID    Runtime      # DAGs    # Errors  Last Runtime    Last Run
--------------------------------------------  -----  ---------  --------  ----------  --------------  -------------------
/opt/airflow/dags/weekly_grocery_pipeline.py                           1           0  0.07s           2026-09-10T07:54:55
================================================================================
[2026-09-10T07:55:32.661+0000] {manager.py:879} INFO - 
================================================================================
DAG File Processing Stats

File Path                                     PID    Runtime      # DAGs    # Errors  Last Runtime    Last Run
--------------------------------------------  -----  ---------  --------  ----------  --------------  -------------------
/opt/airflow/dags/weekly_grocery_pipeline.py                           1           0  0.07s           2026-09-10T07:55:25
================================================================================
[2026-09-10T07:56:03.086+0000] {manager.py:879} INFO - 
================================================================================
DAG File Processing Stats

File Path                                     PID    Runtime      # DAGs    # Errors  Last Runtime    Last Run
--------------------------------------------  -----  ---------  --------  ----------  --------------  -------------------
/opt/airflow/dags/weekly_grocery_pipeline.py                           1           0  0.13s           2026-09-10T07:55:56
================================================================================
[2026-09-10T07:56:33.464+0000] {manager.py:879} INFO - 
================================================================================
DAG File Processing Stats

File Path                                     PID    Runtime      # DAGs    # Errors  Last Runtime    Last Run
--------------------------------------------  -----  ---------  --------  ----------  --------------  -------------------
/opt/airflow/dags/weekly_grocery_pipeline.py                           1           0  0.08s           2026-09-10T07:56:26
================================================================================
[2026-09-10T07:56:48.655+0000] {manager.py:738} INFO - Searching for files in /opt/airflow/dags
[2026-09-10T07:56:48.661+0000] {manager.py:741} INFO - There are 1 files in /opt/airflow/dags
[2026-09-10T07:57:03.858+0000] {manager.py:879} INFO - 
================================================================================
DAG File Processing Stats

File Path                                     PID    Runtime      # DAGs    # Errors  Last Runtime    Last Run
--------------------------------------------  -----  ---------  --------  ----------  --------------  -------------------
/opt/airflow/dags/weekly_grocery_pipeline.py                           1           0  0.07s           2026-09-10T07:56:56
================================================================================
[2026-09-10T07:57:34.227+0000] {manager.py:879} INFO - 
================================================================================
DAG File Processing Stats

File Path                                     PID    Runtime      # DAGs    # Errors  Last Runtime    Last Run
--------------------------------------------  -----  ---------  --------  ----------  --------------  -------------------
/opt/airflow/dags/weekly_grocery_pipeline.py                           1           0  0.07s           2026-09-10T07:57:27
================================================================================
[2026-09-10T07:58:04.634+0000] {manager.py:879} INFO - 
================================================================================
DAG File Processing Stats

File Path                                     PID    Runtime      # DAGs    # Errors  Last Runtime    Last Run
--------------------------------------------  -----  ---------  --------  ----------  --------------  -------------------
/opt/airflow/dags/weekly_grocery_pipeline.py                           1           0  0.07s           2026-09-10T07:57:57
================================================================================
[2026-09-10T07:58:35.055+0000] {manager.py:879} INFO - 
================================================================================
DAG File Processing Stats

File Path                                     PID    Runtime      # DAGs    # Errors  Last Runtime    Last Run
--------------------------------------------  -----  ---------  --------  ----------  --------------  -------------------
/opt/airflow/dags/weekly_grocery_pipeline.py                           1           0  0.07s           2026-09-10T07:58:27
================================================================================
[2026-09-10T07:59:05.467+0000] {manager.py:879} INFO - 
================================================================================
DAG File Processing Stats

File Path                                     PID    Runtime      # DAGs    # Errors  Last Runtime    Last Run
--------------------------------------------  -----  ---------  --------  ----------  --------------  -------------------
/opt/airflow/dags/weekly_grocery_pipeline.py                           1           0  0.12s           2026-09-10T07:58:58
================================================================================
[2026-09-10T07:59:35.682+0000] {manager.py:879} INFO - 
================================================================================
DAG File Processing Stats

File Path                                     PID    Runtime      # DAGs    # Errors  Last Runtime    Last Run
--------------------------------------------  -----  ---------  --------  ----------  --------------  -------------------
/opt/airflow/dags/weekly_grocery_pipeline.py                           1           0  0.07s           2026-09-10T07:59:28
================================================================================
[2026-09-10T08:00:05.901+0000] {manager.py:879} INFO - 
================================================================================
DAG File Processing Stats

File Path                                     PID    Runtime      # DAGs    # Errors  Last Runtime    Last Run
--------------------------------------------  -----  ---------  --------  ----------  --------------  -------------------
/opt/airflow/dags/weekly_grocery_pipeline.py                           1           0  0.07s           2026-09-10T07:59:58
================================================================================
[2026-09-10T08:00:36.130+0000] {manager.py:879} INFO - 
================================================================================
DAG File Processing Stats

File Path                                     PID    Runtime      # DAGs    # Errors  Last Runtime    Last Run
--------------------------------------------  -----  ---------  --------  ----------  --------------  -------------------
/opt/airflow/dags/weekly_grocery_pipeline.py                           1           0  0.07s           2026-09-10T08:00:29
================================================================================
[2026-09-10T08:01:06.343+0000] {manager.py:879} INFO - 
================================================================================
DAG File Processing Stats

File Path                                     PID    Runtime      # DAGs    # Errors  Last Runtime    Last Run
--------------------------------------------  -----  ---------  --------  ----------  --------------  -------------------
/opt/airflow/dags/weekly_grocery_pipeline.py                           1           0  0.07s           2026-09-10T08:00:59
================================================================================
[2026-09-10T08:01:36.604+0000] {manager.py:879} INFO - 
================================================================================
DAG File Processing Stats

File Path                                     PID    Runtime      # DAGs    # Errors  Last Runtime    Last Run
--------------------------------------------  -----  ---------  --------  ----------  --------------  -------------------
/opt/airflow/dags/weekly_grocery_pipeline.py                           1           0  0.07s           2026-09-10T08:01:29
================================================================================
[2026-09-10T08:01:48.747+0000] {manager.py:738} INFO - Searching for files in /opt/airflow/dags
[2026-09-10T08:01:48.754+0000] {manager.py:741} INFO - There are 1 files in /opt/airflow/dags
[2026-09-10T08:02:07.000+0000] {manager.py:879} INFO - 
================================================================================
DAG File Processing Stats

File Path                                     PID    Runtime      # DAGs    # Errors  Last Runtime    Last Run
--------------------------------------------  -----  ---------  --------  ----------  --------------  -------------------
/opt/airflow/dags/weekly_grocery_pipeline.py                           1           0  0.07s           2026-09-10T08:01:59
================================================================================
[2026-09-10T08:02:37.366+0000] {manager.py:879} INFO - 
================================================================================
DAG File Processing Stats

File Path                                     PID    Runtime      # DAGs    # Errors  Last Runtime    Last Run
--------------------------------------------  -----  ---------  --------  ----------  --------------  -------------------
/opt/airflow/dags/weekly_grocery_pipeline.py                           1           0  0.07s           2026-09-10T08:02:30
================================================================================
[2026-09-10T08:03:07.799+0000] {manager.py:879} INFO - 
================================================================================
DAG File Processing Stats

File Path                                     PID    Runtime      # DAGs    # Errors  Last Runtime    Last Run
--------------------------------------------  -----  ---------  --------  ----------  --------------  -------------------
/opt/airflow/dags/weekly_grocery_pipeline.py                           1           0  0.07s           2026-09-10T08:03:00
================================================================================
[2026-09-10T08:03:38.162+0000] {manager.py:879} INFO - 
================================================================================
DAG File Processing Stats

File Path                                     PID    Runtime      # DAGs    # Errors  Last Runtime    Last Run
--------------------------------------------  -----  ---------  --------  ----------  --------------  -------------------
/opt/airflow/dags/weekly_grocery_pipeline.py                           1           0  0.07s           2026-09-10T08:03:31
================================================================================
[2026-09-10T08:04:08.543+0000] {manager.py:879} INFO - 
================================================================================
DAG File Processing Stats

File Path                                     PID    Runtime      # DAGs    # Errors  Last Runtime    Last Run
--------------------------------------------  -----  ---------  --------  ----------  --------------  -------------------
/opt/airflow/dags/weekly_grocery_pipeline.py                           1           0  0.07s           2026-09-10T08:04:01
================================================================================
[2026-09-10T08:04:38.921+0000] {manager.py:879} INFO - 
================================================================================
DAG File Processing Stats

File Path                                     PID    Runtime      # DAGs    # Errors  Last Runtime    Last Run
--------------------------------------------  -----  ---------  --------  ----------  --------------  -------------------
/opt/airflow/dags/weekly_grocery_pipeline.py                           1           0  0.07s           2026-09-10T08:04:31
================================================================================
[2026-09-10T08:05:09.203+0000] {manager.py:879} INFO - 
================================================================================
DAG File Processing Stats

File Path                                     PID    Runtime      # DAGs    # Errors  Last Runtime    Last Run
--------------------------------------------  -----  ---------  --------  ----------  --------------  -------------------
/opt/airflow/dags/weekly_grocery_pipeline.py                           1           0  0.07s           2026-09-10T08:05:02
================================================================================
[2026-09-10T08:05:39.554+0000] {manager.py:879} INFO - 
================================================================================
DAG File Processing Stats

File Path                                     PID    Runtime      # DAGs    # Errors  Last Runtime    Last Run
--------------------------------------------  -----  ---------  --------  ----------  --------------  -------------------
/opt/airflow/dags/weekly_grocery_pipeline.py                           1           0  0.11s           2026-09-10T08:05:32
================================================================================
[2026-09-10T08:06:09.921+0000] {manager.py:879} INFO - 
================================================================================
DAG File Processing Stats

File Path                                     PID    Runtime      # DAGs    # Errors  Last Runtime    Last Run
--------------------------------------------  -----  ---------  --------  ----------  --------------  -------------------
/opt/airflow/dags/weekly_grocery_pipeline.py                           1           0  0.07s           2026-09-10T08:06:02
================================================================================
[2026-09-10T08:06:40.306+0000] {manager.py:879} INFO - 
================================================================================
DAG File Processing Stats

File Path                                     PID    Runtime      # DAGs    # Errors  Last Runtime    Last Run
--------------------------------------------  -----  ---------  --------  ----------  --------------  -------------------
/opt/airflow/dags/weekly_grocery_pipeline.py                           1           0  0.08s           2026-09-10T08:06:33
================================================================================
[2026-09-10T08:06:49.416+0000] {manager.py:738} INFO - Searching for files in /opt/airflow/dags
[2026-09-10T08:06:49.423+0000] {manager.py:741} INFO - There are 1 files in /opt/airflow/dags
[2026-09-10T08:07:10.703+0000] {manager.py:879} INFO - 
================================================================================
DAG File Processing Stats

File Path                                     PID    Runtime      # DAGs    # Errors  Last Runtime    Last Run
--------------------------------------------  -----  ---------  --------  ----------  --------------  -------------------
/opt/airflow/dags/weekly_grocery_pipeline.py                           1           0  0.07s           2026-09-10T08:07:03
================================================================================
[2026-09-10T08:07:41.089+0000] {manager.py:879} INFO - 
================================================================================
DAG File Processing Stats

File Path                                     PID    Runtime      # DAGs    # Errors  Last Runtime    Last Run
--------------------------------------------  -----  ---------  --------  ----------  --------------  -------------------
/opt/airflow/dags/weekly_grocery_pipeline.py                           1           0  0.07s           2026-09-10T08:07:34
================================================================================
[2026-09-10T08:08:11.521+0000] {manager.py:879} INFO - 
================================================================================
DAG File Processing Stats

File Path                                     PID    Runtime      # DAGs    # Errors  Last Runtime    Last Run
--------------------------------------------  -----  ---------  --------  ----------  --------------  -------------------
/opt/airflow/dags/weekly_grocery_pipeline.py                           1           0  0.13s           2026-09-10T08:08:04
================================================================================
[2026-09-10T08:08:41.872+0000] {manager.py:879} INFO - 
================================================================================
DAG File Processing Stats

File Path                                     PID    Runtime      # DAGs    # Errors  Last Runtime    Last Run
--------------------------------------------  -----  ---------  --------  ----------  --------------  -------------------
/opt/airflow/dags/weekly_grocery_pipeline.py                           1           0  0.07s           2026-09-10T08:08:34
================================================================================
[2026-09-10T08:09:12.238+0000] {manager.py:879} INFO - 
================================================================================
DAG File Processing Stats

File Path                                     PID    Runtime      # DAGs    # Errors  Last Runtime    Last Run
--------------------------------------------  -----  ---------  --------  ----------  --------------  -------------------
/opt/airflow/dags/weekly_grocery_pipeline.py                           1           0  0.07s           2026-09-10T08:09:05
================================================================================
[2026-09-10T08:09:42.644+0000] {manager.py:879} INFO - 
================================================================================
DAG File Processing Stats

File Path                                     PID    Runtime      # DAGs    # Errors  Last Runtime    Last Run
--------------------------------------------  -----  ---------  --------  ----------  --------------  -------------------
/opt/airflow/dags/weekly_grocery_pipeline.py                           1           0  0.07s           2026-09-10T08:09:35
================================================================================
[2026-09-10T08:10:13.051+0000] {manager.py:879} INFO - 
================================================================================
DAG File Processing Stats

File Path                                     PID    Runtime      # DAGs    # Errors  Last Runtime    Last Run
--------------------------------------------  -----  ---------  --------  ----------  --------------  -------------------
/opt/airflow/dags/weekly_grocery_pipeline.py                           1           0  0.08s           2026-09-10T08:10:06
================================================================================
[2026-09-10T08:10:43.434+0000] {manager.py:879} INFO - 
================================================================================
DAG File Processing Stats

File Path                                     PID    Runtime      # DAGs    # Errors  Last Runtime    Last Run
--------------------------------------------  -----  ---------  --------  ----------  --------------  -------------------
/opt/airflow/dags/weekly_grocery_pipeline.py                           1           0  0.07s           2026-09-10T08:10:36
================================================================================
[2026-09-10T08:11:13.821+0000] {manager.py:879} INFO - 
================================================================================
DAG File Processing Stats

File Path                                     PID    Runtime      # DAGs    # Errors  Last Runtime    Last Run
--------------------------------------------  -----  ---------  --------  ----------  --------------  -------------------
/opt/airflow/dags/weekly_grocery_pipeline.py                           1           0  0.07s           2026-09-10T08:11:06
================================================================================
[2026-09-10T08:11:44.213+0000] {manager.py:879} INFO - 
================================================================================
DAG File Processing Stats

File Path                                     PID    Runtime      # DAGs    # Errors  Last Runtime    Last Run
--------------------------------------------  -----  ---------  --------  ----------  --------------  -------------------
/opt/airflow/dags/weekly_grocery_pipeline.py                           1           0  0.07s           2026-09-10T08:11:37
================================================================================
[2026-09-10T08:11:50.284+0000] {manager.py:738} INFO - Searching for files in /opt/airflow/dags
[2026-09-10T08:11:50.292+0000] {manager.py:741} INFO - There are 1 files in /opt/airflow/dags
[2026-09-10T08:12:14.527+0000] {manager.py:879} INFO - 
================================================================================
DAG File Processing Stats

File Path                                     PID    Runtime      # DAGs    # Errors  Last Runtime    Last Run
--------------------------------------------  -----  ---------  --------  ----------  --------------  -------------------
/opt/airflow/dags/weekly_grocery_pipeline.py                           1           0  0.05s           2026-09-10T08:12:07
================================================================================
[2026-09-10T08:12:44.770+0000] {manager.py:879} INFO - 
================================================================================
DAG File Processing Stats

File Path                                     PID    Runtime      # DAGs    # Errors  Last Runtime    Last Run
--------------------------------------------  -----  ---------  --------  ----------  --------------  -------------------
/opt/airflow/dags/weekly_grocery_pipeline.py                           1           0  0.05s           2026-09-10T08:12:37
================================================================================
[2026-09-10T08:13:14.997+0000] {manager.py:879} INFO - 
================================================================================
DAG File Processing Stats

File Path                                     PID    Runtime      # DAGs    # Errors  Last Runtime    Last Run
--------------------------------------------  -----  ---------  --------  ----------  --------------  -------------------
/opt/airflow/dags/weekly_grocery_pipeline.py                           1           0  0.05s           2026-09-10T08:13:07
================================================================================
[2026-09-10T08:13:45.225+0000] {manager.py:879} INFO - 
================================================================================
DAG File Processing Stats

File Path                                     PID    Runtime      # DAGs    # Errors  Last Runtime    Last Run
--------------------------------------------  -----  ---------  --------  ----------  --------------  -------------------
/opt/airflow/dags/weekly_grocery_pipeline.py                           1           0  0.05s           2026-09-10T08:13:38
================================================================================
[2026-09-10T08:14:15.534+0000] {manager.py:879} INFO - 
================================================================================
DAG File Processing Stats

File Path                                     PID    Runtime      # DAGs    # Errors  Last Runtime    Last Run
--------------------------------------------  -----  ---------  --------  ----------  --------------  -------------------
/opt/airflow/dags/weekly_grocery_pipeline.py                           1           0  0.11s           2026-09-10T08:14:08
================================================================================
[2026-09-10T08:14:45.882+0000] {manager.py:879} INFO - 
================================================================================
DAG File Processing Stats

File Path                                     PID    Runtime      # DAGs    # Errors  Last Runtime    Last Run
--------------------------------------------  -----  ---------  --------  ----------  --------------  -------------------
/opt/airflow/dags/weekly_grocery_pipeline.py                           1           0  0.07s           2026-09-10T08:14:38
================================================================================
[2026-09-10T08:15:16.255+0000] {manager.py:879} INFO - 
================================================================================
DAG File Processing Stats

File Path                                     PID    Runtime      # DAGs    # Errors  Last Runtime    Last Run
--------------------------------------------  -----  ---------  --------  ----------  --------------  -------------------
/opt/airflow/dags/weekly_grocery_pipeline.py                           1           0  0.07s           2026-09-10T08:15:09
================================================================================
[2026-09-10T08:15:46.615+0000] {manager.py:879} INFO - 
================================================================================
DAG File Processing Stats

File Path                                     PID    Runtime      # DAGs    # Errors  Last Runtime    Last Run
--------------------------------------------  -----  ---------  --------  ----------  --------------  -------------------
/opt/airflow/dags/weekly_grocery_pipeline.py                           1           0  0.07s           2026-09-10T08:15:39
================================================================================
[2026-09-10T08:16:17.005+0000] {manager.py:879} INFO - 
================================================================================
DAG File Processing Stats

File Path                                     PID    Runtime      # DAGs    # Errors  Last Runtime    Last Run
--------------------------------------------  -----  ---------  --------  ----------  --------------  -------------------
/opt/airflow/dags/weekly_grocery_pipeline.py                           1           0  0.07s           2026-09-10T08:16:09
================================================================================
[2026-09-10T08:16:47.399+0000] {manager.py:879} INFO - 
================================================================================
DAG File Processing Stats

File Path                                     PID    Runtime      # DAGs    # Errors  Last Runtime    Last Run
--------------------------------------------  -----  ---------  --------  ----------  --------------  -------------------
/opt/airflow/dags/weekly_grocery_pipeline.py                           1           0  0.07s           2026-09-10T08:16:40
================================================================================
[2026-09-10T08:16:50.445+0000] {manager.py:738} INFO - Searching for files in /opt/airflow/dags
[2026-09-10T08:16:50.454+0000] {manager.py:741} INFO - There are 1 files in /opt/airflow/dags
[2026-09-10T08:17:17.789+0000] {manager.py:879} INFO - 
================================================================================
DAG File Processing Stats

File Path                                     PID    Runtime      # DAGs    # Errors  Last Runtime    Last Run
--------------------------------------------  -----  ---------  --------  ----------  --------------  -------------------
/opt/airflow/dags/weekly_grocery_pipeline.py                           1           0  0.07s           2026-09-10T08:17:10
================================================================================
[2026-09-10T08:17:48.091+0000] {manager.py:879} INFO - 
================================================================================
DAG File Processing Stats

File Path                                     PID    Runtime      # DAGs    # Errors  Last Runtime    Last Run
--------------------------------------------  -----  ---------  --------  ----------  --------------  -------------------
/opt/airflow/dags/weekly_grocery_pipeline.py                           1           0  0.07s           2026-09-10T08:17:41
================================================================================
[2026-09-10T08:18:18.451+0000] {manager.py:879} INFO - 
================================================================================
DAG File Processing Stats

File Path                                     PID    Runtime      # DAGs    # Errors  Last Runtime    Last Run
--------------------------------------------  -----  ---------  --------  ----------  --------------  -------------------
/opt/airflow/dags/weekly_grocery_pipeline.py                           1           0  0.07s           2026-09-10T08:18:11
================================================================================
[2026-09-10T08:18:48.800+0000] {manager.py:879} INFO - 
================================================================================
DAG File Processing Stats

File Path                                     PID    Runtime      # DAGs    # Errors  Last Runtime    Last Run
--------------------------------------------  -----  ---------  --------  ----------  --------------  -------------------
/opt/airflow/dags/weekly_grocery_pipeline.py                           1           0  0.07s           2026-09-10T08:18:41
================================================================================
[2026-09-10T08:19:19.209+0000] {manager.py:879} INFO - 
================================================================================
DAG File Processing Stats

File Path                                     PID    Runtime      # DAGs    # Errors  Last Runtime    Last Run
--------------------------------------------  -----  ---------  --------  ----------  --------------  -------------------
/opt/airflow/dags/weekly_grocery_pipeline.py                           1           0  0.07s           2026-09-10T08:19:12
================================================================================
[2026-09-10T08:19:49.614+0000] {manager.py:879} INFO - 
================================================================================
DAG File Processing Stats

File Path                                     PID    Runtime      # DAGs    # Errors  Last Runtime    Last Run
--------------------------------------------  -----  ---------  --------  ----------  --------------  -------------------
/opt/airflow/dags/weekly_grocery_pipeline.py                           1           0  0.06s           2026-09-10T08:19:42
================================================================================
[2026-09-10T08:20:19.962+0000] {manager.py:879} INFO - 
================================================================================
DAG File Processing Stats

File Path                                     PID    Runtime      # DAGs    # Errors  Last Runtime    Last Run
--------------------------------------------  -----  ---------  --------  ----------  --------------  -------------------
/opt/airflow/dags/weekly_grocery_pipeline.py                           1           0  0.07s           2026-09-10T08:20:12
================================================================================
[2026-09-10T08:20:50.340+0000] {manager.py:879} INFO - 
================================================================================
DAG File Processing Stats

File Path                                     PID    Runtime      # DAGs    # Errors  Last Runtime    Last Run
--------------------------------------------  -----  ---------  --------  ----------  --------------  -------------------
/opt/airflow/dags/weekly_grocery_pipeline.py                           1           0  0.07s           2026-09-10T08:20:43
================================================================================
[2026-09-10T08:21:20.640+0000] {manager.py:879} INFO - 
================================================================================
DAG File Processing Stats

File Path                                     PID    Runtime      # DAGs    # Errors  Last Runtime    Last Run
--------------------------------------------  -----  ---------  --------  ----------  --------------  -------------------
/opt/airflow/dags/weekly_grocery_pipeline.py                           1           0  0.07s           2026-09-10T08:21:13
================================================================================
[2026-09-10T08:21:50.910+0000] {manager.py:738} INFO - Searching for files in /opt/airflow/dags
[2026-09-10T08:21:50.917+0000] {manager.py:741} INFO - There are 1 files in /opt/airflow/dags
[2026-09-10T08:21:50.923+0000] {manager.py:879} INFO - 
================================================================================
DAG File Processing Stats

File Path                                     PID    Runtime      # DAGs    # Errors  Last Runtime    Last Run
--------------------------------------------  -----  ---------  --------  ----------  --------------  -------------------
/opt/airflow/dags/weekly_grocery_pipeline.py                           1           0  0.07s           2026-09-10T08:21:43
================================================================================
[2026-09-10T08:22:21.265+0000] {manager.py:879} INFO - 
================================================================================
DAG File Processing Stats

File Path                                     PID    Runtime      # DAGs    # Errors  Last Runtime    Last Run
--------------------------------------------  -----  ---------  --------  ----------  --------------  -------------------
/opt/airflow/dags/weekly_grocery_pipeline.py                           1           0  0.07s           2026-09-10T08:22:14
================================================================================
[2026-09-10T08:22:51.653+0000] {manager.py:879} INFO - 
================================================================================
DAG File Processing Stats

File Path                                     PID    Runtime      # DAGs    # Errors  Last Runtime    Last Run
--------------------------------------------  -----  ---------  --------  ----------  --------------  -------------------
/opt/airflow/dags/weekly_grocery_pipeline.py                           1           0  0.07s           2026-09-10T08:22:44
================================================================================
[2026-09-10T08:23:22.056+0000] {manager.py:879} INFO - 
================================================================================
DAG File Processing Stats

File Path                                     PID    Runtime      # DAGs    # Errors  Last Runtime    Last Run
--------------------------------------------  -----  ---------  --------  ----------  --------------  -------------------
/opt/airflow/dags/weekly_grocery_pipeline.py                           1           0  0.07s           2026-09-10T08:23:15
================================================================================
[2026-09-10T08:23:52.424+0000] {manager.py:879} INFO - 
================================================================================
DAG File Processing Stats

File Path                                     PID    Runtime      # DAGs    # Errors  Last Runtime    Last Run
--------------------------------------------  -----  ---------  --------  ----------  --------------  -------------------
/opt/airflow/dags/weekly_grocery_pipeline.py                           1           0  0.07s           2026-09-10T08:23:45
================================================================================
[2026-09-10T08:24:22.713+0000] {manager.py:879} INFO - 
================================================================================
DAG File Processing Stats

File Path                                     PID    Runtime      # DAGs    # Errors  Last Runtime    Last Run
--------------------------------------------  -----  ---------  --------  ----------  --------------  -------------------
/opt/airflow/dags/weekly_grocery_pipeline.py                           1           0  0.07s           2026-09-10T08:24:15
================================================================================
[2026-09-10T08:24:53.103+0000] {manager.py:879} INFO - 
================================================================================
DAG File Processing Stats

File Path                                     PID    Runtime      # DAGs    # Errors  Last Runtime    Last Run
--------------------------------------------  -----  ---------  --------  ----------  --------------  -------------------
/opt/airflow/dags/weekly_grocery_pipeline.py                           1           0  0.12s           2026-09-10T08:24:46
================================================================================
[2026-09-10T09:57:18.998+0000] {manager.py:738} INFO - Searching for files in /opt/airflow/dags
[2026-09-10T09:57:19.007+0000] {manager.py:741} INFO - There are 1 files in /opt/airflow/dags
[2026-09-10T09:57:34.182+0000] {manager.py:879} INFO - 
================================================================================
DAG File Processing Stats

File Path                                     PID    Runtime      # DAGs    # Errors  Last Runtime    Last Run
--------------------------------------------  -----  ---------  --------  ----------  --------------  -------------------
/opt/airflow/dags/weekly_grocery_pipeline.py                           1           0  0.15s           2026-09-10T09:57:19
================================================================================
[2026-09-10T09:58:04.395+0000] {manager.py:879} INFO - 
================================================================================
DAG File Processing Stats

File Path                                     PID    Runtime      # DAGs    # Errors  Last Runtime    Last Run
--------------------------------------------  -----  ---------  --------  ----------  --------------  -------------------
/opt/airflow/dags/weekly_grocery_pipeline.py                           1           0  0.10s           2026-09-10T09:57:49
================================================================================
[2026-09-10T09:58:34.707+0000] {manager.py:879} INFO - 
================================================================================
DAG File Processing Stats

File Path                                     PID    Runtime      # DAGs    # Errors  Last Runtime    Last Run
--------------------------------------------  -----  ---------  --------  ----------  --------------  -------------------
/opt/airflow/dags/weekly_grocery_pipeline.py                           1           0  0.06s           2026-09-10T09:58:19
================================================================================
[2026-09-10T09:59:05.003+0000] {manager.py:879} INFO - 
================================================================================
DAG File Processing Stats

File Path                                     PID    Runtime      # DAGs    # Errors  Last Runtime    Last Run
--------------------------------------------  -----  ---------  --------  ----------  --------------  -------------------
/opt/airflow/dags/weekly_grocery_pipeline.py                           1           0  0.06s           2026-09-10T09:58:49
================================================================================
[2026-09-10T09:59:35.328+0000] {manager.py:879} INFO - 
================================================================================
DAG File Processing Stats

File Path                                     PID    Runtime      # DAGs    # Errors  Last Runtime    Last Run
--------------------------------------------  -----  ---------  --------  ----------  --------------  -------------------
/opt/airflow/dags/weekly_grocery_pipeline.py                           1           0  0.07s           2026-09-10T09:59:20
================================================================================
[2026-09-10T10:00:05.609+0000] {manager.py:879} INFO - 
================================================================================
DAG File Processing Stats

File Path                                     PID    Runtime      # DAGs    # Errors  Last Runtime    Last Run
--------------------------------------------  -----  ---------  --------  ----------  --------------  -------------------
/opt/airflow/dags/weekly_grocery_pipeline.py                           1           0  0.07s           2026-09-10T09:59:50
================================================================================
[2026-09-10T10:00:35.917+0000] {manager.py:879} INFO - 
================================================================================
DAG File Processing Stats

File Path                                     PID    Runtime      # DAGs    # Errors  Last Runtime    Last Run
--------------------------------------------  -----  ---------  --------  ----------  --------------  -------------------
/opt/airflow/dags/weekly_grocery_pipeline.py                           1           0  0.07s           2026-09-10T10:00:20
================================================================================
[2026-09-10T10:01:06.215+0000] {manager.py:879} INFO - 
================================================================================
DAG File Processing Stats

File Path                                     PID    Runtime      # DAGs    # Errors  Last Runtime    Last Run
--------------------------------------------  -----  ---------  --------  ----------  --------------  -------------------
/opt/airflow/dags/weekly_grocery_pipeline.py                           1           0  0.07s           2026-09-10T10:00:51
================================================================================
[2026-09-10T10:01:36.524+0000] {manager.py:879} INFO - 
================================================================================
DAG File Processing Stats

File Path                                     PID    Runtime      # DAGs    # Errors  Last Runtime    Last Run
--------------------------------------------  -----  ---------  --------  ----------  --------------  -------------------
/opt/airflow/dags/weekly_grocery_pipeline.py                           1           0  0.07s           2026-09-10T10:01:21
================================================================================
[2026-09-10T10:02:06.814+0000] {manager.py:879} INFO - 
================================================================================
DAG File Processing Stats

File Path                                     PID    Runtime      # DAGs    # Errors  Last Runtime    Last Run
--------------------------------------------  -----  ---------  --------  ----------  --------------  -------------------
/opt/airflow/dags/weekly_grocery_pipeline.py                           1           0  0.09s           2026-09-10T10:01:51
================================================================================
[2026-09-10T10:02:19.902+0000] {manager.py:738} INFO - Searching for files in /opt/airflow/dags
[2026-09-10T10:02:19.910+0000] {manager.py:741} INFO - There are 1 files in /opt/airflow/dags
[2026-09-10T10:02:37.124+0000] {manager.py:879} INFO - 
================================================================================
DAG File Processing Stats

File Path                                     PID    Runtime      # DAGs    # Errors  Last Runtime    Last Run
--------------------------------------------  -----  ---------  --------  ----------  --------------  -------------------
/opt/airflow/dags/weekly_grocery_pipeline.py                           1           0  0.07s           2026-09-10T10:02:22
================================================================================
[2026-09-10T10:03:07.396+0000] {manager.py:879} INFO - 
================================================================================
DAG File Processing Stats

File Path                                     PID    Runtime      # DAGs    # Errors  Last Runtime    Last Run
--------------------------------------------  -----  ---------  --------  ----------  --------------  -------------------
/opt/airflow/dags/weekly_grocery_pipeline.py                           1           0  0.07s           2026-09-10T10:02:52
================================================================================
[2026-09-10T10:03:37.681+0000] {manager.py:879} INFO - 
================================================================================
DAG File Processing Stats

File Path                                     PID    Runtime      # DAGs    # Errors  Last Runtime    Last Run
--------------------------------------------  -----  ---------  --------  ----------  --------------  -------------------
/opt/airflow/dags/weekly_grocery_pipeline.py                           1           0  0.07s           2026-09-10T10:03:22
================================================================================
[2026-09-10T10:04:07.928+0000] {manager.py:879} INFO - 
================================================================================
DAG File Processing Stats

File Path                                     PID    Runtime      # DAGs    # Errors  Last Runtime    Last Run
--------------------------------------------  -----  ---------  --------  ----------  --------------  -------------------
/opt/airflow/dags/weekly_grocery_pipeline.py                           1           0  0.07s           2026-09-10T10:03:52
================================================================================
[2026-09-10T10:04:38.174+0000] {manager.py:879} INFO - 
================================================================================
DAG File Processing Stats

File Path                                     PID    Runtime      # DAGs    # Errors  Last Runtime    Last Run
--------------------------------------------  -----  ---------  --------  ----------  --------------  -------------------
/opt/airflow/dags/weekly_grocery_pipeline.py                           1           0  0.06s           2026-09-10T10:04:23
================================================================================
[2026-09-10T10:05:08.453+0000] {manager.py:879} INFO - 
================================================================================
DAG File Processing Stats

File Path                                     PID    Runtime      # DAGs    # Errors  Last Runtime    Last Run
--------------------------------------------  -----  ---------  --------  ----------  --------------  -------------------
/opt/airflow/dags/weekly_grocery_pipeline.py                           1           0  0.07s           2026-09-10T10:04:53
================================================================================
[2026-09-10T10:05:38.756+0000] {manager.py:879} INFO - 
================================================================================
DAG File Processing Stats

File Path                                     PID    Runtime      # DAGs    # Errors  Last Runtime    Last Run
--------------------------------------------  -----  ---------  --------  ----------  --------------  -------------------
/opt/airflow/dags/weekly_grocery_pipeline.py                           1           0  0.07s           2026-09-10T10:05:23
================================================================================
[2026-09-10T10:06:09.103+0000] {manager.py:879} INFO - 
================================================================================
DAG File Processing Stats

File Path                                     PID    Runtime      # DAGs    # Errors  Last Runtime    Last Run
--------------------------------------------  -----  ---------  --------  ----------  --------------  -------------------
/opt/airflow/dags/weekly_grocery_pipeline.py                           1           0  0.16s           2026-09-10T10:05:54
================================================================================
[2026-09-10T10:06:39.392+0000] {manager.py:879} INFO - 
================================================================================
DAG File Processing Stats

File Path                                     PID    Runtime      # DAGs    # Errors  Last Runtime    Last Run
--------------------------------------------  -----  ---------  --------  ----------  --------------  -------------------
/opt/airflow/dags/weekly_grocery_pipeline.py                           1           0  0.07s           2026-09-10T10:06:24
================================================================================
[2026-09-10T10:07:09.685+0000] {manager.py:879} INFO - 
================================================================================
DAG File Processing Stats

File Path                                     PID    Runtime      # DAGs    # Errors  Last Runtime    Last Run
--------------------------------------------  -----  ---------  --------  ----------  --------------  -------------------
/opt/airflow/dags/weekly_grocery_pipeline.py                           1           0  0.07s           2026-09-10T10:06:54
================================================================================
[2026-09-10T10:07:20.761+0000] {manager.py:738} INFO - Searching for files in /opt/airflow/dags
[2026-09-10T10:07:20.769+0000] {manager.py:741} INFO - There are 1 files in /opt/airflow/dags
[2026-09-10T10:07:39.959+0000] {manager.py:879} INFO - 
================================================================================
DAG File Processing Stats

File Path                                     PID    Runtime      # DAGs    # Errors  Last Runtime    Last Run
--------------------------------------------  -----  ---------  --------  ----------  --------------  -------------------
/opt/airflow/dags/weekly_grocery_pipeline.py                           1           0  0.08s           2026-09-10T10:07:24
================================================================================
[2026-09-10T10:08:10.260+0000] {manager.py:879} INFO - 
================================================================================
DAG File Processing Stats

File Path                                     PID    Runtime      # DAGs    # Errors  Last Runtime    Last Run
--------------------------------------------  -----  ---------  --------  ----------  --------------  -------------------
/opt/airflow/dags/weekly_grocery_pipeline.py                           1           0  0.07s           2026-09-10T10:07:55
================================================================================
[2026-09-10T10:08:40.548+0000] {manager.py:879} INFO - 
================================================================================
DAG File Processing Stats

File Path                                     PID    Runtime      # DAGs    # Errors  Last Runtime    Last Run
--------------------------------------------  -----  ---------  --------  ----------  --------------  -------------------
/opt/airflow/dags/weekly_grocery_pipeline.py                           1           0  0.06s           2026-09-10T10:08:25
================================================================================
[2026-09-10T10:09:10.796+0000] {manager.py:879} INFO - 
================================================================================
DAG File Processing Stats

File Path                                     PID    Runtime      # DAGs    # Errors  Last Runtime    Last Run
--------------------------------------------  -----  ---------  --------  ----------  --------------  -------------------
/opt/airflow/dags/weekly_grocery_pipeline.py                           1           0  0.07s           2026-09-10T10:08:55
================================================================================
[2026-09-10T10:09:41.059+0000] {manager.py:879} INFO - 
================================================================================
DAG File Processing Stats

File Path                                     PID    Runtime      # DAGs    # Errors  Last Runtime    Last Run
--------------------------------------------  -----  ---------  --------  ----------  --------------  -------------------
/opt/airflow/dags/weekly_grocery_pipeline.py                           1           0  0.07s           2026-09-10T10:09:25
================================================================================
[2026-09-10T10:10:11.367+0000] {manager.py:879} INFO - 
================================================================================
DAG File Processing Stats

File Path                                     PID    Runtime      # DAGs    # Errors  Last Runtime    Last Run
--------------------------------------------  -----  ---------  --------  ----------  --------------  -------------------
/opt/airflow/dags/weekly_grocery_pipeline.py                           1           0  0.07s           2026-09-10T10:09:56
================================================================================
[2026-09-10T10:10:41.681+0000] {manager.py:879} INFO - 
================================================================================
DAG File Processing Stats

File Path                                     PID    Runtime      # DAGs    # Errors  Last Runtime    Last Run
--------------------------------------------  -----  ---------  --------  ----------  --------------  -------------------
/opt/airflow/dags/weekly_grocery_pipeline.py                           1           0  0.11s           2026-09-10T10:10:26
================================================================================
[2026-09-10T10:11:12.054+0000] {manager.py:879} INFO - 
================================================================================
DAG File Processing Stats

File Path                                     PID    Runtime      # DAGs    # Errors  Last Runtime    Last Run
--------------------------------------------  -----  ---------  --------  ----------  --------------  -------------------
/opt/airflow/dags/weekly_grocery_pipeline.py                           1           0  0.15s           2026-09-10T10:10:57
================================================================================
[2026-09-10T10:11:42.331+0000] {manager.py:879} INFO - 
================================================================================
DAG File Processing Stats

File Path                                     PID    Runtime      # DAGs    # Errors  Last Runtime    Last Run
--------------------------------------------  -----  ---------  --------  ----------  --------------  -------------------
/opt/airflow/dags/weekly_grocery_pipeline.py                           1           0  0.12s           2026-09-10T10:11:27
================================================================================
[2026-09-10T10:12:12.697+0000] {manager.py:879} INFO - 
================================================================================
DAG File Processing Stats

File Path                                     PID    Runtime      # DAGs    # Errors  Last Runtime    Last Run
--------------------------------------------  -----  ---------  --------  ----------  --------------  -------------------
/opt/airflow/dags/weekly_grocery_pipeline.py                           1           0  0.12s           2026-09-10T10:11:57
================================================================================
[2026-09-10T10:12:20.775+0000] {manager.py:738} INFO - Searching for files in /opt/airflow/dags
[2026-09-10T10:12:20.782+0000] {manager.py:741} INFO - There are 1 files in /opt/airflow/dags
[2026-09-10T10:12:43.032+0000] {manager.py:879} INFO - 
================================================================================
DAG File Processing Stats

File Path                                     PID    Runtime      # DAGs    # Errors  Last Runtime    Last Run
--------------------------------------------  -----  ---------  --------  ----------  --------------  -------------------
/opt/airflow/dags/weekly_grocery_pipeline.py                           1           0  0.10s           2026-09-10T10:12:27
================================================================================
[2026-09-10T10:13:13.395+0000] {manager.py:879} INFO - 
================================================================================
DAG File Processing Stats

File Path                                     PID    Runtime      # DAGs    # Errors  Last Runtime    Last Run
--------------------------------------------  -----  ---------  --------  ----------  --------------  -------------------
/opt/airflow/dags/weekly_grocery_pipeline.py                           1           0  0.11s           2026-09-10T10:12:58
================================================================================
[2026-09-10T10:13:43.687+0000] {manager.py:879} INFO - 
================================================================================
DAG File Processing Stats

File Path                                     PID    Runtime      # DAGs    # Errors  Last Runtime    Last Run
--------------------------------------------  -----  ---------  --------  ----------  --------------  -------------------
/opt/airflow/dags/weekly_grocery_pipeline.py                           1           0  0.09s           2026-09-10T10:13:28
================================================================================
[2026-09-10T10:14:13.983+0000] {manager.py:879} INFO - 
================================================================================
DAG File Processing Stats

File Path                                     PID    Runtime      # DAGs    # Errors  Last Runtime    Last Run
--------------------------------------------  -----  ---------  --------  ----------  --------------  -------------------
/opt/airflow/dags/weekly_grocery_pipeline.py                           1           0  0.06s           2026-09-10T10:13:58
================================================================================
[2026-09-10T10:14:44.320+0000] {manager.py:879} INFO - 
================================================================================
DAG File Processing Stats

File Path                                     PID    Runtime      # DAGs    # Errors  Last Runtime    Last Run
--------------------------------------------  -----  ---------  --------  ----------  --------------  -------------------
/opt/airflow/dags/weekly_grocery_pipeline.py                           1           0  0.10s           2026-09-10T10:14:29
================================================================================
[2026-09-10T10:15:14.608+0000] {manager.py:879} INFO - 
================================================================================
DAG File Processing Stats

File Path                                     PID    Runtime      # DAGs    # Errors  Last Runtime    Last Run
--------------------------------------------  -----  ---------  --------  ----------  --------------  -------------------
/opt/airflow/dags/weekly_grocery_pipeline.py                           1           0  0.07s           2026-09-10T10:14:59
================================================================================
[2026-09-10T10:15:44.885+0000] {manager.py:879} INFO - 
================================================================================
DAG File Processing Stats

File Path                                     PID    Runtime      # DAGs    # Errors  Last Runtime    Last Run
--------------------------------------------  -----  ---------  --------  ----------  --------------  -------------------
/opt/airflow/dags/weekly_grocery_pipeline.py                           1           0  0.07s           2026-09-10T10:15:29
================================================================================
[2026-09-10T10:16:15.172+0000] {manager.py:879} INFO - 
================================================================================
DAG File Processing Stats

File Path                                     PID    Runtime      # DAGs    # Errors  Last Runtime    Last Run
--------------------------------------------  -----  ---------  --------  ----------  --------------  -------------------
/opt/airflow/dags/weekly_grocery_pipeline.py                           1           0  0.07s           2026-09-10T10:16:00
================================================================================
[2026-09-10T10:16:45.448+0000] {manager.py:879} INFO - 
================================================================================
DAG File Processing Stats

File Path                                     PID    Runtime      # DAGs    # Errors  Last Runtime    Last Run
--------------------------------------------  -----  ---------  --------  ----------  --------------  -------------------
/opt/airflow/dags/weekly_grocery_pipeline.py                           1           0  0.05s           2026-09-10T10:16:30
================================================================================
[2026-09-10T10:17:15.734+0000] {manager.py:879} INFO - 
================================================================================
DAG File Processing Stats

File Path                                     PID    Runtime      # DAGs    # Errors  Last Runtime    Last Run
--------------------------------------------  -----  ---------  --------  ----------  --------------  -------------------
/opt/airflow/dags/weekly_grocery_pipeline.py                           1           0  0.07s           2026-09-10T10:17:00
================================================================================
[2026-09-10T10:17:20.784+0000] {manager.py:738} INFO - Searching for files in /opt/airflow/dags
[2026-09-10T10:17:20.793+0000] {manager.py:741} INFO - There are 1 files in /opt/airflow/dags
[2026-09-10T10:17:46.009+0000] {manager.py:879} INFO - 
================================================================================
DAG File Processing Stats

File Path                                     PID    Runtime      # DAGs    # Errors  Last Runtime    Last Run
--------------------------------------------  -----  ---------  --------  ----------  --------------  -------------------
/opt/airflow/dags/weekly_grocery_pipeline.py                           1           0  0.07s           2026-09-10T10:17:30
================================================================================
[2026-09-10T10:18:16.265+0000] {manager.py:879} INFO - 
================================================================================
DAG File Processing Stats

File Path                                     PID    Runtime      # DAGs    # Errors  Last Runtime    Last Run
--------------------------------------------  -----  ---------  --------  ----------  --------------  -------------------
/opt/airflow/dags/weekly_grocery_pipeline.py                           1           0  0.07s           2026-09-10T10:18:01
================================================================================
[2026-09-10T10:18:46.557+0000] {manager.py:879} INFO - 
================================================================================
DAG File Processing Stats

File Path                                     PID    Runtime      # DAGs    # Errors  Last Runtime    Last Run
--------------------------------------------  -----  ---------  --------  ----------  --------------  -------------------
/opt/airflow/dags/weekly_grocery_pipeline.py                           1           0  0.07s           2026-09-10T10:18:31
================================================================================
[2026-09-10T10:19:16.869+0000] {manager.py:879} INFO - 
================================================================================
DAG File Processing Stats

File Path                                     PID    Runtime      # DAGs    # Errors  Last Runtime    Last Run
--------------------------------------------  -----  ---------  --------  ----------  --------------  -------------------
/opt/airflow/dags/weekly_grocery_pipeline.py                           1           0  0.07s           2026-09-10T10:19:01
================================================================================
[2026-09-10T10:19:47.256+0000] {manager.py:879} INFO - 
================================================================================
DAG File Processing Stats

File Path                                     PID    Runtime      # DAGs    # Errors  Last Runtime    Last Run
--------------------------------------------  -----  ---------  --------  ----------  --------------  -------------------
/opt/airflow/dags/weekly_grocery_pipeline.py                           1           0  0.07s           2026-09-10T10:19:32
================================================================================
[2026-09-10T10:20:17.693+0000] {manager.py:879} INFO - 
================================================================================
DAG File Processing Stats

File Path                                     PID    Runtime      # DAGs    # Errors  Last Runtime    Last Run
--------------------------------------------  -----  ---------  --------  ----------  --------------  -------------------
/opt/airflow/dags/weekly_grocery_pipeline.py                           1           0  0.12s           2026-09-10T10:20:02
================================================================================
[2026-09-10T10:20:48.067+0000] {manager.py:879} INFO - 
================================================================================
DAG File Processing Stats

File Path                                     PID    Runtime      # DAGs    # Errors  Last Runtime    Last Run
--------------------------------------------  -----  ---------  --------  ----------  --------------  -------------------
/opt/airflow/dags/weekly_grocery_pipeline.py                           1           0  0.07s           2026-09-10T10:20:32
================================================================================
[2026-09-10T10:21:18.361+0000] {manager.py:879} INFO - 
================================================================================
DAG File Processing Stats

File Path                                     PID    Runtime      # DAGs    # Errors  Last Runtime    Last Run
--------------------------------------------  -----  ---------  --------  ----------  --------------  -------------------
/opt/airflow/dags/weekly_grocery_pipeline.py                           1           0  0.07s           2026-09-10T10:21:03
================================================================================
[2026-09-10T10:21:48.648+0000] {manager.py:879} INFO - 
================================================================================
DAG File Processing Stats

File Path                                     PID    Runtime      # DAGs    # Errors  Last Runtime    Last Run
--------------------------------------------  -----  ---------  --------  ----------  --------------  -------------------
/opt/airflow/dags/weekly_grocery_pipeline.py                           1           0  0.09s           2026-09-10T10:21:33
================================================================================
[2026-09-10T10:22:18.989+0000] {manager.py:879} INFO - 
================================================================================
DAG File Processing Stats

File Path                                     PID    Runtime      # DAGs    # Errors  Last Runtime    Last Run
--------------------------------------------  -----  ---------  --------  ----------  --------------  -------------------
/opt/airflow/dags/weekly_grocery_pipeline.py                           1           0  0.12s           2026-09-10T10:22:03
================================================================================
[2026-09-10T10:22:21.014+0000] {manager.py:738} INFO - Searching for files in /opt/airflow/dags
[2026-09-10T10:22:21.025+0000] {manager.py:741} INFO - There are 1 files in /opt/airflow/dags
[2026-09-10T10:22:49.316+0000] {manager.py:879} INFO - 
================================================================================
DAG File Processing Stats

File Path                                     PID    Runtime      # DAGs    # Errors  Last Runtime    Last Run
--------------------------------------------  -----  ---------  --------  ----------  --------------  -------------------
/opt/airflow/dags/weekly_grocery_pipeline.py                           1           0  0.10s           2026-09-10T10:22:34
================================================================================
[2026-09-10T10:23:19.600+0000] {manager.py:879} INFO - 
================================================================================
DAG File Processing Stats

File Path                                     PID    Runtime      # DAGs    # Errors  Last Runtime    Last Run
--------------------------------------------  -----  ---------  --------  ----------  --------------  -------------------
/opt/airflow/dags/weekly_grocery_pipeline.py                           1           0  0.09s           2026-09-10T10:23:04
================================================================================
[2026-09-10T10:23:49.931+0000] {manager.py:879} INFO - 
================================================================================
DAG File Processing Stats

File Path                                     PID    Runtime      # DAGs    # Errors  Last Runtime    Last Run
--------------------------------------------  -----  ---------  --------  ----------  --------------  -------------------
/opt/airflow/dags/weekly_grocery_pipeline.py                           1           0  0.08s           2026-09-10T10:23:34
================================================================================
[2026-09-10T10:24:20.223+0000] {manager.py:879} INFO - 
================================================================================
DAG File Processing Stats

File Path                                     PID    Runtime      # DAGs    # Errors  Last Runtime    Last Run
--------------------------------------------  -----  ---------  --------  ----------  --------------  -------------------
/opt/airflow/dags/weekly_grocery_pipeline.py                           1           0  0.07s           2026-09-10T10:24:05
================================================================================
[2026-09-10T10:24:50.529+0000] {manager.py:879} INFO - 
================================================================================
DAG File Processing Stats

File Path                                     PID    Runtime      # DAGs    # Errors  Last Runtime    Last Run
--------------------------------------------  -----  ---------  --------  ----------  --------------  -------------------
/opt/airflow/dags/weekly_grocery_pipeline.py                           1           0  0.09s           2026-09-10T10:24:35
================================================================================
[2026-09-10T10:25:20.824+0000] {manager.py:879} INFO - 
================================================================================
DAG File Processing Stats

File Path                                     PID    Runtime      # DAGs    # Errors  Last Runtime    Last Run
--------------------------------------------  -----  ---------  --------  ----------  --------------  -------------------
/opt/airflow/dags/weekly_grocery_pipeline.py                           1           0  0.09s           2026-09-10T10:25:05
================================================================================
[2026-09-10T10:25:51.109+0000] {manager.py:879} INFO - 
================================================================================
DAG File Processing Stats

File Path                                     PID    Runtime      # DAGs    # Errors  Last Runtime    Last Run
--------------------------------------------  -----  ---------  --------  ----------  --------------  -------------------
/opt/airflow/dags/weekly_grocery_pipeline.py                           1           0  0.06s           2026-09-10T10:25:36
================================================================================
[2026-09-10T10:26:21.387+0000] {manager.py:879} INFO - 
================================================================================
DAG File Processing Stats

File Path                                     PID    Runtime      # DAGs    # Errors  Last Runtime    Last Run
--------------------------------------------  -----  ---------  --------  ----------  --------------  -------------------
/opt/airflow/dags/weekly_grocery_pipeline.py                           1           0  0.07s           2026-09-10T10:26:06
================================================================================
[2026-09-10T10:26:51.713+0000] {manager.py:879} INFO - 
================================================================================
DAG File Processing Stats

File Path                                     PID    Runtime      # DAGs    # Errors  Last Runtime    Last Run
--------------------------------------------  -----  ---------  --------  ----------  --------------  -------------------
/opt/airflow/dags/weekly_grocery_pipeline.py                           1           0  0.12s           2026-09-10T10:26:36
================================================================================
[2026-09-10T10:27:21.034+0000] {manager.py:738} INFO - Searching for files in /opt/airflow/dags
[2026-09-10T10:27:21.042+0000] {manager.py:741} INFO - There are 1 files in /opt/airflow/dags
[2026-09-10T10:27:22.061+0000] {manager.py:879} INFO - 
================================================================================
DAG File Processing Stats

File Path                                     PID    Runtime      # DAGs    # Errors  Last Runtime    Last Run
--------------------------------------------  -----  ---------  --------  ----------  --------------  -------------------
/opt/airflow/dags/weekly_grocery_pipeline.py                           1           0  0.07s           2026-09-10T10:27:06
================================================================================
[2026-09-10T10:27:52.366+0000] {manager.py:879} INFO - 
================================================================================
DAG File Processing Stats

File Path                                     PID    Runtime      # DAGs    # Errors  Last Runtime    Last Run
--------------------------------------------  -----  ---------  --------  ----------  --------------  -------------------
/opt/airflow/dags/weekly_grocery_pipeline.py                           1           0  0.07s           2026-09-10T10:27:37
================================================================================
[2026-09-10T10:28:22.652+0000] {manager.py:879} INFO - 
================================================================================
DAG File Processing Stats

File Path                                     PID    Runtime      # DAGs    # Errors  Last Runtime    Last Run
--------------------------------------------  -----  ---------  --------  ----------  --------------  -------------------
/opt/airflow/dags/weekly_grocery_pipeline.py                           1           0  0.07s           2026-09-10T10:28:07
================================================================================
[2026-09-10T10:28:52.956+0000] {manager.py:879} INFO - 
================================================================================
DAG File Processing Stats

File Path                                     PID    Runtime      # DAGs    # Errors  Last Runtime    Last Run
--------------------------------------------  -----  ---------  --------  ----------  --------------  -------------------
/opt/airflow/dags/weekly_grocery_pipeline.py                           1           0  0.08s           2026-09-10T10:28:37
================================================================================
[2026-09-10T10:29:23.205+0000] {manager.py:879} INFO - 
================================================================================
DAG File Processing Stats

File Path                                     PID    Runtime      # DAGs    # Errors  Last Runtime    Last Run
--------------------------------------------  -----  ---------  --------  ----------  --------------  -------------------
/opt/airflow/dags/weekly_grocery_pipeline.py                           1           0  0.07s           2026-09-10T10:29:08
================================================================================
[2026-09-10T10:29:53.536+0000] {manager.py:879} INFO - 
================================================================================
DAG File Processing Stats

File Path                                     PID    Runtime      # DAGs    # Errors  Last Runtime    Last Run
--------------------------------------------  -----  ---------  --------  ----------  --------------  -------------------
/opt/airflow/dags/weekly_grocery_pipeline.py                           1           0  0.11s           2026-09-10T10:29:38
================================================================================
[2026-09-10T10:30:23.840+0000] {manager.py:879} INFO - 
================================================================================
DAG File Processing Stats

File Path                                     PID    Runtime      # DAGs    # Errors  Last Runtime    Last Run
--------------------------------------------  -----  ---------  --------  ----------  --------------  -------------------
/opt/airflow/dags/weekly_grocery_pipeline.py                           1           0  0.07s           2026-09-10T10:30:08
================================================================================
[2026-09-10T10:30:54.071+0000] {manager.py:879} INFO - 
================================================================================
DAG File Processing Stats

File Path                                     PID    Runtime      # DAGs    # Errors  Last Runtime    Last Run
--------------------------------------------  -----  ---------  --------  ----------  --------------  -------------------
/opt/airflow/dags/weekly_grocery_pipeline.py                           1           0  0.06s           2026-09-10T10:30:39
================================================================================
[2026-09-10T10:31:24.395+0000] {manager.py:879} INFO - 
================================================================================
DAG File Processing Stats

File Path                                     PID    Runtime      # DAGs    # Errors  Last Runtime    Last Run
--------------------------------------------  -----  ---------  --------  ----------  --------------  -------------------
/opt/airflow/dags/weekly_grocery_pipeline.py                           1           0  0.09s           2026-09-10T10:31:09
================================================================================
[2026-09-10T10:31:54.635+0000] {manager.py:879} INFO - 
================================================================================
DAG File Processing Stats

File Path                                     PID    Runtime      # DAGs    # Errors  Last Runtime    Last Run
--------------------------------------------  -----  ---------  --------  ----------  --------------  -------------------
/opt/airflow/dags/weekly_grocery_pipeline.py                           1           0  0.08s           2026-09-10T10:31:39
================================================================================
[2026-09-10T10:32:21.841+0000] {manager.py:738} INFO - Searching for files in /opt/airflow/dags
[2026-09-10T10:32:21.848+0000] {manager.py:741} INFO - There are 1 files in /opt/airflow/dags
[2026-09-10T10:32:24.885+0000] {manager.py:879} INFO - 
================================================================================
DAG File Processing Stats

File Path                                     PID    Runtime      # DAGs    # Errors  Last Runtime    Last Run
--------------------------------------------  -----  ---------  --------  ----------  --------------  -------------------
/opt/airflow/dags/weekly_grocery_pipeline.py                           1           0  0.07s           2026-09-10T10:32:09
================================================================================
[2026-09-10T10:32:55.120+0000] {manager.py:879} INFO - 
================================================================================
DAG File Processing Stats

File Path                                     PID    Runtime      # DAGs    # Errors  Last Runtime    Last Run
--------------------------------------------  -----  ---------  --------  ----------  --------------  -------------------
/opt/airflow/dags/weekly_grocery_pipeline.py                           1           0  0.07s           2026-09-10T10:32:40
================================================================================
[2026-09-10T10:33:25.401+0000] {manager.py:879} INFO - 
================================================================================
DAG File Processing Stats

File Path                                     PID    Runtime      # DAGs    # Errors  Last Runtime    Last Run
--------------------------------------------  -----  ---------  --------  ----------  --------------  -------------------
/opt/airflow/dags/weekly_grocery_pipeline.py                           1           0  0.09s           2026-09-10T10:33:10
================================================================================
[2026-09-10T10:33:55.659+0000] {manager.py:879} INFO - 
================================================================================
DAG File Processing Stats

File Path                                     PID    Runtime      # DAGs    # Errors  Last Runtime    Last Run
--------------------------------------------  -----  ---------  --------  ----------  --------------  -------------------
/opt/airflow/dags/weekly_grocery_pipeline.py                           1           0  0.08s           2026-09-10T10:33:40
================================================================================
[2026-09-10T10:34:25.949+0000] {manager.py:879} INFO - 
================================================================================
DAG File Processing Stats

File Path                                     PID    Runtime      # DAGs    # Errors  Last Runtime    Last Run
--------------------------------------------  -----  ---------  --------  ----------  --------------  -------------------
/opt/airflow/dags/weekly_grocery_pipeline.py                           1           0  0.06s           2026-09-10T10:34:10
================================================================================
[2026-09-10T10:34:56.223+0000] {manager.py:879} INFO - 
================================================================================
DAG File Processing Stats

File Path                                     PID    Runtime      # DAGs    # Errors  Last Runtime    Last Run
--------------------------------------------  -----  ---------  --------  ----------  --------------  -------------------
/opt/airflow/dags/weekly_grocery_pipeline.py                           1           0  0.06s           2026-09-10T10:34:41
================================================================================
[2026-09-10T10:35:26.510+0000] {manager.py:879} INFO - 
================================================================================
DAG File Processing Stats

File Path                                     PID    Runtime      # DAGs    # Errors  Last Runtime    Last Run
--------------------------------------------  -----  ---------  --------  ----------  --------------  -------------------
/opt/airflow/dags/weekly_grocery_pipeline.py                           1           0  0.07s           2026-09-10T10:35:11
================================================================================
[2026-09-10T10:35:56.820+0000] {manager.py:879} INFO - 
================================================================================
DAG File Processing Stats

File Path                                     PID    Runtime      # DAGs    # Errors  Last Runtime    Last Run
--------------------------------------------  -----  ---------  --------  ----------  --------------  -------------------
/opt/airflow/dags/weekly_grocery_pipeline.py                           1           0  0.10s           2026-09-10T10:35:41
================================================================================
[2026-09-10T10:36:27.123+0000] {manager.py:879} INFO - 
================================================================================
DAG File Processing Stats

File Path                                     PID    Runtime      # DAGs    # Errors  Last Runtime    Last Run
--------------------------------------------  -----  ---------  --------  ----------  --------------  -------------------
/opt/airflow/dags/weekly_grocery_pipeline.py                           1           0  0.07s           2026-09-10T10:36:12
================================================================================
[2026-09-10T10:36:57.415+0000] {manager.py:879} INFO - 
================================================================================
DAG File Processing Stats

File Path                                     PID    Runtime      # DAGs    # Errors  Last Runtime    Last Run
--------------------------------------------  -----  ---------  --------  ----------  --------------  -------------------
/opt/airflow/dags/weekly_grocery_pipeline.py                           1           0  0.07s           2026-09-10T10:36:42
================================================================================
[2026-09-10T10:37:22.660+0000] {manager.py:738} INFO - Searching for files in /opt/airflow/dags
[2026-09-10T10:37:22.667+0000] {manager.py:741} INFO - There are 1 files in /opt/airflow/dags
[2026-09-10T10:37:27.723+0000] {manager.py:879} INFO - 
================================================================================
DAG File Processing Stats

File Path                                     PID    Runtime      # DAGs    # Errors  Last Runtime    Last Run
--------------------------------------------  -----  ---------  --------  ----------  --------------  -------------------
/opt/airflow/dags/weekly_grocery_pipeline.py                           1           0  0.08s           2026-09-10T10:37:12
================================================================================
[2026-09-10T10:37:58.049+0000] {manager.py:879} INFO - 
================================================================================
DAG File Processing Stats

File Path                                     PID    Runtime      # DAGs    # Errors  Last Runtime    Last Run
--------------------------------------------  -----  ---------  --------  ----------  --------------  -------------------
/opt/airflow/dags/weekly_grocery_pipeline.py                           1           0  0.13s           2026-09-10T10:37:43
================================================================================
[2026-09-10T10:38:28.426+0000] {manager.py:879} INFO - 
================================================================================
DAG File Processing Stats

File Path                                     PID    Runtime      # DAGs    # Errors  Last Runtime    Last Run
--------------------------------------------  -----  ---------  --------  ----------  --------------  -------------------
/opt/airflow/dags/weekly_grocery_pipeline.py                           1           0  0.10s           2026-09-10T10:38:13
================================================================================
[2026-09-10T10:38:58.788+0000] {manager.py:879} INFO - 
================================================================================
DAG File Processing Stats

File Path                                     PID    Runtime      # DAGs    # Errors  Last Runtime    Last Run
--------------------------------------------  -----  ---------  --------  ----------  --------------  -------------------
/opt/airflow/dags/weekly_grocery_pipeline.py                           1           0  0.12s           2026-09-10T10:38:43
================================================================================
[2026-09-10T10:39:29.051+0000] {manager.py:879} INFO - 
================================================================================
DAG File Processing Stats

File Path                                     PID    Runtime      # DAGs    # Errors  Last Runtime    Last Run
--------------------------------------------  -----  ---------  --------  ----------  --------------  -------------------
/opt/airflow/dags/weekly_grocery_pipeline.py                           1           0  0.10s           2026-09-10T10:39:14
================================================================================
[2026-09-10T10:39:59.326+0000] {manager.py:879} INFO - 
================================================================================
DAG File Processing Stats

File Path                                     PID    Runtime      # DAGs    # Errors  Last Runtime    Last Run
--------------------------------------------  -----  ---------  --------  ----------  --------------  -------------------
/opt/airflow/dags/weekly_grocery_pipeline.py                           1           0  0.07s           2026-09-10T10:39:44
================================================================================
[2026-09-10T10:40:29.583+0000] {manager.py:879} INFO - 
================================================================================
DAG File Processing Stats

File Path                                     PID    Runtime      # DAGs    # Errors  Last Runtime    Last Run
--------------------------------------------  -----  ---------  --------  ----------  --------------  -------------------
/opt/airflow/dags/weekly_grocery_pipeline.py                           1           0  0.07s           2026-09-10T10:40:14
================================================================================
[2026-09-10T10:40:59.855+0000] {manager.py:879} INFO - 
================================================================================
DAG File Processing Stats

File Path                                     PID    Runtime      # DAGs    # Errors  Last Runtime    Last Run
--------------------------------------------  -----  ---------  --------  ----------  --------------  -------------------
/opt/airflow/dags/weekly_grocery_pipeline.py                           1           0  0.08s           2026-09-10T10:40:44
================================================================================
[2026-09-10T10:41:30.121+0000] {manager.py:879} INFO - 
================================================================================
DAG File Processing Stats

File Path                                     PID    Runtime      # DAGs    # Errors  Last Runtime    Last Run
--------------------------------------------  -----  ---------  --------  ----------  --------------  -------------------
/opt/airflow/dags/weekly_grocery_pipeline.py                           1           0  0.07s           2026-09-10T10:41:15
================================================================================
[2026-09-10T10:42:00.376+0000] {manager.py:879} INFO - 
================================================================================
DAG File Processing Stats

File Path                                     PID    Runtime      # DAGs    # Errors  Last Runtime    Last Run
--------------------------------------------  -----  ---------  --------  ----------  --------------  -------------------
/opt/airflow/dags/weekly_grocery_pipeline.py                           1           0  0.07s           2026-09-10T10:41:45
================================================================================
[2026-09-10T10:42:23.565+0000] {manager.py:738} INFO - Searching for files in /opt/airflow/dags
[2026-09-10T10:42:23.573+0000] {manager.py:741} INFO - There are 1 files in /opt/airflow/dags
[2026-09-10T10:42:30.636+0000] {manager.py:879} INFO - 
================================================================================
DAG File Processing Stats

File Path                                     PID    Runtime      # DAGs    # Errors  Last Runtime    Last Run
--------------------------------------------  -----  ---------  --------  ----------  --------------  -------------------
/opt/airflow/dags/weekly_grocery_pipeline.py                           1           0  0.08s           2026-09-10T10:42:15
================================================================================
[2026-09-10T10:43:00.892+0000] {manager.py:879} INFO - 
================================================================================
DAG File Processing Stats

File Path                                     PID    Runtime      # DAGs    # Errors  Last Runtime    Last Run
--------------------------------------------  -----  ---------  --------  ----------  --------------  -------------------
/opt/airflow/dags/weekly_grocery_pipeline.py                           1           0  0.07s           2026-09-10T10:42:45
================================================================================
[2026-09-10T10:43:31.162+0000] {manager.py:879} INFO - 
================================================================================
DAG File Processing Stats

File Path                                     PID    Runtime      # DAGs    # Errors  Last Runtime    Last Run
--------------------------------------------  -----  ---------  --------  ----------  --------------  -------------------
/opt/airflow/dags/weekly_grocery_pipeline.py                           1           0  0.09s           2026-09-10T10:43:16
================================================================================
[2026-09-10T10:44:01.459+0000] {manager.py:879} INFO - 
================================================================================
DAG File Processing Stats

File Path                                     PID    Runtime      # DAGs    # Errors  Last Runtime    Last Run
--------------------------------------------  -----  ---------  --------  ----------  --------------  -------------------
/opt/airflow/dags/weekly_grocery_pipeline.py                           1           0  0.08s           2026-09-10T10:43:46
================================================================================
[2026-09-10T10:44:31.720+0000] {manager.py:879} INFO - 
================================================================================
DAG File Processing Stats

File Path                                     PID    Runtime      # DAGs    # Errors  Last Runtime    Last Run
--------------------------------------------  -----  ---------  --------  ----------  --------------  -------------------
/opt/airflow/dags/weekly_grocery_pipeline.py                           1           0  0.07s           2026-09-10T10:44:16
================================================================================
[2026-09-10T10:45:02.001+0000] {manager.py:879} INFO - 
================================================================================
DAG File Processing Stats

File Path                                     PID    Runtime      # DAGs    # Errors  Last Runtime    Last Run
--------------------------------------------  -----  ---------  --------  ----------  --------------  -------------------
/opt/airflow/dags/weekly_grocery_pipeline.py                           1           0  0.07s           2026-09-10T10:44:46
================================================================================
[2026-09-10T10:45:32.277+0000] {manager.py:879} INFO - 
================================================================================
DAG File Processing Stats

File Path                                     PID    Runtime      # DAGs    # Errors  Last Runtime    Last Run
--------------------------------------------  -----  ---------  --------  ----------  --------------  -------------------
/opt/airflow/dags/weekly_grocery_pipeline.py                           1           0  0.06s           2026-09-10T10:45:17
================================================================================
[2026-09-10T10:46:02.545+0000] {manager.py:879} INFO - 
================================================================================
DAG File Processing Stats

File Path                                     PID    Runtime      # DAGs    # Errors  Last Runtime    Last Run
--------------------------------------------  -----  ---------  --------  ----------  --------------  -------------------
/opt/airflow/dags/weekly_grocery_pipeline.py                           1           0  0.11s           2026-09-10T10:45:47
================================================================================
[2026-09-10T10:46:32.862+0000] {manager.py:879} INFO - 
================================================================================
DAG File Processing Stats

File Path                                     PID    Runtime      # DAGs    # Errors  Last Runtime    Last Run
--------------------------------------------  -----  ---------  --------  ----------  --------------  -------------------
/opt/airflow/dags/weekly_grocery_pipeline.py                           1           0  0.08s           2026-09-10T10:46:17
================================================================================
[2026-09-10T10:47:03.186+0000] {manager.py:879} INFO - 
================================================================================
DAG File Processing Stats

File Path                                     PID    Runtime      # DAGs    # Errors  Last Runtime    Last Run
--------------------------------------------  -----  ---------  --------  ----------  --------------  -------------------
/opt/airflow/dags/weekly_grocery_pipeline.py                           1           0  0.07s           2026-09-10T10:46:48
================================================================================
[2026-09-10T10:47:24.412+0000] {manager.py:738} INFO - Searching for files in /opt/airflow/dags
[2026-09-10T10:47:24.419+0000] {manager.py:741} INFO - There are 1 files in /opt/airflow/dags
[2026-09-10T10:47:33.521+0000] {manager.py:879} INFO - 
================================================================================
DAG File Processing Stats

File Path                                     PID    Runtime      # DAGs    # Errors  Last Runtime    Last Run
--------------------------------------------  -----  ---------  --------  ----------  --------------  -------------------
/opt/airflow/dags/weekly_grocery_pipeline.py                           1           0  0.07s           2026-09-10T10:47:18
================================================================================
[2026-09-10T10:48:03.820+0000] {manager.py:879} INFO - 
================================================================================
DAG File Processing Stats

File Path                                     PID    Runtime      # DAGs    # Errors  Last Runtime    Last Run
--------------------------------------------  -----  ---------  --------  ----------  --------------  -------------------
/opt/airflow/dags/weekly_grocery_pipeline.py                           1           0  0.07s           2026-09-10T10:47:48
================================================================================
[2026-09-10T10:48:34.092+0000] {manager.py:879} INFO - 
================================================================================
DAG File Processing Stats

File Path                                     PID    Runtime      # DAGs    # Errors  Last Runtime    Last Run
--------------------------------------------  -----  ---------  --------  ----------  --------------  -------------------
/opt/airflow/dags/weekly_grocery_pipeline.py                           1           0  0.07s           2026-09-10T10:48:19
================================================================================
[2026-09-10T10:49:04.340+0000] {manager.py:879} INFO - 
================================================================================
DAG File Processing Stats

File Path                                     PID    Runtime      # DAGs    # Errors  Last Runtime    Last Run
--------------------------------------------  -----  ---------  --------  ----------  --------------  -------------------
/opt/airflow/dags/weekly_grocery_pipeline.py                           1           0  0.06s           2026-09-10T10:48:49
================================================================================
[2026-09-10T11:13:13.986+0000] {manager.py:738} INFO - Searching for files in /opt/airflow/dags
[2026-09-10T11:13:13.991+0000] {manager.py:741} INFO - There are 1 files in /opt/airflow/dags
[2026-09-10T11:13:29.144+0000] {manager.py:879} INFO - 
================================================================================
DAG File Processing Stats

File Path                                     PID    Runtime      # DAGs    # Errors  Last Runtime    Last Run
--------------------------------------------  -----  ---------  --------  ----------  --------------  -------------------
/opt/airflow/dags/weekly_grocery_pipeline.py                           1           0  0.10s           2026-09-10T11:13:14
================================================================================
[2026-09-10T11:13:59.506+0000] {manager.py:879} INFO - 
================================================================================
DAG File Processing Stats

File Path                                     PID    Runtime      # DAGs    # Errors  Last Runtime    Last Run
--------------------------------------------  -----  ---------  --------  ----------  --------------  -------------------
/opt/airflow/dags/weekly_grocery_pipeline.py                           1           0  0.07s           2026-09-10T11:13:44
================================================================================
[2026-09-10T11:14:29.820+0000] {manager.py:879} INFO - 
================================================================================
DAG File Processing Stats

File Path                                     PID    Runtime      # DAGs    # Errors  Last Runtime    Last Run
--------------------------------------------  -----  ---------  --------  ----------  --------------  -------------------
/opt/airflow/dags/weekly_grocery_pipeline.py                           1           0  0.07s           2026-09-10T11:14:14
================================================================================
[2026-09-10T11:15:00.127+0000] {manager.py:879} INFO - 
================================================================================
DAG File Processing Stats

File Path                                     PID    Runtime      # DAGs    # Errors  Last Runtime    Last Run
--------------------------------------------  -----  ---------  --------  ----------  --------------  -------------------
/opt/airflow/dags/weekly_grocery_pipeline.py                           1           0  0.07s           2026-09-10T11:14:45
================================================================================
[2026-09-10T11:15:30.415+0000] {manager.py:879} INFO - 
================================================================================
DAG File Processing Stats

File Path                                     PID    Runtime      # DAGs    # Errors  Last Runtime    Last Run
--------------------------------------------  -----  ---------  --------  ----------  --------------  -------------------
/opt/airflow/dags/weekly_grocery_pipeline.py                           1           0  0.06s           2026-09-10T11:15:15
================================================================================
[2026-09-10T11:24:29.702+0000] {manager.py:738} INFO - Searching for files in /opt/airflow/dags
[2026-09-10T11:24:29.708+0000] {manager.py:741} INFO - There are 1 files in /opt/airflow/dags
[2026-09-10T11:24:46.889+0000] {manager.py:879} INFO - 
================================================================================
DAG File Processing Stats

File Path                                     PID    Runtime      # DAGs    # Errors  Last Runtime    Last Run
--------------------------------------------  -----  ---------  --------  ----------  --------------  -------------------
/opt/airflow/dags/weekly_grocery_pipeline.py                           1           0  0.09s           2026-09-10T11:24:29
================================================================================
[2026-09-10T11:25:17.220+0000] {manager.py:879} INFO - 
================================================================================
DAG File Processing Stats

File Path                                     PID    Runtime      # DAGs    # Errors  Last Runtime    Last Run
--------------------------------------------  -----  ---------  --------  ----------  --------------  -------------------
/opt/airflow/dags/weekly_grocery_pipeline.py                           1           0  0.07s           2026-09-10T11:25:00
================================================================================
[2026-09-10T11:25:47.521+0000] {manager.py:879} INFO - 
================================================================================
DAG File Processing Stats

File Path                                     PID    Runtime      # DAGs    # Errors  Last Runtime    Last Run
--------------------------------------------  -----  ---------  --------  ----------  --------------  -------------------
/opt/airflow/dags/weekly_grocery_pipeline.py                           1           0  0.07s           2026-09-10T11:25:30
================================================================================
[2026-09-10T11:26:17.794+0000] {manager.py:879} INFO - 
================================================================================
DAG File Processing Stats

File Path                                     PID    Runtime      # DAGs    # Errors  Last Runtime    Last Run
--------------------------------------------  -----  ---------  --------  ----------  --------------  -------------------
/opt/airflow/dags/weekly_grocery_pipeline.py                           1           0  0.08s           2026-09-10T11:26:00
================================================================================
[2026-09-10T11:26:48.072+0000] {manager.py:879} INFO - 
================================================================================
DAG File Processing Stats

File Path                                     PID    Runtime      # DAGs    # Errors  Last Runtime    Last Run
--------------------------------------------  -----  ---------  --------  ----------  --------------  -------------------
/opt/airflow/dags/weekly_grocery_pipeline.py                           1           0  0.09s           2026-09-10T11:26:30
================================================================================
[2026-09-10T11:27:18.330+0000] {manager.py:879} INFO - 
================================================================================
DAG File Processing Stats

File Path                                     PID    Runtime      # DAGs    # Errors  Last Runtime    Last Run
--------------------------------------------  -----  ---------  --------  ----------  --------------  -------------------
/opt/airflow/dags/weekly_grocery_pipeline.py                           1           0  0.08s           2026-09-10T11:27:01
================================================================================
[2026-09-10T11:27:48.581+0000] {manager.py:879} INFO - 
================================================================================
DAG File Processing Stats

File Path                                     PID    Runtime      # DAGs    # Errors  Last Runtime    Last Run
--------------------------------------------  -----  ---------  --------  ----------  --------------  -------------------
/opt/airflow/dags/weekly_grocery_pipeline.py                           1           0  0.07s           2026-09-10T11:27:31
================================================================================
[2026-09-10T11:28:18.817+0000] {manager.py:879} INFO - 
================================================================================
DAG File Processing Stats

File Path                                     PID    Runtime      # DAGs    # Errors  Last Runtime    Last Run
--------------------------------------------  -----  ---------  --------  ----------  --------------  -------------------
/opt/airflow/dags/weekly_grocery_pipeline.py                           1           0  0.08s           2026-09-10T11:28:01
================================================================================
[2026-09-10T11:28:49.108+0000] {manager.py:879} INFO - 
================================================================================
DAG File Processing Stats

File Path                                     PID    Runtime      # DAGs    # Errors  Last Runtime    Last Run
--------------------------------------------  -----  ---------  --------  ----------  --------------  -------------------
/opt/airflow/dags/weekly_grocery_pipeline.py                           1           0  0.08s           2026-09-10T11:28:32
================================================================================
[2026-09-10T11:29:19.365+0000] {manager.py:879} INFO - 
================================================================================
DAG File Processing Stats

File Path                                     PID    Runtime      # DAGs    # Errors  Last Runtime    Last Run
--------------------------------------------  -----  ---------  --------  ----------  --------------  -------------------
/opt/airflow/dags/weekly_grocery_pipeline.py                           1           0  0.07s           2026-09-10T11:29:02
================================================================================
[2026-09-10T11:29:30.444+0000] {manager.py:738} INFO - Searching for files in /opt/airflow/dags
[2026-09-10T11:29:30.453+0000] {manager.py:741} INFO - There are 1 files in /opt/airflow/dags
[2026-09-10T11:29:49.653+0000] {manager.py:879} INFO - 
================================================================================
DAG File Processing Stats

File Path                                     PID    Runtime      # DAGs    # Errors  Last Runtime    Last Run
--------------------------------------------  -----  ---------  --------  ----------  --------------  -------------------
/opt/airflow/dags/weekly_grocery_pipeline.py                           1           0  0.09s           2026-09-10T11:29:32
================================================================================
[2026-09-10T11:30:19.936+0000] {manager.py:879} INFO - 
================================================================================
DAG File Processing Stats

File Path                                     PID    Runtime      # DAGs    # Errors  Last Runtime    Last Run
--------------------------------------------  -----  ---------  --------  ----------  --------------  -------------------
/opt/airflow/dags/weekly_grocery_pipeline.py                           1           0  0.08s           2026-09-10T11:30:02
================================================================================
[2026-09-10T11:30:50.214+0000] {manager.py:879} INFO - 
================================================================================
DAG File Processing Stats

File Path                                     PID    Runtime      # DAGs    # Errors  Last Runtime    Last Run
--------------------------------------------  -----  ---------  --------  ----------  --------------  -------------------
/opt/airflow/dags/weekly_grocery_pipeline.py                           1           0  0.05s           2026-09-10T11:30:33
================================================================================
[2026-09-10T11:31:20.507+0000] {manager.py:879} INFO - 
================================================================================
DAG File Processing Stats

File Path                                     PID    Runtime      # DAGs    # Errors  Last Runtime    Last Run
--------------------------------------------  -----  ---------  --------  ----------  --------------  -------------------
/opt/airflow/dags/weekly_grocery_pipeline.py                           1           0  0.08s           2026-09-10T11:31:03
================================================================================
[2026-09-10T11:31:50.793+0000] {manager.py:879} INFO - 
================================================================================
DAG File Processing Stats

File Path                                     PID    Runtime      # DAGs    # Errors  Last Runtime    Last Run
--------------------------------------------  -----  ---------  --------  ----------  --------------  -------------------
/opt/airflow/dags/weekly_grocery_pipeline.py                           1           0  0.09s           2026-09-10T11:31:33
================================================================================
[2026-09-10T11:32:21.055+0000] {manager.py:879} INFO - 
================================================================================
DAG File Processing Stats

File Path                                     PID    Runtime      # DAGs    # Errors  Last Runtime    Last Run
--------------------------------------------  -----  ---------  --------  ----------  --------------  -------------------
/opt/airflow/dags/weekly_grocery_pipeline.py                           1           0  0.07s           2026-09-10T11:32:03
================================================================================
[2026-09-10T11:32:51.339+0000] {manager.py:879} INFO - 
================================================================================
DAG File Processing Stats

File Path                                     PID    Runtime      # DAGs    # Errors  Last Runtime    Last Run
--------------------------------------------  -----  ---------  --------  ----------  --------------  -------------------
/opt/airflow/dags/weekly_grocery_pipeline.py                           1           0  0.07s           2026-09-10T11:32:34
================================================================================
[2026-09-10T11:33:21.619+0000] {manager.py:879} INFO - 
================================================================================
DAG File Processing Stats

File Path                                     PID    Runtime      # DAGs    # Errors  Last Runtime    Last Run
--------------------------------------------  -----  ---------  --------  ----------  --------------  -------------------
/opt/airflow/dags/weekly_grocery_pipeline.py                           1           0  0.07s           2026-09-10T11:33:04
================================================================================
[2026-09-10T11:33:51.932+0000] {manager.py:879} INFO - 
================================================================================
DAG File Processing Stats

File Path                                     PID    Runtime      # DAGs    # Errors  Last Runtime    Last Run
--------------------------------------------  -----  ---------  --------  ----------  --------------  -------------------
/opt/airflow/dags/weekly_grocery_pipeline.py                           1           0  0.06s           2026-09-10T11:33:34
================================================================================
[2026-09-10T11:34:22.222+0000] {manager.py:879} INFO - 
================================================================================
DAG File Processing Stats

File Path                                     PID    Runtime      # DAGs    # Errors  Last Runtime    Last Run
--------------------------------------------  -----  ---------  --------  ----------  --------------  -------------------
/opt/airflow/dags/weekly_grocery_pipeline.py                           1           0  0.09s           2026-09-10T11:34:05
================================================================================
[2026-09-10T11:34:31.307+0000] {manager.py:738} INFO - Searching for files in /opt/airflow/dags
[2026-09-10T11:34:31.311+0000] {manager.py:741} INFO - There are 1 files in /opt/airflow/dags
[2026-09-10T11:34:52.525+0000] {manager.py:879} INFO - 
================================================================================
DAG File Processing Stats

File Path                                     PID    Runtime      # DAGs    # Errors  Last Runtime    Last Run
--------------------------------------------  -----  ---------  --------  ----------  --------------  -------------------
/opt/airflow/dags/weekly_grocery_pipeline.py                           1           0  0.07s           2026-09-10T11:34:35
================================================================================
[2026-09-10T11:35:22.820+0000] {manager.py:879} INFO - 
================================================================================
DAG File Processing Stats

File Path                                     PID    Runtime      # DAGs    # Errors  Last Runtime    Last Run
--------------------------------------------  -----  ---------  --------  ----------  --------------  -------------------
/opt/airflow/dags/weekly_grocery_pipeline.py                           1           0  0.07s           2026-09-10T11:35:05
================================================================================
[2026-09-10T11:35:53.127+0000] {manager.py:879} INFO - 
================================================================================
DAG File Processing Stats

File Path                                     PID    Runtime      # DAGs    # Errors  Last Runtime    Last Run
--------------------------------------------  -----  ---------  --------  ----------  --------------  -------------------
/opt/airflow/dags/weekly_grocery_pipeline.py                           1           0  0.08s           2026-09-10T11:35:36
================================================================================
[2026-09-10T11:36:23.405+0000] {manager.py:879} INFO - 
================================================================================
DAG File Processing Stats

File Path                                     PID    Runtime      # DAGs    # Errors  Last Runtime    Last Run
--------------------------------------------  -----  ---------  --------  ----------  --------------  -------------------
/opt/airflow/dags/weekly_grocery_pipeline.py                           1           0  0.09s           2026-09-10T11:36:06
================================================================================
[2026-09-10T11:36:43.805+0000] {manager.py:451} INFO - Exiting gracefully upon receiving signal 15
[2026-09-10T11:37:10.746+0000] {manager.py:469} INFO - Processing files using up to 2 processes at a time 
[2026-09-10T11:37:10.747+0000] {manager.py:470} INFO - Process each file at most once every 30 seconds
[2026-09-10T11:37:10.747+0000] {manager.py:471} INFO - Checking for new files in /opt/airflow/dags every 300 seconds
[2026-09-10T11:37:10.747+0000] {manager.py:738} INFO - Searching for files in /opt/airflow/dags
[2026-09-10T11:37:10.748+0000] {manager.py:741} INFO - There are 1 files in /opt/airflow/dags
[2026-09-10T11:37:10.789+0000] {manager.py:879} INFO - 
================================================================================
DAG File Processing Stats

File Path                                       PID  Runtime      # DAGs    # Errors  Last Runtime    Last Run
--------------------------------------------  -----  ---------  --------  ----------  --------------  ----------
/opt/airflow/dags/weekly_grocery_pipeline.py    192  0.02s             0           0
================================================================================
[2026-09-10T11:37:41.011+0000] {manager.py:879} INFO - 
================================================================================
DAG File Processing Stats

File Path                                       PID  Runtime      # DAGs    # Errors  Last Runtime    Last Run
--------------------------------------------  -----  ---------  --------  ----------  --------------  -------------------
/opt/airflow/dags/weekly_grocery_pipeline.py    209  0.01s             1           0  0.13s           2026-09-10T11:37:10
================================================================================
[2026-09-10T11:38:11.268+0000] {manager.py:879} INFO - 
================================================================================
DAG File Processing Stats

File Path                                       PID  Runtime      # DAGs    # Errors  Last Runtime    Last Run
--------------------------------------------  -----  ---------  --------  ----------  --------------  -------------------
/opt/airflow/dags/weekly_grocery_pipeline.py    222  0.01s             1           0  0.06s           2026-09-10T11:37:41
================================================================================
[2026-09-10T11:38:41.510+0000] {manager.py:879} INFO - 
================================================================================
DAG File Processing Stats

File Path                                       PID  Runtime      # DAGs    # Errors  Last Runtime    Last Run
--------------------------------------------  -----  ---------  --------  ----------  --------------  -------------------
/opt/airflow/dags/weekly_grocery_pipeline.py    265  0.01s             1           0  0.06s           2026-09-10T11:38:11
================================================================================
[2026-09-10T11:39:11.774+0000] {manager.py:879} INFO - 
================================================================================
DAG File Processing Stats

File Path                                       PID  Runtime      # DAGs    # Errors  Last Runtime    Last Run
--------------------------------------------  -----  ---------  --------  ----------  --------------  -------------------
/opt/airflow/dags/weekly_grocery_pipeline.py    270  0.00s             1           0  0.07s           2026-09-10T11:38:41
================================================================================
[2026-09-10T11:39:42.045+0000] {manager.py:879} INFO - 
================================================================================
DAG File Processing Stats

File Path                                       PID  Runtime      # DAGs    # Errors  Last Runtime    Last Run
--------------------------------------------  -----  ---------  --------  ----------  --------------  -------------------
/opt/airflow/dags/weekly_grocery_pipeline.py    275  0.01s             1           0  0.06s           2026-09-10T11:39:11
================================================================================
[2026-09-10T11:40:12.269+0000] {manager.py:879} INFO - 
================================================================================
DAG File Processing Stats

File Path                                       PID  Runtime      # DAGs    # Errors  Last Runtime    Last Run
--------------------------------------------  -----  ---------  --------  ----------  --------------  -------------------
/opt/airflow/dags/weekly_grocery_pipeline.py    280  0.00s             1           0  0.07s           2026-09-10T11:39:42
================================================================================
[2026-09-10T11:40:42.482+0000] {manager.py:879} INFO - 
================================================================================
DAG File Processing Stats

File Path                                       PID  Runtime      # DAGs    # Errors  Last Runtime    Last Run
--------------------------------------------  -----  ---------  --------  ----------  --------------  -------------------
/opt/airflow/dags/weekly_grocery_pipeline.py    285  0.00s             1           0  0.07s           2026-09-10T11:40:12
================================================================================
[2026-09-10T11:41:12.740+0000] {manager.py:879} INFO - 
================================================================================
DAG File Processing Stats

File Path                                       PID  Runtime      # DAGs    # Errors  Last Runtime    Last Run
--------------------------------------------  -----  ---------  --------  ----------  --------------  -------------------
/opt/airflow/dags/weekly_grocery_pipeline.py    290  0.01s             1           0  0.06s           2026-09-10T11:40:42
================================================================================
[2026-09-10T11:41:42.972+0000] {manager.py:879} INFO - 
================================================================================
DAG File Processing Stats

File Path                                       PID  Runtime      # DAGs    # Errors  Last Runtime    Last Run
--------------------------------------------  -----  ---------  --------  ----------  --------------  -------------------
/opt/airflow/dags/weekly_grocery_pipeline.py    295  0.01s             1           0  0.07s           2026-09-10T11:41:12
================================================================================
[2026-09-10T11:42:11.188+0000] {manager.py:738} INFO - Searching for files in /opt/airflow/dags
[2026-09-10T11:42:11.196+0000] {manager.py:741} INFO - There are 1 files in /opt/airflow/dags
[2026-09-10T11:42:13.231+0000] {manager.py:879} INFO - 
================================================================================
DAG File Processing Stats

File Path                                       PID  Runtime      # DAGs    # Errors  Last Runtime    Last Run
--------------------------------------------  -----  ---------  --------  ----------  --------------  -------------------
/opt/airflow/dags/weekly_grocery_pipeline.py    300  0.01s             1           0  0.07s           2026-09-10T11:41:43
================================================================================
[2026-09-10T11:42:43.510+0000] {manager.py:879} INFO - 
================================================================================
DAG File Processing Stats

File Path                                       PID  Runtime      # DAGs    # Errors  Last Runtime    Last Run
--------------------------------------------  -----  ---------  --------  ----------  --------------  -------------------
/opt/airflow/dags/weekly_grocery_pipeline.py    305  0.00s             1           0  0.07s           2026-09-10T11:42:13
================================================================================
[2026-09-10T11:43:13.752+0000] {manager.py:879} INFO - 
================================================================================
DAG File Processing Stats

File Path                                       PID  Runtime      # DAGs    # Errors  Last Runtime    Last Run
--------------------------------------------  -----  ---------  --------  ----------  --------------  -------------------
/opt/airflow/dags/weekly_grocery_pipeline.py    310  0.01s             1           0  0.07s           2026-09-10T11:42:43
================================================================================
[2026-09-10T11:43:44.034+0000] {manager.py:879} INFO - 
================================================================================
DAG File Processing Stats

File Path                                       PID  Runtime      # DAGs    # Errors  Last Runtime    Last Run
--------------------------------------------  -----  ---------  --------  ----------  --------------  -------------------
/opt/airflow/dags/weekly_grocery_pipeline.py    315  0.01s             1           0  0.07s           2026-09-10T11:43:13
================================================================================
[2026-09-10T11:44:14.302+0000] {manager.py:879} INFO - 
================================================================================
DAG File Processing Stats

File Path                                       PID  Runtime      # DAGs    # Errors  Last Runtime    Last Run
--------------------------------------------  -----  ---------  --------  ----------  --------------  -------------------
/opt/airflow/dags/weekly_grocery_pipeline.py    320  0.01s             1           0  0.07s           2026-09-10T11:43:44
================================================================================
[2026-09-10T11:44:44.599+0000] {manager.py:879} INFO - 
================================================================================
DAG File Processing Stats

File Path                                       PID  Runtime      # DAGs    # Errors  Last Runtime    Last Run
--------------------------------------------  -----  ---------  --------  ----------  --------------  -------------------
/opt/airflow/dags/weekly_grocery_pipeline.py    325  0.01s             1           0  0.07s           2026-09-10T11:44:14
================================================================================
[2026-09-10T11:45:14.938+0000] {manager.py:879} INFO - 
================================================================================
DAG File Processing Stats

File Path                                       PID  Runtime      # DAGs    # Errors  Last Runtime    Last Run
--------------------------------------------  -----  ---------  --------  ----------  --------------  -------------------
/opt/airflow/dags/weekly_grocery_pipeline.py    330  0.01s             1           0  0.07s           2026-09-10T11:44:44
================================================================================
[2026-09-10T11:46:41.655+0000] {manager.py:879} INFO - 
================================================================================
DAG File Processing Stats

File Path                                     PID    Runtime      # DAGs    # Errors  Last Runtime    Last Run
--------------------------------------------  -----  ---------  --------  ----------  --------------  -------------------
/opt/airflow/dags/weekly_grocery_pipeline.py                           1           0  0.07s           2026-09-10T11:46:26
================================================================================
[2026-09-10T11:49:30.079+0000] {manager.py:738} INFO - Searching for files in /opt/airflow/dags
[2026-09-10T11:49:30.085+0000] {manager.py:741} INFO - There are 1 files in /opt/airflow/dags
[2026-09-10T11:49:45.323+0000] {manager.py:879} INFO - 
================================================================================
DAG File Processing Stats

File Path                                     PID    Runtime      # DAGs    # Errors  Last Runtime    Last Run
--------------------------------------------  -----  ---------  --------  ----------  --------------  -------------------
/opt/airflow/dags/weekly_grocery_pipeline.py                           1           0  0.13s           2026-09-10T11:49:30
================================================================================
[2026-09-10T11:50:15.569+0000] {manager.py:879} INFO - 
================================================================================
DAG File Processing Stats

File Path                                     PID    Runtime      # DAGs    # Errors  Last Runtime    Last Run
--------------------------------------------  -----  ---------  --------  ----------  --------------  -------------------
/opt/airflow/dags/weekly_grocery_pipeline.py                           1           0  0.06s           2026-09-10T11:50:00
================================================================================
[2026-09-10T11:50:45.840+0000] {manager.py:879} INFO - 
================================================================================
DAG File Processing Stats

File Path                                     PID    Runtime      # DAGs    # Errors  Last Runtime    Last Run
--------------------------------------------  -----  ---------  --------  ----------  --------------  -------------------
/opt/airflow/dags/weekly_grocery_pipeline.py                           1           0  0.07s           2026-09-10T11:50:30
================================================================================
[2026-09-10T11:51:16.129+0000] {manager.py:879} INFO - 
================================================================================
DAG File Processing Stats

File Path                                     PID    Runtime      # DAGs    # Errors  Last Runtime    Last Run
--------------------------------------------  -----  ---------  --------  ----------  --------------  -------------------
/opt/airflow/dags/weekly_grocery_pipeline.py                           1           0  0.07s           2026-09-10T11:51:01
================================================================================
[2026-09-10T11:51:46.430+0000] {manager.py:879} INFO - 
================================================================================
DAG File Processing Stats

File Path                                     PID    Runtime      # DAGs    # Errors  Last Runtime    Last Run
--------------------------------------------  -----  ---------  --------  ----------  --------------  -------------------
/opt/airflow/dags/weekly_grocery_pipeline.py                           1           0  0.07s           2026-09-10T11:51:31
================================================================================
[2026-09-10T11:52:16.726+0000] {manager.py:879} INFO - 
================================================================================
DAG File Processing Stats

File Path                                     PID    Runtime      # DAGs    # Errors  Last Runtime    Last Run
--------------------------------------------  -----  ---------  --------  ----------  --------------  -------------------
/opt/airflow/dags/weekly_grocery_pipeline.py                           1           0  0.08s           2026-09-10T11:52:01
================================================================================
[2026-09-10T11:52:47.020+0000] {manager.py:879} INFO - 
================================================================================
DAG File Processing Stats

File Path                                     PID    Runtime      # DAGs    # Errors  Last Runtime    Last Run
--------------------------------------------  -----  ---------  --------  ----------  --------------  -------------------
/opt/airflow/dags/weekly_grocery_pipeline.py                           1           0  0.07s           2026-09-10T11:52:31
================================================================================
[2026-09-10T11:53:17.316+0000] {manager.py:879} INFO - 
================================================================================
DAG File Processing Stats

File Path                                     PID    Runtime      # DAGs    # Errors  Last Runtime    Last Run
--------------------------------------------  -----  ---------  --------  ----------  --------------  -------------------
/opt/airflow/dags/weekly_grocery_pipeline.py                           1           0  0.07s           2026-09-10T11:53:02
================================================================================
[2026-09-10T11:53:47.615+0000] {manager.py:879} INFO - 
================================================================================
DAG File Processing Stats

File Path                                     PID    Runtime      # DAGs    # Errors  Last Runtime    Last Run
--------------------------------------------  -----  ---------  --------  ----------  --------------  -------------------
/opt/airflow/dags/weekly_grocery_pipeline.py                           1           0  0.07s           2026-09-10T11:53:32
================================================================================
[2026-09-10T11:54:17.889+0000] {manager.py:879} INFO - 
================================================================================
DAG File Processing Stats

File Path                                     PID    Runtime      # DAGs    # Errors  Last Runtime    Last Run
--------------------------------------------  -----  ---------  --------  ----------  --------------  -------------------
/opt/airflow/dags/weekly_grocery_pipeline.py                           1           0  0.07s           2026-09-10T11:54:02
================================================================================
[2026-09-10T11:54:31.020+0000] {manager.py:738} INFO - Searching for files in /opt/airflow/dags
[2026-09-10T11:54:31.029+0000] {manager.py:741} INFO - There are 1 files in /opt/airflow/dags
[2026-09-10T11:54:48.187+0000] {manager.py:879} INFO - 
================================================================================
DAG File Processing Stats

File Path                                     PID    Runtime      # DAGs    # Errors  Last Runtime    Last Run
--------------------------------------------  -----  ---------  --------  ----------  --------------  -------------------
/opt/airflow/dags/weekly_grocery_pipeline.py                           1           0  0.07s           2026-09-10T11:54:33
================================================================================
[2026-09-10T11:55:18.504+0000] {manager.py:879} INFO - 
================================================================================
DAG File Processing Stats

File Path                                     PID    Runtime      # DAGs    # Errors  Last Runtime    Last Run
--------------------------------------------  -----  ---------  --------  ----------  --------------  -------------------
/opt/airflow/dags/weekly_grocery_pipeline.py                           1           0  0.07s           2026-09-10T11:55:03
================================================================================
[2026-09-10T11:55:48.784+0000] {manager.py:879} INFO - 
================================================================================
DAG File Processing Stats

File Path                                     PID    Runtime      # DAGs    # Errors  Last Runtime    Last Run
--------------------------------------------  -----  ---------  --------  ----------  --------------  -------------------
/opt/airflow/dags/weekly_grocery_pipeline.py                           1           0  0.07s           2026-09-10T11:55:33
================================================================================
[2026-09-10T11:56:19.080+0000] {manager.py:879} INFO - 
================================================================================
DAG File Processing Stats

File Path                                     PID    Runtime      # DAGs    # Errors  Last Runtime    Last Run
--------------------------------------------  -----  ---------  --------  ----------  --------------  -------------------
/opt/airflow/dags/weekly_grocery_pipeline.py                           1           0  0.07s           2026-09-10T11:56:04
================================================================================
[2026-09-10T11:56:49.351+0000] {manager.py:879} INFO - 
================================================================================
DAG File Processing Stats

File Path                                     PID    Runtime      # DAGs    # Errors  Last Runtime    Last Run
--------------------------------------------  -----  ---------  --------  ----------  --------------  -------------------
/opt/airflow/dags/weekly_grocery_pipeline.py                           1           0  0.07s           2026-09-10T11:56:34
================================================================================
[2026-09-10T11:57:19.629+0000] {manager.py:879} INFO - 
================================================================================
DAG File Processing Stats

File Path                                     PID    Runtime      # DAGs    # Errors  Last Runtime    Last Run
--------------------------------------------  -----  ---------  --------  ----------  --------------  -------------------
/opt/airflow/dags/weekly_grocery_pipeline.py                           1           0  0.07s           2026-09-10T11:57:04
================================================================================
[2026-09-10T11:57:49.936+0000] {manager.py:879} INFO - 
================================================================================
DAG File Processing Stats

File Path                                     PID    Runtime      # DAGs    # Errors  Last Runtime    Last Run
--------------------------------------------  -----  ---------  --------  ----------  --------------  -------------------
/opt/airflow/dags/weekly_grocery_pipeline.py                           1           0  0.07s           2026-09-10T11:57:34
================================================================================
[2026-09-10T11:58:20.206+0000] {manager.py:879} INFO - 
================================================================================
DAG File Processing Stats

File Path                                     PID    Runtime      # DAGs    # Errors  Last Runtime    Last Run
--------------------------------------------  -----  ---------  --------  ----------  --------------  -------------------
/opt/airflow/dags/weekly_grocery_pipeline.py                           1           0  0.07s           2026-09-10T11:58:05
================================================================================
[2026-09-10T11:58:50.498+0000] {manager.py:879} INFO - 
================================================================================
DAG File Processing Stats

File Path                                     PID    Runtime      # DAGs    # Errors  Last Runtime    Last Run
--------------------------------------------  -----  ---------  --------  ----------  --------------  -------------------
/opt/airflow/dags/weekly_grocery_pipeline.py                           1           0  0.06s           2026-09-10T11:58:35
================================================================================
[2026-09-10T11:59:20.812+0000] {manager.py:879} INFO - 
================================================================================
DAG File Processing Stats

File Path                                     PID    Runtime      # DAGs    # Errors  Last Runtime    Last Run
--------------------------------------------  -----  ---------  --------  ----------  --------------  -------------------
/opt/airflow/dags/weekly_grocery_pipeline.py                           1           0  0.07s           2026-09-10T11:59:05
================================================================================
[2026-09-10T12:01:12.853+0000] {manager.py:738} INFO - Searching for files in /opt/airflow/dags
[2026-09-10T12:01:12.859+0000] {manager.py:741} INFO - There are 1 files in /opt/airflow/dags
[2026-09-10T12:01:34.126+0000] {manager.py:879} INFO - 
================================================================================
DAG File Processing Stats

File Path                                     PID    Runtime      # DAGs    # Errors  Last Runtime    Last Run
--------------------------------------------  -----  ---------  --------  ----------  --------------  -------------------
/opt/airflow/dags/weekly_grocery_pipeline.py                           1           0  0.06s           2026-09-10T12:01:12
================================================================================
[2026-09-10T12:19:42.932+0000] {manager.py:738} INFO - Searching for files in /opt/airflow/dags
[2026-09-10T12:19:42.935+0000] {manager.py:741} INFO - There are 1 files in /opt/airflow/dags
[2026-09-10T12:20:04.176+0000] {manager.py:879} INFO - 
================================================================================
DAG File Processing Stats

File Path                                     PID    Runtime      # DAGs    # Errors  Last Runtime    Last Run
--------------------------------------------  -----  ---------  --------  ----------  --------------  -------------------
/opt/airflow/dags/weekly_grocery_pipeline.py                           1           0  0.09s           2026-09-10T12:19:43
================================================================================
[2026-09-10T12:29:49.901+0000] {manager.py:738} INFO - Searching for files in /opt/airflow/dags
[2026-09-10T12:29:49.907+0000] {manager.py:741} INFO - There are 1 files in /opt/airflow/dags
[2026-09-10T12:30:12.266+0000] {manager.py:879} INFO - 
================================================================================
DAG File Processing Stats

File Path                                     PID    Runtime      # DAGs    # Errors  Last Runtime    Last Run
--------------------------------------------  -----  ---------  --------  ----------  --------------  -------------------
/opt/airflow/dags/weekly_grocery_pipeline.py                           1           0  0.11s           2026-09-10T12:29:50
================================================================================
[2026-09-10T12:33:10.859+0000] {manager.py:879} INFO - 
================================================================================
DAG File Processing Stats

File Path                                     PID    Runtime      # DAGs    # Errors  Last Runtime    Last Run
--------------------------------------------  -----  ---------  --------  ----------  --------------  -------------------
/opt/airflow/dags/weekly_grocery_pipeline.py                           1           0  0.13s           2026-09-10T12:32:48
================================================================================
[2026-09-10T12:33:41.425+0000] {manager.py:879} INFO - 
================================================================================
DAG File Processing Stats

File Path                                     PID    Runtime      # DAGs    # Errors  Last Runtime    Last Run
--------------------------------------------  -----  ---------  --------  ----------  --------------  -------------------
/opt/airflow/dags/weekly_grocery_pipeline.py                           1           0  0.05s           2026-09-10T12:33:18
================================================================================
[2026-09-10T12:48:44.389+0000] {manager.py:738} INFO - Searching for files in /opt/airflow/dags
[2026-09-10T12:48:44.396+0000] {manager.py:741} INFO - There are 1 files in /opt/airflow/dags
[2026-09-10T12:49:07.659+0000] {manager.py:879} INFO - 
================================================================================
DAG File Processing Stats

File Path                                     PID    Runtime      # DAGs    # Errors  Last Runtime    Last Run
--------------------------------------------  -----  ---------  --------  ----------  --------------  -------------------
/opt/airflow/dags/weekly_grocery_pipeline.py                           1           0  0.09s           2026-09-10T12:48:44
================================================================================
[2026-09-10T13:01:00.045+0000] {manager.py:738} INFO - Searching for files in /opt/airflow/dags
[2026-09-10T13:01:00.049+0000] {manager.py:741} INFO - There are 1 files in /opt/airflow/dags
[2026-09-10T13:01:23.282+0000] {manager.py:879} INFO - 
================================================================================
DAG File Processing Stats

File Path                                     PID    Runtime      # DAGs    # Errors  Last Runtime    Last Run
--------------------------------------------  -----  ---------  --------  ----------  --------------  -------------------
/opt/airflow/dags/weekly_grocery_pipeline.py                           1           0  0.07s           2026-09-10T13:01:00
================================================================================
[2026-09-10T13:01:53.584+0000] {manager.py:879} INFO - 
================================================================================
DAG File Processing Stats

File Path                                     PID    Runtime      # DAGs    # Errors  Last Runtime    Last Run
--------------------------------------------  -----  ---------  --------  ----------  --------------  -------------------
/opt/airflow/dags/weekly_grocery_pipeline.py                           1           0  0.07s           2026-09-10T13:01:30
================================================================================
[2026-09-10T13:02:23.882+0000] {manager.py:879} INFO - 
================================================================================
DAG File Processing Stats

File Path                                     PID    Runtime      # DAGs    # Errors  Last Runtime    Last Run
--------------------------------------------  -----  ---------  --------  ----------  --------------  -------------------
/opt/airflow/dags/weekly_grocery_pipeline.py                           1           0  0.08s           2026-09-10T13:02:00
================================================================================
[2026-09-10T13:02:54.175+0000] {manager.py:879} INFO - 
================================================================================
DAG File Processing Stats

File Path                                     PID    Runtime      # DAGs    # Errors  Last Runtime    Last Run
--------------------------------------------  -----  ---------  --------  ----------  --------------  -------------------
/opt/airflow/dags/weekly_grocery_pipeline.py                           1           0  0.07s           2026-09-10T13:02:31
================================================================================
[2026-09-10T13:03:24.466+0000] {manager.py:879} INFO - 
================================================================================
DAG File Processing Stats

File Path                                     PID    Runtime      # DAGs    # Errors  Last Runtime    Last Run
--------------------------------------------  -----  ---------  --------  ----------  --------------  -------------------
/opt/airflow/dags/weekly_grocery_pipeline.py                           1           0  0.07s           2026-09-10T13:03:01
================================================================================
[2026-09-10T13:03:54.746+0000] {manager.py:879} INFO - 
================================================================================
DAG File Processing Stats

File Path                                     PID    Runtime      # DAGs    # Errors  Last Runtime    Last Run
--------------------------------------------  -----  ---------  --------  ----------  --------------  -------------------
/opt/airflow/dags/weekly_grocery_pipeline.py                           1           0  0.07s           2026-09-10T13:03:31
================================================================================
[2026-09-10T13:04:25.012+0000] {manager.py:879} INFO - 
================================================================================
DAG File Processing Stats

File Path                                     PID    Runtime      # DAGs    # Errors  Last Runtime    Last Run
--------------------------------------------  -----  ---------  --------  ----------  --------------  -------------------
/opt/airflow/dags/weekly_grocery_pipeline.py                           1           0  0.07s           2026-09-10T13:04:01
================================================================================
[2026-09-10T13:04:55.257+0000] {manager.py:879} INFO - 
================================================================================
DAG File Processing Stats

File Path                                     PID    Runtime      # DAGs    # Errors  Last Runtime    Last Run
--------------------------------------------  -----  ---------  --------  ----------  --------------  -------------------
/opt/airflow/dags/weekly_grocery_pipeline.py                           1           0  0.06s           2026-09-10T13:04:32
================================================================================
[2026-09-10T13:05:25.459+0000] {manager.py:879} INFO - 
================================================================================
DAG File Processing Stats

File Path                                     PID    Runtime      # DAGs    # Errors  Last Runtime    Last Run
--------------------------------------------  -----  ---------  --------  ----------  --------------  -------------------
/opt/airflow/dags/weekly_grocery_pipeline.py                           1           0  0.05s           2026-09-10T13:05:02
================================================================================
[2026-09-10T13:05:55.673+0000] {manager.py:879} INFO - 
================================================================================
DAG File Processing Stats

File Path                                     PID    Runtime      # DAGs    # Errors  Last Runtime    Last Run
--------------------------------------------  -----  ---------  --------  ----------  --------------  -------------------
/opt/airflow/dags/weekly_grocery_pipeline.py                           1           0  0.05s           2026-09-10T13:05:32
================================================================================
[2026-09-10T13:06:00.703+0000] {manager.py:738} INFO - Searching for files in /opt/airflow/dags
[2026-09-10T13:06:00.706+0000] {manager.py:741} INFO - There are 1 files in /opt/airflow/dags
[2026-09-10T13:06:25.901+0000] {manager.py:879} INFO - 
================================================================================
DAG File Processing Stats

File Path                                     PID    Runtime      # DAGs    # Errors  Last Runtime    Last Run
--------------------------------------------  -----  ---------  --------  ----------  --------------  -------------------
/opt/airflow/dags/weekly_grocery_pipeline.py                           1           0  0.05s           2026-09-10T13:06:02
================================================================================
[2026-09-10T13:06:56.118+0000] {manager.py:879} INFO - 
================================================================================
DAG File Processing Stats

File Path                                     PID    Runtime      # DAGs    # Errors  Last Runtime    Last Run
--------------------------------------------  -----  ---------  --------  ----------  --------------  -------------------
/opt/airflow/dags/weekly_grocery_pipeline.py                           1           0  0.05s           2026-09-10T13:06:33
================================================================================
[2026-09-10T13:07:26.329+0000] {manager.py:879} INFO - 
================================================================================
DAG File Processing Stats

File Path                                     PID    Runtime      # DAGs    # Errors  Last Runtime    Last Run
--------------------------------------------  -----  ---------  --------  ----------  --------------  -------------------
/opt/airflow/dags/weekly_grocery_pipeline.py                           1           0  0.05s           2026-09-10T13:07:03
================================================================================
[2026-09-10T13:07:56.529+0000] {manager.py:879} INFO - 
================================================================================
DAG File Processing Stats

File Path                                     PID    Runtime      # DAGs    # Errors  Last Runtime    Last Run
--------------------------------------------  -----  ---------  --------  ----------  --------------  -------------------
/opt/airflow/dags/weekly_grocery_pipeline.py                           1           0  0.05s           2026-09-10T13:07:33
================================================================================
[2026-09-10T13:08:26.805+0000] {manager.py:879} INFO - 
================================================================================
DAG File Processing Stats

File Path                                     PID    Runtime      # DAGs    # Errors  Last Runtime    Last Run
--------------------------------------------  -----  ---------  --------  ----------  --------------  -------------------
/opt/airflow/dags/weekly_grocery_pipeline.py                           1           0  0.05s           2026-09-10T13:08:03
================================================================================
[2026-09-10T13:08:57.107+0000] {manager.py:879} INFO - 
================================================================================
DAG File Processing Stats

File Path                                     PID    Runtime      # DAGs    # Errors  Last Runtime    Last Run
--------------------------------------------  -----  ---------  --------  ----------  --------------  -------------------
/opt/airflow/dags/weekly_grocery_pipeline.py                           1           0  0.06s           2026-09-10T13:08:33
================================================================================
[2026-09-10T13:09:27.390+0000] {manager.py:879} INFO - 
================================================================================
DAG File Processing Stats

File Path                                     PID    Runtime      # DAGs    # Errors  Last Runtime    Last Run
--------------------------------------------  -----  ---------  --------  ----------  --------------  -------------------
/opt/airflow/dags/weekly_grocery_pipeline.py                           1           0  0.06s           2026-09-10T13:09:04
================================================================================
[2026-09-10T13:09:57.655+0000] {manager.py:879} INFO - 
================================================================================
DAG File Processing Stats

File Path                                     PID    Runtime      # DAGs    # Errors  Last Runtime    Last Run
--------------------------------------------  -----  ---------  --------  ----------  --------------  -------------------
/opt/airflow/dags/weekly_grocery_pipeline.py                           1           0  0.05s           2026-09-10T13:09:34
================================================================================
[2026-09-10T13:10:27.935+0000] {manager.py:879} INFO - 
================================================================================
DAG File Processing Stats

File Path                                     PID    Runtime      # DAGs    # Errors  Last Runtime    Last Run
--------------------------------------------  -----  ---------  --------  ----------  --------------  -------------------
/opt/airflow/dags/weekly_grocery_pipeline.py                           1           0  0.07s           2026-09-10T13:10:04
================================================================================
[2026-09-10T13:10:58.215+0000] {manager.py:879} INFO - 
================================================================================
DAG File Processing Stats

File Path                                     PID    Runtime      # DAGs    # Errors  Last Runtime    Last Run
--------------------------------------------  -----  ---------  --------  ----------  --------------  -------------------
/opt/airflow/dags/weekly_grocery_pipeline.py                           1           0  0.05s           2026-09-10T13:10:35
================================================================================
[2026-09-10T13:11:01.245+0000] {manager.py:738} INFO - Searching for files in /opt/airflow/dags
[2026-09-10T13:11:01.248+0000] {manager.py:741} INFO - There are 1 files in /opt/airflow/dags
[2026-09-10T13:11:28.520+0000] {manager.py:879} INFO - 
================================================================================
DAG File Processing Stats

File Path                                     PID    Runtime      # DAGs    # Errors  Last Runtime    Last Run
--------------------------------------------  -----  ---------  --------  ----------  --------------  -------------------
/opt/airflow/dags/weekly_grocery_pipeline.py                           1           0  0.07s           2026-09-10T13:11:05
================================================================================
[2026-09-10T13:11:58.796+0000] {manager.py:879} INFO - 
================================================================================
DAG File Processing Stats

File Path                                     PID    Runtime      # DAGs    # Errors  Last Runtime    Last Run
--------------------------------------------  -----  ---------  --------  ----------  --------------  -------------------
/opt/airflow/dags/weekly_grocery_pipeline.py                           1           0  0.07s           2026-09-10T13:11:35
================================================================================
[2026-09-10T13:12:29.080+0000] {manager.py:879} INFO - 
================================================================================
DAG File Processing Stats

File Path                                     PID    Runtime      # DAGs    # Errors  Last Runtime    Last Run
--------------------------------------------  -----  ---------  --------  ----------  --------------  -------------------
/opt/airflow/dags/weekly_grocery_pipeline.py                           1           0  0.07s           2026-09-10T13:12:05
================================================================================
[2026-09-10T13:12:59.373+0000] {manager.py:879} INFO - 
================================================================================
DAG File Processing Stats

File Path                                     PID    Runtime      # DAGs    # Errors  Last Runtime    Last Run
--------------------------------------------  -----  ---------  --------  ----------  --------------  -------------------
/opt/airflow/dags/weekly_grocery_pipeline.py                           1           0  0.07s           2026-09-10T13:12:36
================================================================================
[2026-09-10T13:13:29.637+0000] {manager.py:879} INFO - 
================================================================================
DAG File Processing Stats

File Path                                     PID    Runtime      # DAGs    # Errors  Last Runtime    Last Run
--------------------------------------------  -----  ---------  --------  ----------  --------------  -------------------
/opt/airflow/dags/weekly_grocery_pipeline.py                           1           0  0.07s           2026-09-10T13:13:06
================================================================================
[2026-09-10T13:13:59.891+0000] {manager.py:879} INFO - 
================================================================================
DAG File Processing Stats

File Path                                     PID    Runtime      # DAGs    # Errors  Last Runtime    Last Run
--------------------------------------------  -----  ---------  --------  ----------  --------------  -------------------
/opt/airflow/dags/weekly_grocery_pipeline.py                           1           0  0.06s           2026-09-10T13:13:36
================================================================================
[2026-09-10T13:14:30.163+0000] {manager.py:879} INFO - 
================================================================================
DAG File Processing Stats

File Path                                     PID    Runtime      # DAGs    # Errors  Last Runtime    Last Run
--------------------------------------------  -----  ---------  --------  ----------  --------------  -------------------
/opt/airflow/dags/weekly_grocery_pipeline.py                           1           0  0.06s           2026-09-10T13:14:06
================================================================================
[2026-09-10T13:15:00.467+0000] {manager.py:879} INFO - 
================================================================================
DAG File Processing Stats

File Path                                     PID    Runtime      # DAGs    # Errors  Last Runtime    Last Run
--------------------------------------------  -----  ---------  --------  ----------  --------------  -------------------
/opt/airflow/dags/weekly_grocery_pipeline.py                           1           0  0.07s           2026-09-10T13:14:37
================================================================================
[2026-09-10T13:15:30.775+0000] {manager.py:879} INFO - 
================================================================================
DAG File Processing Stats

File Path                                     PID    Runtime      # DAGs    # Errors  Last Runtime    Last Run
--------------------------------------------  -----  ---------  --------  ----------  --------------  -------------------
/opt/airflow/dags/weekly_grocery_pipeline.py                           1           0  0.07s           2026-09-10T13:15:07
================================================================================
[2026-09-10T13:16:01.070+0000] {manager.py:879} INFO - 
================================================================================
DAG File Processing Stats

File Path                                     PID    Runtime      # DAGs    # Errors  Last Runtime    Last Run
--------------------------------------------  -----  ---------  --------  ----------  --------------  -------------------
/opt/airflow/dags/weekly_grocery_pipeline.py                           1           0  0.07s           2026-09-10T13:15:37
================================================================================
[2026-09-10T13:16:02.083+0000] {manager.py:738} INFO - Searching for files in /opt/airflow/dags
[2026-09-10T13:16:02.088+0000] {manager.py:741} INFO - There are 1 files in /opt/airflow/dags
[2026-09-10T13:16:31.365+0000] {manager.py:879} INFO - 
================================================================================
DAG File Processing Stats

File Path                                     PID    Runtime      # DAGs    # Errors  Last Runtime    Last Run
--------------------------------------------  -----  ---------  --------  ----------  --------------  -------------------
/opt/airflow/dags/weekly_grocery_pipeline.py                           1           0  0.06s           2026-09-10T13:16:08
================================================================================
[2026-09-10T13:17:01.643+0000] {manager.py:879} INFO - 
================================================================================
DAG File Processing Stats

File Path                                     PID    Runtime      # DAGs    # Errors  Last Runtime    Last Run
--------------------------------------------  -----  ---------  --------  ----------  --------------  -------------------
/opt/airflow/dags/weekly_grocery_pipeline.py                           1           0  0.07s           2026-09-10T13:16:38
================================================================================
[2026-09-10T13:17:31.906+0000] {manager.py:879} INFO - 
================================================================================
DAG File Processing Stats

File Path                                     PID    Runtime      # DAGs    # Errors  Last Runtime    Last Run
--------------------------------------------  -----  ---------  --------  ----------  --------------  -------------------
/opt/airflow/dags/weekly_grocery_pipeline.py                           1           0  0.07s           2026-09-10T13:17:08
================================================================================
[2026-09-10T13:18:02.186+0000] {manager.py:879} INFO - 
================================================================================
DAG File Processing Stats

File Path                                     PID    Runtime      # DAGs    # Errors  Last Runtime    Last Run
--------------------------------------------  -----  ---------  --------  ----------  --------------  -------------------
/opt/airflow/dags/weekly_grocery_pipeline.py                           1           0  0.07s           2026-09-10T13:17:39
================================================================================
[2026-09-10T13:18:32.493+0000] {manager.py:879} INFO - 
================================================================================
DAG File Processing Stats

File Path                                     PID    Runtime      # DAGs    # Errors  Last Runtime    Last Run
--------------------------------------------  -----  ---------  --------  ----------  --------------  -------------------
/opt/airflow/dags/weekly_grocery_pipeline.py                           1           0  0.07s           2026-09-10T13:18:09
================================================================================
[2026-09-10T13:19:02.779+0000] {manager.py:879} INFO - 
================================================================================
DAG File Processing Stats

File Path                                     PID    Runtime      # DAGs    # Errors  Last Runtime    Last Run
--------------------------------------------  -----  ---------  --------  ----------  --------------  -------------------
/opt/airflow/dags/weekly_grocery_pipeline.py                           1           0  0.07s           2026-09-10T13:18:39
================================================================================
[2026-09-10T13:19:33.054+0000] {manager.py:879} INFO - 
================================================================================
DAG File Processing Stats

File Path                                     PID    Runtime      # DAGs    # Errors  Last Runtime    Last Run
--------------------------------------------  -----  ---------  --------  ----------  --------------  -------------------
/opt/airflow/dags/weekly_grocery_pipeline.py                           1           0  0.06s           2026-09-10T13:19:09
================================================================================
[2026-09-10T13:20:03.356+0000] {manager.py:879} INFO - 
================================================================================
DAG File Processing Stats

File Path                                     PID    Runtime      # DAGs    # Errors  Last Runtime    Last Run
--------------------------------------------  -----  ---------  --------  ----------  --------------  -------------------
/opt/airflow/dags/weekly_grocery_pipeline.py                           1           0  0.11s           2026-09-10T13:19:40
================================================================================
[2026-09-10T13:20:33.656+0000] {manager.py:879} INFO - 
================================================================================
DAG File Processing Stats

File Path                                     PID    Runtime      # DAGs    # Errors  Last Runtime    Last Run
--------------------------------------------  -----  ---------  --------  ----------  --------------  -------------------
/opt/airflow/dags/weekly_grocery_pipeline.py                           1           0  0.07s           2026-09-10T13:20:10
================================================================================
[2026-09-10T13:21:02.906+0000] {manager.py:738} INFO - Searching for files in /opt/airflow/dags
[2026-09-10T13:21:02.910+0000] {manager.py:741} INFO - There are 1 files in /opt/airflow/dags
[2026-09-10T13:21:03.922+0000] {manager.py:879} INFO - 
================================================================================
DAG File Processing Stats

File Path                                     PID    Runtime      # DAGs    # Errors  Last Runtime    Last Run
--------------------------------------------  -----  ---------  --------  ----------  --------------  -------------------
/opt/airflow/dags/weekly_grocery_pipeline.py                           1           0  0.07s           2026-09-10T13:20:40
================================================================================
[2026-09-10T13:21:34.180+0000] {manager.py:879} INFO - 
================================================================================
DAG File Processing Stats

File Path                                     PID    Runtime      # DAGs    # Errors  Last Runtime    Last Run
--------------------------------------------  -----  ---------  --------  ----------  --------------  -------------------
/opt/airflow/dags/weekly_grocery_pipeline.py                           1           0  0.08s           2026-09-10T13:21:11
================================================================================
