[2026-09-10T00:00:19.146+0000] {processor.py:161} INFO - Started process (PID=956) to work on /opt/airflow/dags/weekly_grocery_pipeline.py
[2026-09-10T00:00:19.147+0000] {processor.py:830} INFO - Processing file /opt/airflow/dags/weekly_grocery_pipeline.py for tasks to queue
[2026-09-10T00:00:19.148+0000] {logging_mixin.py:188} INFO - [2026-09-10T00:00:19.148+0000] {dagbag.py:538} INFO - Filling up the DagBag from /opt/airflow/dags/weekly_grocery_pipeline.py
[2026-09-10T00:00:19.171+0000] {processor.py:840} INFO - DAG(s) 'weekly_grocery_pipeline' retrieved from /opt/airflow/dags/weekly_grocery_pipeline.py
[2026-09-10T00:00:19.194+0000] {logging_mixin.py:188} INFO - [2026-09-10T00:00:19.194+0000] {dag.py:3036} INFO - Sync 1 DAGs
[2026-09-10T00:00:19.205+0000] {logging_mixin.py:188} INFO - [2026-09-10T00:00:19.205+0000] {dag.py:3823} INFO - Setting next_dagrun for weekly_grocery_pipeline to 2026-09-06 00:00:00+00:00, run_after=2026-09-13 00:00:00+00:00
[2026-09-10T00:00:19.213+0000] {processor.py:183} INFO - Processing /opt/airflow/dags/weekly_grocery_pipeline.py took 0.070 seconds
[2026-09-10T00:00:49.457+0000] {processor.py:161} INFO - Started process (PID=961) to work on /opt/airflow/dags/weekly_grocery_pipeline.py
[2026-09-10T00:00:49.458+0000] {processor.py:830} INFO - Processing file /opt/airflow/dags/weekly_grocery_pipeline.py for tasks to queue
[2026-09-10T00:00:49.459+0000] {logging_mixin.py:188} INFO - [2026-09-10T00:00:49.458+0000] {dagbag.py:538} INFO - Filling up the DagBag from /opt/airflow/dags/weekly_grocery_pipeline.py
[2026-09-10T00:00:49.475+0000] {processor.py:840} INFO - DAG(s) 'weekly_grocery_pipeline' retrieved from /opt/airflow/dags/weekly_grocery_pipeline.py
[2026-09-10T00:00:49.497+0000] {logging_mixin.py:188} INFO - [2026-09-10T00:00:49.497+0000] {dag.py:3036} INFO - Sync 1 DAGs
[2026-09-10T00:00:49.510+0000] {logging_mixin.py:188} INFO - [2026-09-10T00:00:49.510+0000] {dag.py:3823} INFO - Setting next_dagrun for weekly_grocery_pipeline to 2026-09-06 00:00:00+00:00, run_after=2026-09-13 00:00:00+00:00
[2026-09-10T00:00:49.517+0000] {processor.py:183} INFO - Processing /opt/airflow/dags/weekly_grocery_pipeline.py took 0.064 seconds
[2026-09-10T00:01:19.779+0000] {processor.py:161} INFO - Started process (PID=966) to work on /opt/airflow/dags/weekly_grocery_pipeline.py
[2026-09-10T00:01:19.780+0000] {processor.py:830} INFO - Processing file /opt/airflow/dags/weekly_grocery_pipeline.py for tasks to queue
[2026-09-10T00:01:19.781+0000] {logging_mixin.py:188} INFO - [2026-09-10T00:01:19.780+0000] {dagbag.py:538} INFO - Filling up the DagBag from /opt/airflow/dags/weekly_grocery_pipeline.py
[2026-09-10T00:01:19.792+0000] {processor.py:840} INFO - DAG(s) 'weekly_grocery_pipeline' retrieved from /opt/airflow/dags/weekly_grocery_pipeline.py
[2026-09-10T00:01:19.817+0000] {logging_mixin.py:188} INFO - [2026-09-10T00:01:19.817+0000] {dag.py:3036} INFO - Sync 1 DAGs
[2026-09-10T00:01:19.829+0000] {logging_mixin.py:188} INFO - [2026-09-10T00:01:19.829+0000] {dag.py:3823} INFO - Setting next_dagrun for weekly_grocery_pipeline to 2026-09-06 00:00:00+00:00, run_after=2026-09-13 00:00:00+00:00
[2026-09-10T00:01:19.836+0000] {processor.py:183} INFO - Processing /opt/airflow/dags/weekly_grocery_pipeline.py took 0.060 seconds
[2026-09-10T00:01:50.079+0000] {processor.py:161} INFO - Started process (PID=971) to work on /opt/airflow/dags/weekly_grocery_pipeline.py
[2026-09-10T00:01:50.080+0000] {processor.py:830} INFO - Processing file /opt/airflow/dags/weekly_grocery_pipeline.py for tasks to queue
[2026-09-10T00:01:50.081+0000] {logging_mixin.py:188} INFO - [2026-09-10T00:01:50.081+0000] {dagbag.py:538} INFO - Filling up the DagBag from /opt/airflow/dags/weekly_grocery_pipeline.py
[2026-09-10T00:01:50.093+0000] {processor.py:840} INFO - DAG(s) 'weekly_grocery_pipeline' retrieved from /opt/airflow/dags/weekly_grocery_pipeline.py
[2026-09-10T00:01:50.111+0000] {logging_mixin.py:188} INFO - [2026-09-10T00:01:50.111+0000] {dag.py:3036} INFO - Sync 1 DAGs
[2026-09-10T00:01:50.121+0000] {logging_mixin.py:188} INFO - [2026-09-10T00:01:50.121+0000] {dag.py:3823} INFO - Setting next_dagrun for weekly_grocery_pipeline to 2026-09-06 00:00:00+00:00, run_after=2026-09-13 00:00:00+00:00
[2026-09-10T00:01:50.127+0000] {processor.py:183} INFO - Processing /opt/airflow/dags/weekly_grocery_pipeline.py took 0.052 seconds
[2026-09-10T00:02:20.425+0000] {processor.py:161} INFO - Started process (PID=976) to work on /opt/airflow/dags/weekly_grocery_pipeline.py
[2026-09-10T00:02:20.426+0000] {processor.py:830} INFO - Processing file /opt/airflow/dags/weekly_grocery_pipeline.py for tasks to queue
[2026-09-10T00:02:20.426+0000] {logging_mixin.py:188} INFO - [2026-09-10T00:02:20.426+0000] {dagbag.py:538} INFO - Filling up the DagBag from /opt/airflow/dags/weekly_grocery_pipeline.py
[2026-09-10T00:02:20.436+0000] {processor.py:840} INFO - DAG(s) 'weekly_grocery_pipeline' retrieved from /opt/airflow/dags/weekly_grocery_pipeline.py
[2026-09-10T00:02:20.454+0000] {logging_mixin.py:188} INFO - [2026-09-10T00:02:20.454+0000] {dag.py:3036} INFO - Sync 1 DAGs
[2026-09-10T00:02:20.464+0000] {logging_mixin.py:188} INFO - [2026-09-10T00:02:20.464+0000] {dag.py:3823} INFO - Setting next_dagrun for weekly_grocery_pipeline to 2026-09-06 00:00:00+00:00, run_after=2026-09-13 00:00:00+00:00
[2026-09-10T00:02:20.470+0000] {processor.py:183} INFO - Processing /opt/airflow/dags/weekly_grocery_pipeline.py took 0.048 seconds
[2026-09-10T00:02:50.762+0000] {processor.py:161} INFO - Started process (PID=981) to work on /opt/airflow/dags/weekly_grocery_pipeline.py
[2026-09-10T00:02:50.763+0000] {processor.py:830} INFO - Processing file /opt/airflow/dags/weekly_grocery_pipeline.py for tasks to queue
[2026-09-10T00:02:50.766+0000] {logging_mixin.py:188} INFO - [2026-09-10T00:02:50.764+0000] {dagbag.py:538} INFO - Filling up the DagBag from /opt/airflow/dags/weekly_grocery_pipeline.py
[2026-09-10T00:02:50.783+0000] {processor.py:840} INFO - DAG(s) 'weekly_grocery_pipeline' retrieved from /opt/airflow/dags/weekly_grocery_pipeline.py
[2026-09-10T00:02:50.807+0000] {logging_mixin.py:188} INFO - [2026-09-10T00:02:50.806+0000] {dag.py:3036} INFO - Sync 1 DAGs
[2026-09-10T00:02:50.821+0000] {logging_mixin.py:188} INFO - [2026-09-10T00:02:50.821+0000] {dag.py:3823} INFO - Setting next_dagrun for weekly_grocery_pipeline to 2026-09-06 00:00:00+00:00, run_after=2026-09-13 00:00:00+00:00
[2026-09-10T00:02:50.828+0000] {processor.py:183} INFO - Processing /opt/airflow/dags/weekly_grocery_pipeline.py took 0.069 seconds
[2026-09-10T00:03:21.003+0000] {processor.py:161} INFO - Started process (PID=986) to work on /opt/airflow/dags/weekly_grocery_pipeline.py
[2026-09-10T00:03:21.004+0000] {processor.py:830} INFO - Processing file /opt/airflow/dags/weekly_grocery_pipeline.py for tasks to queue
[2026-09-10T00:03:21.005+0000] {logging_mixin.py:188} INFO - [2026-09-10T00:03:21.004+0000] {dagbag.py:538} INFO - Filling up the DagBag from /opt/airflow/dags/weekly_grocery_pipeline.py
[2026-09-10T00:03:21.016+0000] {processor.py:840} INFO - DAG(s) 'weekly_grocery_pipeline' retrieved from /opt/airflow/dags/weekly_grocery_pipeline.py
[2026-09-10T00:03:21.035+0000] {logging_mixin.py:188} INFO - [2026-09-10T00:03:21.035+0000] {dag.py:3036} INFO - Sync 1 DAGs
[2026-09-10T00:03:21.046+0000] {logging_mixin.py:188} INFO - [2026-09-10T00:03:21.046+0000] {dag.py:3823} INFO - Setting next_dagrun for weekly_grocery_pipeline to 2026-09-06 00:00:00+00:00, run_after=2026-09-13 00:00:00+00:00
[2026-09-10T00:03:21.053+0000] {processor.py:183} INFO - Processing /opt/airflow/dags/weekly_grocery_pipeline.py took 0.053 seconds
[2026-09-10T00:03:51.237+0000] {processor.py:161} INFO - Started process (PID=991) to work on /opt/airflow/dags/weekly_grocery_pipeline.py
[2026-09-10T00:03:51.239+0000] {processor.py:830} INFO - Processing file /opt/airflow/dags/weekly_grocery_pipeline.py for tasks to queue
[2026-09-10T00:03:51.240+0000] {logging_mixin.py:188} INFO - [2026-09-10T00:03:51.239+0000] {dagbag.py:538} INFO - Filling up the DagBag from /opt/airflow/dags/weekly_grocery_pipeline.py
[2026-09-10T00:03:51.254+0000] {processor.py:840} INFO - DAG(s) 'weekly_grocery_pipeline' retrieved from /opt/airflow/dags/weekly_grocery_pipeline.py
[2026-09-10T00:03:51.273+0000] {logging_mixin.py:188} INFO - [2026-09-10T00:03:51.273+0000] {dag.py:3036} INFO - Sync 1 DAGs
[2026-09-10T00:03:51.285+0000] {logging_mixin.py:188} INFO - [2026-09-10T00:03:51.285+0000] {dag.py:3823} INFO - Setting next_dagrun for weekly_grocery_pipeline to 2026-09-06 00:00:00+00:00, run_after=2026-09-13 00:00:00+00:00
[2026-09-10T00:03:51.292+0000] {processor.py:183} INFO - Processing /opt/airflow/dags/weekly_grocery_pipeline.py took 0.061 seconds
[2026-09-10T00:04:21.565+0000] {processor.py:161} INFO - Started process (PID=996) to work on /opt/airflow/dags/weekly_grocery_pipeline.py
[2026-09-10T00:04:21.566+0000] {processor.py:830} INFO - Processing file /opt/airflow/dags/weekly_grocery_pipeline.py for tasks to queue
[2026-09-10T00:04:21.567+0000] {logging_mixin.py:188} INFO - [2026-09-10T00:04:21.567+0000] {dagbag.py:538} INFO - Filling up the DagBag from /opt/airflow/dags/weekly_grocery_pipeline.py
[2026-09-10T00:04:21.579+0000] {processor.py:840} INFO - DAG(s) 'weekly_grocery_pipeline' retrieved from /opt/airflow/dags/weekly_grocery_pipeline.py
[2026-09-10T00:04:21.598+0000] {logging_mixin.py:188} INFO - [2026-09-10T00:04:21.598+0000] {dag.py:3036} INFO - Sync 1 DAGs
[2026-09-10T00:04:21.608+0000] {logging_mixin.py:188} INFO - [2026-09-10T00:04:21.608+0000] {dag.py:3823} INFO - Setting next_dagrun for weekly_grocery_pipeline to 2026-09-06 00:00:00+00:00, run_after=2026-09-13 00:00:00+00:00
[2026-09-10T00:04:21.615+0000] {processor.py:183} INFO - Processing /opt/airflow/dags/weekly_grocery_pipeline.py took 0.053 seconds
[2026-09-10T00:04:51.843+0000] {processor.py:161} INFO - Started process (PID=1001) to work on /opt/airflow/dags/weekly_grocery_pipeline.py
[2026-09-10T00:04:51.844+0000] {processor.py:830} INFO - Processing file /opt/airflow/dags/weekly_grocery_pipeline.py for tasks to queue
[2026-09-10T00:04:51.845+0000] {logging_mixin.py:188} INFO - [2026-09-10T00:04:51.845+0000] {dagbag.py:538} INFO - Filling up the DagBag from /opt/airflow/dags/weekly_grocery_pipeline.py
[2026-09-10T00:04:51.859+0000] {processor.py:840} INFO - DAG(s) 'weekly_grocery_pipeline' retrieved from /opt/airflow/dags/weekly_grocery_pipeline.py
[2026-09-10T00:04:51.884+0000] {logging_mixin.py:188} INFO - [2026-09-10T00:04:51.884+0000] {dag.py:3036} INFO - Sync 1 DAGs
[2026-09-10T00:04:51.895+0000] {logging_mixin.py:188} INFO - [2026-09-10T00:04:51.895+0000] {dag.py:3823} INFO - Setting next_dagrun for weekly_grocery_pipeline to 2026-09-06 00:00:00+00:00, run_after=2026-09-13 00:00:00+00:00
[2026-09-10T00:04:51.902+0000] {processor.py:183} INFO - Processing /opt/airflow/dags/weekly_grocery_pipeline.py took 0.062 seconds
[2026-09-10T00:05:22.175+0000] {processor.py:161} INFO - Started process (PID=1006) to work on /opt/airflow/dags/weekly_grocery_pipeline.py
[2026-09-10T00:05:22.179+0000] {processor.py:830} INFO - Processing file /opt/airflow/dags/weekly_grocery_pipeline.py for tasks to queue
[2026-09-10T00:05:22.180+0000] {logging_mixin.py:188} INFO - [2026-09-10T00:05:22.179+0000] {dagbag.py:538} INFO - Filling up the DagBag from /opt/airflow/dags/weekly_grocery_pipeline.py
[2026-09-10T00:05:22.197+0000] {processor.py:840} INFO - DAG(s) 'weekly_grocery_pipeline' retrieved from /opt/airflow/dags/weekly_grocery_pipeline.py
[2026-09-10T00:05:22.228+0000] {logging_mixin.py:188} INFO - [2026-09-10T00:05:22.228+0000] {dag.py:3036} INFO - Sync 1 DAGs
[2026-09-10T00:05:22.244+0000] {logging_mixin.py:188} INFO - [2026-09-10T00:05:22.244+0000] {dag.py:3823} INFO - Setting next_dagrun for weekly_grocery_pipeline to 2026-09-06 00:00:00+00:00, run_after=2026-09-13 00:00:00+00:00
[2026-09-10T00:05:22.252+0000] {processor.py:183} INFO - Processing /opt/airflow/dags/weekly_grocery_pipeline.py took 0.081 seconds
[2026-09-10T00:05:52.473+0000] {processor.py:161} INFO - Started process (PID=1011) to work on /opt/airflow/dags/weekly_grocery_pipeline.py
[2026-09-10T00:05:52.477+0000] {processor.py:830} INFO - Processing file /opt/airflow/dags/weekly_grocery_pipeline.py for tasks to queue
[2026-09-10T00:05:52.478+0000] {logging_mixin.py:188} INFO - [2026-09-10T00:05:52.478+0000] {dagbag.py:538} INFO - Filling up the DagBag from /opt/airflow/dags/weekly_grocery_pipeline.py
[2026-09-10T00:05:52.497+0000] {processor.py:840} INFO - DAG(s) 'weekly_grocery_pipeline' retrieved from /opt/airflow/dags/weekly_grocery_pipeline.py
[2026-09-10T00:05:52.527+0000] {logging_mixin.py:188} INFO - [2026-09-10T00:05:52.527+0000] {dag.py:3036} INFO - Sync 1 DAGs
[2026-09-10T00:05:52.544+0000] {logging_mixin.py:188} INFO - [2026-09-10T00:05:52.544+0000] {dag.py:3823} INFO - Setting next_dagrun for weekly_grocery_pipeline to 2026-09-06 00:00:00+00:00, run_after=2026-09-13 00:00:00+00:00
[2026-09-10T00:05:52.550+0000] {processor.py:183} INFO - Processing /opt/airflow/dags/weekly_grocery_pipeline.py took 0.082 seconds
[2026-09-10T00:06:22.789+0000] {processor.py:161} INFO - Started process (PID=1016) to work on /opt/airflow/dags/weekly_grocery_pipeline.py
[2026-09-10T00:06:22.793+0000] {processor.py:830} INFO - Processing file /opt/airflow/dags/weekly_grocery_pipeline.py for tasks to queue
[2026-09-10T00:06:22.794+0000] {logging_mixin.py:188} INFO - [2026-09-10T00:06:22.794+0000] {dagbag.py:538} INFO - Filling up the DagBag from /opt/airflow/dags/weekly_grocery_pipeline.py
[2026-09-10T00:06:22.816+0000] {processor.py:840} INFO - DAG(s) 'weekly_grocery_pipeline' retrieved from /opt/airflow/dags/weekly_grocery_pipeline.py
[2026-09-10T00:06:22.837+0000] {logging_mixin.py:188} INFO - [2026-09-10T00:06:22.837+0000] {dag.py:3036} INFO - Sync 1 DAGs
[2026-09-10T00:06:22.848+0000] {logging_mixin.py:188} INFO - [2026-09-10T00:06:22.848+0000] {dag.py:3823} INFO - Setting next_dagrun for weekly_grocery_pipeline to 2026-09-06 00:00:00+00:00, run_after=2026-09-13 00:00:00+00:00
[2026-09-10T00:06:22.855+0000] {processor.py:183} INFO - Processing /opt/airflow/dags/weekly_grocery_pipeline.py took 0.070 seconds
[2026-09-10T00:06:53.098+0000] {processor.py:161} INFO - Started process (PID=1021) to work on /opt/airflow/dags/weekly_grocery_pipeline.py
[2026-09-10T00:06:53.100+0000] {processor.py:830} INFO - Processing file /opt/airflow/dags/weekly_grocery_pipeline.py for tasks to queue
[2026-09-10T00:06:53.101+0000] {logging_mixin.py:188} INFO - [2026-09-10T00:06:53.100+0000] {dagbag.py:538} INFO - Filling up the DagBag from /opt/airflow/dags/weekly_grocery_pipeline.py
[2026-09-10T00:06:53.117+0000] {processor.py:840} INFO - DAG(s) 'weekly_grocery_pipeline' retrieved from /opt/airflow/dags/weekly_grocery_pipeline.py
[2026-09-10T00:06:53.138+0000] {logging_mixin.py:188} INFO - [2026-09-10T00:06:53.138+0000] {dag.py:3036} INFO - Sync 1 DAGs
[2026-09-10T00:06:53.150+0000] {logging_mixin.py:188} INFO - [2026-09-10T00:06:53.150+0000] {dag.py:3823} INFO - Setting next_dagrun for weekly_grocery_pipeline to 2026-09-06 00:00:00+00:00, run_after=2026-09-13 00:00:00+00:00
[2026-09-10T00:06:53.157+0000] {processor.py:183} INFO - Processing /opt/airflow/dags/weekly_grocery_pipeline.py took 0.064 seconds
[2026-09-10T00:07:23.433+0000] {processor.py:161} INFO - Started process (PID=1026) to work on /opt/airflow/dags/weekly_grocery_pipeline.py
[2026-09-10T00:07:23.437+0000] {processor.py:830} INFO - Processing file /opt/airflow/dags/weekly_grocery_pipeline.py for tasks to queue
[2026-09-10T00:07:23.440+0000] {logging_mixin.py:188} INFO - [2026-09-10T00:07:23.439+0000] {dagbag.py:538} INFO - Filling up the DagBag from /opt/airflow/dags/weekly_grocery_pipeline.py
[2026-09-10T00:07:23.468+0000] {processor.py:840} INFO - DAG(s) 'weekly_grocery_pipeline' retrieved from /opt/airflow/dags/weekly_grocery_pipeline.py
[2026-09-10T00:07:23.521+0000] {logging_mixin.py:188} INFO - [2026-09-10T00:07:23.520+0000] {dag.py:3036} INFO - Sync 1 DAGs
[2026-09-10T00:07:23.543+0000] {logging_mixin.py:188} INFO - [2026-09-10T00:07:23.543+0000] {dag.py:3823} INFO - Setting next_dagrun for weekly_grocery_pipeline to 2026-09-06 00:00:00+00:00, run_after=2026-09-13 00:00:00+00:00
[2026-09-10T00:07:23.564+0000] {processor.py:183} INFO - Processing /opt/airflow/dags/weekly_grocery_pipeline.py took 0.136 seconds
[2026-09-10T00:07:53.740+0000] {processor.py:161} INFO - Started process (PID=1031) to work on /opt/airflow/dags/weekly_grocery_pipeline.py
[2026-09-10T00:07:53.742+0000] {processor.py:830} INFO - Processing file /opt/airflow/dags/weekly_grocery_pipeline.py for tasks to queue
[2026-09-10T00:07:53.743+0000] {logging_mixin.py:188} INFO - [2026-09-10T00:07:53.743+0000] {dagbag.py:538} INFO - Filling up the DagBag from /opt/airflow/dags/weekly_grocery_pipeline.py
[2026-09-10T00:07:53.761+0000] {processor.py:840} INFO - DAG(s) 'weekly_grocery_pipeline' retrieved from /opt/airflow/dags/weekly_grocery_pipeline.py
[2026-09-10T00:07:53.784+0000] {logging_mixin.py:188} INFO - [2026-09-10T00:07:53.784+0000] {dag.py:3036} INFO - Sync 1 DAGs
[2026-09-10T00:07:53.797+0000] {logging_mixin.py:188} INFO - [2026-09-10T00:07:53.797+0000] {dag.py:3823} INFO - Setting next_dagrun for weekly_grocery_pipeline to 2026-09-06 00:00:00+00:00, run_after=2026-09-13 00:00:00+00:00
[2026-09-10T00:07:53.804+0000] {processor.py:183} INFO - Processing /opt/airflow/dags/weekly_grocery_pipeline.py took 0.069 seconds
[2026-09-10T00:08:24.116+0000] {processor.py:161} INFO - Started process (PID=1036) to work on /opt/airflow/dags/weekly_grocery_pipeline.py
[2026-09-10T00:08:24.118+0000] {processor.py:830} INFO - Processing file /opt/airflow/dags/weekly_grocery_pipeline.py for tasks to queue
[2026-09-10T00:08:24.118+0000] {logging_mixin.py:188} INFO - [2026-09-10T00:08:24.118+0000] {dagbag.py:538} INFO - Filling up the DagBag from /opt/airflow/dags/weekly_grocery_pipeline.py
[2026-09-10T00:08:24.139+0000] {processor.py:840} INFO - DAG(s) 'weekly_grocery_pipeline' retrieved from /opt/airflow/dags/weekly_grocery_pipeline.py
[2026-09-10T00:08:24.166+0000] {logging_mixin.py:188} INFO - [2026-09-10T00:08:24.166+0000] {dag.py:3036} INFO - Sync 1 DAGs
[2026-09-10T00:08:24.180+0000] {logging_mixin.py:188} INFO - [2026-09-10T00:08:24.180+0000] {dag.py:3823} INFO - Setting next_dagrun for weekly_grocery_pipeline to 2026-09-06 00:00:00+00:00, run_after=2026-09-13 00:00:00+00:00
[2026-09-10T00:08:24.187+0000] {processor.py:183} INFO - Processing /opt/airflow/dags/weekly_grocery_pipeline.py took 0.074 seconds
[2026-09-10T00:08:54.401+0000] {processor.py:161} INFO - Started process (PID=1041) to work on /opt/airflow/dags/weekly_grocery_pipeline.py
[2026-09-10T00:08:54.402+0000] {processor.py:830} INFO - Processing file /opt/airflow/dags/weekly_grocery_pipeline.py for tasks to queue
[2026-09-10T00:08:54.404+0000] {logging_mixin.py:188} INFO - [2026-09-10T00:08:54.404+0000] {dagbag.py:538} INFO - Filling up the DagBag from /opt/airflow/dags/weekly_grocery_pipeline.py
[2026-09-10T00:08:54.454+0000] {processor.py:840} INFO - DAG(s) 'weekly_grocery_pipeline' retrieved from /opt/airflow/dags/weekly_grocery_pipeline.py
[2026-09-10T00:08:54.487+0000] {logging_mixin.py:188} INFO - [2026-09-10T00:08:54.487+0000] {dag.py:3036} INFO - Sync 1 DAGs
[2026-09-10T00:08:54.504+0000] {logging_mixin.py:188} INFO - [2026-09-10T00:08:54.504+0000] {dag.py:3823} INFO - Setting next_dagrun for weekly_grocery_pipeline to 2026-09-06 00:00:00+00:00, run_after=2026-09-13 00:00:00+00:00
[2026-09-10T00:08:54.514+0000] {processor.py:183} INFO - Processing /opt/airflow/dags/weekly_grocery_pipeline.py took 0.118 seconds
[2026-09-10T00:09:24.689+0000] {processor.py:161} INFO - Started process (PID=1046) to work on /opt/airflow/dags/weekly_grocery_pipeline.py
[2026-09-10T00:09:24.690+0000] {processor.py:830} INFO - Processing file /opt/airflow/dags/weekly_grocery_pipeline.py for tasks to queue
[2026-09-10T00:09:24.690+0000] {logging_mixin.py:188} INFO - [2026-09-10T00:09:24.690+0000] {dagbag.py:538} INFO - Filling up the DagBag from /opt/airflow/dags/weekly_grocery_pipeline.py
[2026-09-10T00:09:24.699+0000] {processor.py:840} INFO - DAG(s) 'weekly_grocery_pipeline' retrieved from /opt/airflow/dags/weekly_grocery_pipeline.py
[2026-09-10T00:09:24.718+0000] {logging_mixin.py:188} INFO - [2026-09-10T00:09:24.718+0000] {dag.py:3036} INFO - Sync 1 DAGs
[2026-09-10T00:09:24.733+0000] {logging_mixin.py:188} INFO - [2026-09-10T00:09:24.733+0000] {dag.py:3823} INFO - Setting next_dagrun for weekly_grocery_pipeline to 2026-09-06 00:00:00+00:00, run_after=2026-09-13 00:00:00+00:00
[2026-09-10T00:09:24.742+0000] {processor.py:183} INFO - Processing /opt/airflow/dags/weekly_grocery_pipeline.py took 0.055 seconds
[2026-09-10T00:09:55.060+0000] {processor.py:161} INFO - Started process (PID=1051) to work on /opt/airflow/dags/weekly_grocery_pipeline.py
[2026-09-10T00:09:55.064+0000] {processor.py:830} INFO - Processing file /opt/airflow/dags/weekly_grocery_pipeline.py for tasks to queue
[2026-09-10T00:09:55.066+0000] {logging_mixin.py:188} INFO - [2026-09-10T00:09:55.065+0000] {dagbag.py:538} INFO - Filling up the DagBag from /opt/airflow/dags/weekly_grocery_pipeline.py
[2026-09-10T00:09:55.087+0000] {processor.py:840} INFO - DAG(s) 'weekly_grocery_pipeline' retrieved from /opt/airflow/dags/weekly_grocery_pipeline.py
[2026-09-10T00:09:55.113+0000] {logging_mixin.py:188} INFO - [2026-09-10T00:09:55.113+0000] {dag.py:3036} INFO - Sync 1 DAGs
[2026-09-10T00:09:55.125+0000] {logging_mixin.py:188} INFO - [2026-09-10T00:09:55.125+0000] {dag.py:3823} INFO - Setting next_dagrun for weekly_grocery_pipeline to 2026-09-06 00:00:00+00:00, run_after=2026-09-13 00:00:00+00:00
[2026-09-10T00:09:55.132+0000] {processor.py:183} INFO - Processing /opt/airflow/dags/weekly_grocery_pipeline.py took 0.076 seconds
[2026-09-10T00:10:25.337+0000] {processor.py:161} INFO - Started process (PID=1056) to work on /opt/airflow/dags/weekly_grocery_pipeline.py
[2026-09-10T00:10:25.341+0000] {processor.py:830} INFO - Processing file /opt/airflow/dags/weekly_grocery_pipeline.py for tasks to queue
[2026-09-10T00:10:25.345+0000] {logging_mixin.py:188} INFO - [2026-09-10T00:10:25.344+0000] {dagbag.py:538} INFO - Filling up the DagBag from /opt/airflow/dags/weekly_grocery_pipeline.py
[2026-09-10T00:10:25.361+0000] {processor.py:840} INFO - DAG(s) 'weekly_grocery_pipeline' retrieved from /opt/airflow/dags/weekly_grocery_pipeline.py
[2026-09-10T00:10:25.393+0000] {logging_mixin.py:188} INFO - [2026-09-10T00:10:25.392+0000] {dag.py:3036} INFO - Sync 1 DAGs
[2026-09-10T00:10:25.407+0000] {logging_mixin.py:188} INFO - [2026-09-10T00:10:25.407+0000] {dag.py:3823} INFO - Setting next_dagrun for weekly_grocery_pipeline to 2026-09-06 00:00:00+00:00, run_after=2026-09-13 00:00:00+00:00
[2026-09-10T00:10:25.415+0000] {processor.py:183} INFO - Processing /opt/airflow/dags/weekly_grocery_pipeline.py took 0.083 seconds
[2026-09-10T00:10:55.707+0000] {processor.py:161} INFO - Started process (PID=1061) to work on /opt/airflow/dags/weekly_grocery_pipeline.py
[2026-09-10T00:10:55.710+0000] {processor.py:830} INFO - Processing file /opt/airflow/dags/weekly_grocery_pipeline.py for tasks to queue
[2026-09-10T00:10:55.711+0000] {logging_mixin.py:188} INFO - [2026-09-10T00:10:55.710+0000] {dagbag.py:538} INFO - Filling up the DagBag from /opt/airflow/dags/weekly_grocery_pipeline.py
[2026-09-10T00:10:55.735+0000] {processor.py:840} INFO - DAG(s) 'weekly_grocery_pipeline' retrieved from /opt/airflow/dags/weekly_grocery_pipeline.py
[2026-09-10T00:10:55.770+0000] {logging_mixin.py:188} INFO - [2026-09-10T00:10:55.770+0000] {dag.py:3036} INFO - Sync 1 DAGs
[2026-09-10T00:10:55.786+0000] {logging_mixin.py:188} INFO - [2026-09-10T00:10:55.786+0000] {dag.py:3823} INFO - Setting next_dagrun for weekly_grocery_pipeline to 2026-09-06 00:00:00+00:00, run_after=2026-09-13 00:00:00+00:00
[2026-09-10T00:10:55.795+0000] {processor.py:183} INFO - Processing /opt/airflow/dags/weekly_grocery_pipeline.py took 0.096 seconds
[2026-09-10T00:11:26.004+0000] {processor.py:161} INFO - Started process (PID=1066) to work on /opt/airflow/dags/weekly_grocery_pipeline.py
[2026-09-10T00:11:26.008+0000] {processor.py:830} INFO - Processing file /opt/airflow/dags/weekly_grocery_pipeline.py for tasks to queue
[2026-09-10T00:11:26.009+0000] {logging_mixin.py:188} INFO - [2026-09-10T00:11:26.008+0000] {dagbag.py:538} INFO - Filling up the DagBag from /opt/airflow/dags/weekly_grocery_pipeline.py
[2026-09-10T00:11:26.025+0000] {processor.py:840} INFO - DAG(s) 'weekly_grocery_pipeline' retrieved from /opt/airflow/dags/weekly_grocery_pipeline.py
[2026-09-10T00:11:26.046+0000] {logging_mixin.py:188} INFO - [2026-09-10T00:11:26.046+0000] {dag.py:3036} INFO - Sync 1 DAGs
[2026-09-10T00:11:26.059+0000] {logging_mixin.py:188} INFO - [2026-09-10T00:11:26.059+0000] {dag.py:3823} INFO - Setting next_dagrun for weekly_grocery_pipeline to 2026-09-06 00:00:00+00:00, run_after=2026-09-13 00:00:00+00:00
[2026-09-10T00:11:26.066+0000] {processor.py:183} INFO - Processing /opt/airflow/dags/weekly_grocery_pipeline.py took 0.067 seconds
[2026-09-10T00:11:56.293+0000] {processor.py:161} INFO - Started process (PID=1071) to work on /opt/airflow/dags/weekly_grocery_pipeline.py
[2026-09-10T00:11:56.297+0000] {processor.py:830} INFO - Processing file /opt/airflow/dags/weekly_grocery_pipeline.py for tasks to queue
[2026-09-10T00:11:56.298+0000] {logging_mixin.py:188} INFO - [2026-09-10T00:11:56.298+0000] {dagbag.py:538} INFO - Filling up the DagBag from /opt/airflow/dags/weekly_grocery_pipeline.py
[2026-09-10T00:11:56.315+0000] {processor.py:840} INFO - DAG(s) 'weekly_grocery_pipeline' retrieved from /opt/airflow/dags/weekly_grocery_pipeline.py
[2026-09-10T00:11:56.337+0000] {logging_mixin.py:188} INFO - [2026-09-10T00:11:56.337+0000] {dag.py:3036} INFO - Sync 1 DAGs
[2026-09-10T00:11:56.350+0000] {logging_mixin.py:188} INFO - [2026-09-10T00:11:56.350+0000] {dag.py:3823} INFO - Setting next_dagrun for weekly_grocery_pipeline to 2026-09-06 00:00:00+00:00, run_after=2026-09-13 00:00:00+00:00
[2026-09-10T00:11:56.358+0000] {processor.py:183} INFO - Processing /opt/airflow/dags/weekly_grocery_pipeline.py took 0.069 seconds
[2026-09-10T00:12:26.600+0000] {processor.py:161} INFO - Started process (PID=1076) to work on /opt/airflow/dags/weekly_grocery_pipeline.py
[2026-09-10T00:12:26.605+0000] {processor.py:830} INFO - Processing file /opt/airflow/dags/weekly_grocery_pipeline.py for tasks to queue
[2026-09-10T00:12:26.606+0000] {logging_mixin.py:188} INFO - [2026-09-10T00:12:26.605+0000] {dagbag.py:538} INFO - Filling up the DagBag from /opt/airflow/dags/weekly_grocery_pipeline.py
[2026-09-10T00:12:26.621+0000] {processor.py:840} INFO - DAG(s) 'weekly_grocery_pipeline' retrieved from /opt/airflow/dags/weekly_grocery_pipeline.py
[2026-09-10T00:12:26.643+0000] {logging_mixin.py:188} INFO - [2026-09-10T00:12:26.643+0000] {dag.py:3036} INFO - Sync 1 DAGs
[2026-09-10T00:12:26.657+0000] {logging_mixin.py:188} INFO - [2026-09-10T00:12:26.657+0000] {dag.py:3823} INFO - Setting next_dagrun for weekly_grocery_pipeline to 2026-09-06 00:00:00+00:00, run_after=2026-09-13 00:00:00+00:00
[2026-09-10T00:12:26.664+0000] {processor.py:183} INFO - Processing /opt/airflow/dags/weekly_grocery_pipeline.py took 0.069 seconds
[2026-09-10T00:12:56.921+0000] {processor.py:161} INFO - Started process (PID=1081) to work on /opt/airflow/dags/weekly_grocery_pipeline.py
[2026-09-10T00:12:56.922+0000] {processor.py:830} INFO - Processing file /opt/airflow/dags/weekly_grocery_pipeline.py for tasks to queue
[2026-09-10T00:12:56.923+0000] {logging_mixin.py:188} INFO - [2026-09-10T00:12:56.923+0000] {dagbag.py:538} INFO - Filling up the DagBag from /opt/airflow/dags/weekly_grocery_pipeline.py
[2026-09-10T00:12:56.943+0000] {processor.py:840} INFO - DAG(s) 'weekly_grocery_pipeline' retrieved from /opt/airflow/dags/weekly_grocery_pipeline.py
[2026-09-10T00:12:56.969+0000] {logging_mixin.py:188} INFO - [2026-09-10T00:12:56.969+0000] {dag.py:3036} INFO - Sync 1 DAGs
[2026-09-10T00:12:56.981+0000] {logging_mixin.py:188} INFO - [2026-09-10T00:12:56.981+0000] {dag.py:3823} INFO - Setting next_dagrun for weekly_grocery_pipeline to 2026-09-06 00:00:00+00:00, run_after=2026-09-13 00:00:00+00:00
[2026-09-10T00:12:56.988+0000] {processor.py:183} INFO - Processing /opt/airflow/dags/weekly_grocery_pipeline.py took 0.072 seconds
[2026-09-10T00:13:27.215+0000] {processor.py:161} INFO - Started process (PID=1086) to work on /opt/airflow/dags/weekly_grocery_pipeline.py
[2026-09-10T00:13:27.217+0000] {processor.py:830} INFO - Processing file /opt/airflow/dags/weekly_grocery_pipeline.py for tasks to queue
[2026-09-10T00:13:27.218+0000] {logging_mixin.py:188} INFO - [2026-09-10T00:13:27.217+0000] {dagbag.py:538} INFO - Filling up the DagBag from /opt/airflow/dags/weekly_grocery_pipeline.py
[2026-09-10T00:13:27.231+0000] {processor.py:840} INFO - DAG(s) 'weekly_grocery_pipeline' retrieved from /opt/airflow/dags/weekly_grocery_pipeline.py
[2026-09-10T00:13:27.254+0000] {logging_mixin.py:188} INFO - [2026-09-10T00:13:27.254+0000] {dag.py:3036} INFO - Sync 1 DAGs
[2026-09-10T00:13:27.267+0000] {logging_mixin.py:188} INFO - [2026-09-10T00:13:27.267+0000] {dag.py:3823} INFO - Setting next_dagrun for weekly_grocery_pipeline to 2026-09-06 00:00:00+00:00, run_after=2026-09-13 00:00:00+00:00
[2026-09-10T00:13:27.274+0000] {processor.py:183} INFO - Processing /opt/airflow/dags/weekly_grocery_pipeline.py took 0.061 seconds
[2026-09-10T00:13:57.514+0000] {processor.py:161} INFO - Started process (PID=1091) to work on /opt/airflow/dags/weekly_grocery_pipeline.py
[2026-09-10T00:13:57.518+0000] {processor.py:830} INFO - Processing file /opt/airflow/dags/weekly_grocery_pipeline.py for tasks to queue
[2026-09-10T00:13:57.519+0000] {logging_mixin.py:188} INFO - [2026-09-10T00:13:57.519+0000] {dagbag.py:538} INFO - Filling up the DagBag from /opt/airflow/dags/weekly_grocery_pipeline.py
[2026-09-10T00:13:57.539+0000] {processor.py:840} INFO - DAG(s) 'weekly_grocery_pipeline' retrieved from /opt/airflow/dags/weekly_grocery_pipeline.py
[2026-09-10T00:13:57.565+0000] {logging_mixin.py:188} INFO - [2026-09-10T00:13:57.565+0000] {dag.py:3036} INFO - Sync 1 DAGs
[2026-09-10T00:13:57.577+0000] {logging_mixin.py:188} INFO - [2026-09-10T00:13:57.577+0000] {dag.py:3823} INFO - Setting next_dagrun for weekly_grocery_pipeline to 2026-09-06 00:00:00+00:00, run_after=2026-09-13 00:00:00+00:00
[2026-09-10T00:13:57.584+0000] {processor.py:183} INFO - Processing /opt/airflow/dags/weekly_grocery_pipeline.py took 0.075 seconds
[2026-09-10T00:14:27.811+0000] {processor.py:161} INFO - Started process (PID=1096) to work on /opt/airflow/dags/weekly_grocery_pipeline.py
[2026-09-10T00:14:27.813+0000] {processor.py:830} INFO - Processing file /opt/airflow/dags/weekly_grocery_pipeline.py for tasks to queue
[2026-09-10T00:14:27.814+0000] {logging_mixin.py:188} INFO - [2026-09-10T00:14:27.813+0000] {dagbag.py:538} INFO - Filling up the DagBag from /opt/airflow/dags/weekly_grocery_pipeline.py
[2026-09-10T00:14:27.831+0000] {processor.py:840} INFO - DAG(s) 'weekly_grocery_pipeline' retrieved from /opt/airflow/dags/weekly_grocery_pipeline.py
[2026-09-10T00:14:27.857+0000] {logging_mixin.py:188} INFO - [2026-09-10T00:14:27.857+0000] {dag.py:3036} INFO - Sync 1 DAGs
[2026-09-10T00:14:27.870+0000] {logging_mixin.py:188} INFO - [2026-09-10T00:14:27.870+0000] {dag.py:3823} INFO - Setting next_dagrun for weekly_grocery_pipeline to 2026-09-06 00:00:00+00:00, run_after=2026-09-13 00:00:00+00:00
[2026-09-10T00:14:27.878+0000] {processor.py:183} INFO - Processing /opt/airflow/dags/weekly_grocery_pipeline.py took 0.077 seconds
[2026-09-10T00:14:58.084+0000] {processor.py:161} INFO - Started process (PID=1101) to work on /opt/airflow/dags/weekly_grocery_pipeline.py
[2026-09-10T00:14:58.086+0000] {processor.py:830} INFO - Processing file /opt/airflow/dags/weekly_grocery_pipeline.py for tasks to queue
[2026-09-10T00:14:58.087+0000] {logging_mixin.py:188} INFO - [2026-09-10T00:14:58.086+0000] {dagbag.py:538} INFO - Filling up the DagBag from /opt/airflow/dags/weekly_grocery_pipeline.py
[2026-09-10T00:14:58.100+0000] {processor.py:840} INFO - DAG(s) 'weekly_grocery_pipeline' retrieved from /opt/airflow/dags/weekly_grocery_pipeline.py
[2026-09-10T00:14:58.120+0000] {logging_mixin.py:188} INFO - [2026-09-10T00:14:58.119+0000] {dag.py:3036} INFO - Sync 1 DAGs
[2026-09-10T00:14:58.132+0000] {logging_mixin.py:188} INFO - [2026-09-10T00:14:58.132+0000] {dag.py:3823} INFO - Setting next_dagrun for weekly_grocery_pipeline to 2026-09-06 00:00:00+00:00, run_after=2026-09-13 00:00:00+00:00
[2026-09-10T00:14:58.139+0000] {processor.py:183} INFO - Processing /opt/airflow/dags/weekly_grocery_pipeline.py took 0.058 seconds
[2026-09-10T00:15:28.335+0000] {processor.py:161} INFO - Started process (PID=1106) to work on /opt/airflow/dags/weekly_grocery_pipeline.py
[2026-09-10T00:15:28.337+0000] {processor.py:830} INFO - Processing file /opt/airflow/dags/weekly_grocery_pipeline.py for tasks to queue
[2026-09-10T00:15:28.338+0000] {logging_mixin.py:188} INFO - [2026-09-10T00:15:28.337+0000] {dagbag.py:538} INFO - Filling up the DagBag from /opt/airflow/dags/weekly_grocery_pipeline.py
[2026-09-10T00:15:28.357+0000] {processor.py:840} INFO - DAG(s) 'weekly_grocery_pipeline' retrieved from /opt/airflow/dags/weekly_grocery_pipeline.py
[2026-09-10T00:15:28.380+0000] {logging_mixin.py:188} INFO - [2026-09-10T00:15:28.380+0000] {dag.py:3036} INFO - Sync 1 DAGs
[2026-09-10T00:15:28.393+0000] {logging_mixin.py:188} INFO - [2026-09-10T00:15:28.392+0000] {dag.py:3823} INFO - Setting next_dagrun for weekly_grocery_pipeline to 2026-09-06 00:00:00+00:00, run_after=2026-09-13 00:00:00+00:00
[2026-09-10T00:15:28.408+0000] {processor.py:183} INFO - Processing /opt/airflow/dags/weekly_grocery_pipeline.py took 0.076 seconds
[2026-09-10T00:15:58.556+0000] {processor.py:161} INFO - Started process (PID=1111) to work on /opt/airflow/dags/weekly_grocery_pipeline.py
[2026-09-10T00:15:58.557+0000] {processor.py:830} INFO - Processing file /opt/airflow/dags/weekly_grocery_pipeline.py for tasks to queue
[2026-09-10T00:15:58.558+0000] {logging_mixin.py:188} INFO - [2026-09-10T00:15:58.557+0000] {dagbag.py:538} INFO - Filling up the DagBag from /opt/airflow/dags/weekly_grocery_pipeline.py
[2026-09-10T00:15:58.569+0000] {processor.py:840} INFO - DAG(s) 'weekly_grocery_pipeline' retrieved from /opt/airflow/dags/weekly_grocery_pipeline.py
[2026-09-10T00:15:58.591+0000] {logging_mixin.py:188} INFO - [2026-09-10T00:15:58.590+0000] {dag.py:3036} INFO - Sync 1 DAGs
[2026-09-10T00:15:58.600+0000] {logging_mixin.py:188} INFO - [2026-09-10T00:15:58.600+0000] {dag.py:3823} INFO - Setting next_dagrun for weekly_grocery_pipeline to 2026-09-06 00:00:00+00:00, run_after=2026-09-13 00:00:00+00:00
[2026-09-10T00:15:58.607+0000] {processor.py:183} INFO - Processing /opt/airflow/dags/weekly_grocery_pipeline.py took 0.054 seconds
[2026-09-10T00:16:28.935+0000] {processor.py:161} INFO - Started process (PID=1116) to work on /opt/airflow/dags/weekly_grocery_pipeline.py
[2026-09-10T00:16:28.940+0000] {processor.py:830} INFO - Processing file /opt/airflow/dags/weekly_grocery_pipeline.py for tasks to queue
[2026-09-10T00:16:28.941+0000] {logging_mixin.py:188} INFO - [2026-09-10T00:16:28.940+0000] {dagbag.py:538} INFO - Filling up the DagBag from /opt/airflow/dags/weekly_grocery_pipeline.py
[2026-09-10T00:16:28.961+0000] {processor.py:840} INFO - DAG(s) 'weekly_grocery_pipeline' retrieved from /opt/airflow/dags/weekly_grocery_pipeline.py
[2026-09-10T00:16:28.987+0000] {logging_mixin.py:188} INFO - [2026-09-10T00:16:28.987+0000] {dag.py:3036} INFO - Sync 1 DAGs
[2026-09-10T00:16:29.000+0000] {logging_mixin.py:188} INFO - [2026-09-10T00:16:29.000+0000] {dag.py:3823} INFO - Setting next_dagrun for weekly_grocery_pipeline to 2026-09-06 00:00:00+00:00, run_after=2026-09-13 00:00:00+00:00
[2026-09-10T00:16:29.007+0000] {processor.py:183} INFO - Processing /opt/airflow/dags/weekly_grocery_pipeline.py took 0.076 seconds
[2026-09-10T00:16:59.250+0000] {processor.py:161} INFO - Started process (PID=1121) to work on /opt/airflow/dags/weekly_grocery_pipeline.py
[2026-09-10T00:16:59.254+0000] {processor.py:830} INFO - Processing file /opt/airflow/dags/weekly_grocery_pipeline.py for tasks to queue
[2026-09-10T00:16:59.254+0000] {logging_mixin.py:188} INFO - [2026-09-10T00:16:59.254+0000] {dagbag.py:538} INFO - Filling up the DagBag from /opt/airflow/dags/weekly_grocery_pipeline.py
[2026-09-10T00:16:59.266+0000] {processor.py:840} INFO - DAG(s) 'weekly_grocery_pipeline' retrieved from /opt/airflow/dags/weekly_grocery_pipeline.py
[2026-09-10T00:16:59.286+0000] {logging_mixin.py:188} INFO - [2026-09-10T00:16:59.286+0000] {dag.py:3036} INFO - Sync 1 DAGs
[2026-09-10T00:16:59.298+0000] {logging_mixin.py:188} INFO - [2026-09-10T00:16:59.298+0000] {dag.py:3823} INFO - Setting next_dagrun for weekly_grocery_pipeline to 2026-09-06 00:00:00+00:00, run_after=2026-09-13 00:00:00+00:00
[2026-09-10T00:16:59.305+0000] {processor.py:183} INFO - Processing /opt/airflow/dags/weekly_grocery_pipeline.py took 0.058 seconds
[2026-09-10T00:17:29.589+0000] {processor.py:161} INFO - Started process (PID=1126) to work on /opt/airflow/dags/weekly_grocery_pipeline.py
[2026-09-10T00:17:29.594+0000] {processor.py:830} INFO - Processing file /opt/airflow/dags/weekly_grocery_pipeline.py for tasks to queue
[2026-09-10T00:17:29.595+0000] {logging_mixin.py:188} INFO - [2026-09-10T00:17:29.595+0000] {dagbag.py:538} INFO - Filling up the DagBag from /opt/airflow/dags/weekly_grocery_pipeline.py
[2026-09-10T00:17:29.612+0000] {processor.py:840} INFO - DAG(s) 'weekly_grocery_pipeline' retrieved from /opt/airflow/dags/weekly_grocery_pipeline.py
[2026-09-10T00:17:29.631+0000] {logging_mixin.py:188} INFO - [2026-09-10T00:17:29.631+0000] {dag.py:3036} INFO - Sync 1 DAGs
[2026-09-10T00:17:29.642+0000] {logging_mixin.py:188} INFO - [2026-09-10T00:17:29.642+0000] {dag.py:3823} INFO - Setting next_dagrun for weekly_grocery_pipeline to 2026-09-06 00:00:00+00:00, run_after=2026-09-13 00:00:00+00:00
[2026-09-10T00:17:29.649+0000] {processor.py:183} INFO - Processing /opt/airflow/dags/weekly_grocery_pipeline.py took 0.066 seconds
[2026-09-10T00:17:59.917+0000] {processor.py:161} INFO - Started process (PID=1131) to work on /opt/airflow/dags/weekly_grocery_pipeline.py
[2026-09-10T00:17:59.920+0000] {processor.py:830} INFO - Processing file /opt/airflow/dags/weekly_grocery_pipeline.py for tasks to queue
[2026-09-10T00:17:59.921+0000] {logging_mixin.py:188} INFO - [2026-09-10T00:17:59.920+0000] {dagbag.py:538} INFO - Filling up the DagBag from /opt/airflow/dags/weekly_grocery_pipeline.py
[2026-09-10T00:17:59.936+0000] {processor.py:840} INFO - DAG(s) 'weekly_grocery_pipeline' retrieved from /opt/airflow/dags/weekly_grocery_pipeline.py
[2026-09-10T00:17:59.963+0000] {logging_mixin.py:188} INFO - [2026-09-10T00:17:59.963+0000] {dag.py:3036} INFO - Sync 1 DAGs
[2026-09-10T00:17:59.980+0000] {logging_mixin.py:188} INFO - [2026-09-10T00:17:59.980+0000] {dag.py:3823} INFO - Setting next_dagrun for weekly_grocery_pipeline to 2026-09-06 00:00:00+00:00, run_after=2026-09-13 00:00:00+00:00
[2026-09-10T00:17:59.988+0000] {processor.py:183} INFO - Processing /opt/airflow/dags/weekly_grocery_pipeline.py took 0.075 seconds
[2026-09-10T00:18:30.248+0000] {processor.py:161} INFO - Started process (PID=1136) to work on /opt/airflow/dags/weekly_grocery_pipeline.py
[2026-09-10T00:18:30.252+0000] {processor.py:830} INFO - Processing file /opt/airflow/dags/weekly_grocery_pipeline.py for tasks to queue
[2026-09-10T00:18:30.253+0000] {logging_mixin.py:188} INFO - [2026-09-10T00:18:30.252+0000] {dagbag.py:538} INFO - Filling up the DagBag from /opt/airflow/dags/weekly_grocery_pipeline.py
[2026-09-10T00:18:30.273+0000] {processor.py:840} INFO - DAG(s) 'weekly_grocery_pipeline' retrieved from /opt/airflow/dags/weekly_grocery_pipeline.py
[2026-09-10T00:18:30.295+0000] {logging_mixin.py:188} INFO - [2026-09-10T00:18:30.295+0000] {dag.py:3036} INFO - Sync 1 DAGs
[2026-09-10T00:18:30.310+0000] {logging_mixin.py:188} INFO - [2026-09-10T00:18:30.310+0000] {dag.py:3823} INFO - Setting next_dagrun for weekly_grocery_pipeline to 2026-09-06 00:00:00+00:00, run_after=2026-09-13 00:00:00+00:00
[2026-09-10T00:18:30.317+0000] {processor.py:183} INFO - Processing /opt/airflow/dags/weekly_grocery_pipeline.py took 0.075 seconds
[2026-09-10T00:19:00.530+0000] {processor.py:161} INFO - Started process (PID=1141) to work on /opt/airflow/dags/weekly_grocery_pipeline.py
[2026-09-10T00:19:00.531+0000] {processor.py:830} INFO - Processing file /opt/airflow/dags/weekly_grocery_pipeline.py for tasks to queue
[2026-09-10T00:19:00.532+0000] {logging_mixin.py:188} INFO - [2026-09-10T00:19:00.531+0000] {dagbag.py:538} INFO - Filling up the DagBag from /opt/airflow/dags/weekly_grocery_pipeline.py
[2026-09-10T00:19:00.550+0000] {processor.py:840} INFO - DAG(s) 'weekly_grocery_pipeline' retrieved from /opt/airflow/dags/weekly_grocery_pipeline.py
[2026-09-10T00:19:00.571+0000] {logging_mixin.py:188} INFO - [2026-09-10T00:19:00.571+0000] {dag.py:3036} INFO - Sync 1 DAGs
[2026-09-10T00:19:00.582+0000] {logging_mixin.py:188} INFO - [2026-09-10T00:19:00.582+0000] {dag.py:3823} INFO - Setting next_dagrun for weekly_grocery_pipeline to 2026-09-06 00:00:00+00:00, run_after=2026-09-13 00:00:00+00:00
[2026-09-10T00:19:00.588+0000] {processor.py:183} INFO - Processing /opt/airflow/dags/weekly_grocery_pipeline.py took 0.061 seconds
[2026-09-10T00:19:30.795+0000] {processor.py:161} INFO - Started process (PID=1146) to work on /opt/airflow/dags/weekly_grocery_pipeline.py
[2026-09-10T00:19:30.796+0000] {processor.py:830} INFO - Processing file /opt/airflow/dags/weekly_grocery_pipeline.py for tasks to queue
[2026-09-10T00:19:30.797+0000] {logging_mixin.py:188} INFO - [2026-09-10T00:19:30.797+0000] {dagbag.py:538} INFO - Filling up the DagBag from /opt/airflow/dags/weekly_grocery_pipeline.py
[2026-09-10T00:19:30.813+0000] {processor.py:840} INFO - DAG(s) 'weekly_grocery_pipeline' retrieved from /opt/airflow/dags/weekly_grocery_pipeline.py
[2026-09-10T00:19:30.832+0000] {logging_mixin.py:188} INFO - [2026-09-10T00:19:30.832+0000] {dag.py:3036} INFO - Sync 1 DAGs
[2026-09-10T00:19:30.843+0000] {logging_mixin.py:188} INFO - [2026-09-10T00:19:30.843+0000] {dag.py:3823} INFO - Setting next_dagrun for weekly_grocery_pipeline to 2026-09-06 00:00:00+00:00, run_after=2026-09-13 00:00:00+00:00
[2026-09-10T00:19:30.849+0000] {processor.py:183} INFO - Processing /opt/airflow/dags/weekly_grocery_pipeline.py took 0.057 seconds
[2026-09-10T00:20:01.103+0000] {processor.py:161} INFO - Started process (PID=1151) to work on /opt/airflow/dags/weekly_grocery_pipeline.py
[2026-09-10T00:20:01.106+0000] {processor.py:830} INFO - Processing file /opt/airflow/dags/weekly_grocery_pipeline.py for tasks to queue
[2026-09-10T00:20:01.108+0000] {logging_mixin.py:188} INFO - [2026-09-10T00:20:01.107+0000] {dagbag.py:538} INFO - Filling up the DagBag from /opt/airflow/dags/weekly_grocery_pipeline.py
[2026-09-10T00:20:01.132+0000] {processor.py:840} INFO - DAG(s) 'weekly_grocery_pipeline' retrieved from /opt/airflow/dags/weekly_grocery_pipeline.py
[2026-09-10T00:20:01.154+0000] {logging_mixin.py:188} INFO - [2026-09-10T00:20:01.153+0000] {dag.py:3036} INFO - Sync 1 DAGs
[2026-09-10T00:20:01.168+0000] {logging_mixin.py:188} INFO - [2026-09-10T00:20:01.168+0000] {dag.py:3823} INFO - Setting next_dagrun for weekly_grocery_pipeline to 2026-09-06 00:00:00+00:00, run_after=2026-09-13 00:00:00+00:00
[2026-09-10T00:20:01.176+0000] {processor.py:183} INFO - Processing /opt/airflow/dags/weekly_grocery_pipeline.py took 0.078 seconds
[2026-09-10T00:20:31.412+0000] {processor.py:161} INFO - Started process (PID=1156) to work on /opt/airflow/dags/weekly_grocery_pipeline.py
[2026-09-10T00:20:31.413+0000] {processor.py:830} INFO - Processing file /opt/airflow/dags/weekly_grocery_pipeline.py for tasks to queue
[2026-09-10T00:20:31.414+0000] {logging_mixin.py:188} INFO - [2026-09-10T00:20:31.413+0000] {dagbag.py:538} INFO - Filling up the DagBag from /opt/airflow/dags/weekly_grocery_pipeline.py
[2026-09-10T00:20:31.424+0000] {processor.py:840} INFO - DAG(s) 'weekly_grocery_pipeline' retrieved from /opt/airflow/dags/weekly_grocery_pipeline.py
[2026-09-10T00:20:31.442+0000] {logging_mixin.py:188} INFO - [2026-09-10T00:20:31.442+0000] {dag.py:3036} INFO - Sync 1 DAGs
[2026-09-10T00:20:31.453+0000] {logging_mixin.py:188} INFO - [2026-09-10T00:20:31.453+0000] {dag.py:3823} INFO - Setting next_dagrun for weekly_grocery_pipeline to 2026-09-06 00:00:00+00:00, run_after=2026-09-13 00:00:00+00:00
[2026-09-10T00:20:31.459+0000] {processor.py:183} INFO - Processing /opt/airflow/dags/weekly_grocery_pipeline.py took 0.051 seconds
[2026-09-10T00:21:01.745+0000] {processor.py:161} INFO - Started process (PID=1161) to work on /opt/airflow/dags/weekly_grocery_pipeline.py
[2026-09-10T00:21:01.747+0000] {processor.py:830} INFO - Processing file /opt/airflow/dags/weekly_grocery_pipeline.py for tasks to queue
[2026-09-10T00:21:01.747+0000] {logging_mixin.py:188} INFO - [2026-09-10T00:21:01.747+0000] {dagbag.py:538} INFO - Filling up the DagBag from /opt/airflow/dags/weekly_grocery_pipeline.py
[2026-09-10T00:21:01.766+0000] {processor.py:840} INFO - DAG(s) 'weekly_grocery_pipeline' retrieved from /opt/airflow/dags/weekly_grocery_pipeline.py
[2026-09-10T00:21:01.792+0000] {logging_mixin.py:188} INFO - [2026-09-10T00:21:01.792+0000] {dag.py:3036} INFO - Sync 1 DAGs
[2026-09-10T00:21:01.806+0000] {logging_mixin.py:188} INFO - [2026-09-10T00:21:01.805+0000] {dag.py:3823} INFO - Setting next_dagrun for weekly_grocery_pipeline to 2026-09-06 00:00:00+00:00, run_after=2026-09-13 00:00:00+00:00
[2026-09-10T00:21:01.814+0000] {processor.py:183} INFO - Processing /opt/airflow/dags/weekly_grocery_pipeline.py took 0.075 seconds
[2026-09-10T00:21:32.053+0000] {processor.py:161} INFO - Started process (PID=1166) to work on /opt/airflow/dags/weekly_grocery_pipeline.py
[2026-09-10T00:21:32.054+0000] {processor.py:830} INFO - Processing file /opt/airflow/dags/weekly_grocery_pipeline.py for tasks to queue
[2026-09-10T00:21:32.055+0000] {logging_mixin.py:188} INFO - [2026-09-10T00:21:32.055+0000] {dagbag.py:538} INFO - Filling up the DagBag from /opt/airflow/dags/weekly_grocery_pipeline.py
[2026-09-10T00:21:32.070+0000] {processor.py:840} INFO - DAG(s) 'weekly_grocery_pipeline' retrieved from /opt/airflow/dags/weekly_grocery_pipeline.py
[2026-09-10T00:21:32.095+0000] {logging_mixin.py:188} INFO - [2026-09-10T00:21:32.094+0000] {dag.py:3036} INFO - Sync 1 DAGs
[2026-09-10T00:21:32.112+0000] {logging_mixin.py:188} INFO - [2026-09-10T00:21:32.112+0000] {dag.py:3823} INFO - Setting next_dagrun for weekly_grocery_pipeline to 2026-09-06 00:00:00+00:00, run_after=2026-09-13 00:00:00+00:00
[2026-09-10T00:21:32.119+0000] {processor.py:183} INFO - Processing /opt/airflow/dags/weekly_grocery_pipeline.py took 0.068 seconds
[2026-09-10T00:22:02.343+0000] {processor.py:161} INFO - Started process (PID=1171) to work on /opt/airflow/dags/weekly_grocery_pipeline.py
[2026-09-10T00:22:02.344+0000] {processor.py:830} INFO - Processing file /opt/airflow/dags/weekly_grocery_pipeline.py for tasks to queue
[2026-09-10T00:22:02.345+0000] {logging_mixin.py:188} INFO - [2026-09-10T00:22:02.345+0000] {dagbag.py:538} INFO - Filling up the DagBag from /opt/airflow/dags/weekly_grocery_pipeline.py
[2026-09-10T00:22:02.357+0000] {processor.py:840} INFO - DAG(s) 'weekly_grocery_pipeline' retrieved from /opt/airflow/dags/weekly_grocery_pipeline.py
[2026-09-10T00:22:02.374+0000] {logging_mixin.py:188} INFO - [2026-09-10T00:22:02.374+0000] {dag.py:3036} INFO - Sync 1 DAGs
[2026-09-10T00:22:02.385+0000] {logging_mixin.py:188} INFO - [2026-09-10T00:22:02.385+0000] {dag.py:3823} INFO - Setting next_dagrun for weekly_grocery_pipeline to 2026-09-06 00:00:00+00:00, run_after=2026-09-13 00:00:00+00:00
[2026-09-10T00:22:02.392+0000] {processor.py:183} INFO - Processing /opt/airflow/dags/weekly_grocery_pipeline.py took 0.052 seconds
[2026-09-10T00:22:32.684+0000] {processor.py:161} INFO - Started process (PID=1176) to work on /opt/airflow/dags/weekly_grocery_pipeline.py
[2026-09-10T00:22:32.686+0000] {processor.py:830} INFO - Processing file /opt/airflow/dags/weekly_grocery_pipeline.py for tasks to queue
[2026-09-10T00:22:32.689+0000] {logging_mixin.py:188} INFO - [2026-09-10T00:22:32.688+0000] {dagbag.py:538} INFO - Filling up the DagBag from /opt/airflow/dags/weekly_grocery_pipeline.py
[2026-09-10T00:22:32.712+0000] {processor.py:840} INFO - DAG(s) 'weekly_grocery_pipeline' retrieved from /opt/airflow/dags/weekly_grocery_pipeline.py
[2026-09-10T00:22:32.742+0000] {logging_mixin.py:188} INFO - [2026-09-10T00:22:32.742+0000] {dag.py:3036} INFO - Sync 1 DAGs
[2026-09-10T00:22:32.758+0000] {logging_mixin.py:188} INFO - [2026-09-10T00:22:32.758+0000] {dag.py:3823} INFO - Setting next_dagrun for weekly_grocery_pipeline to 2026-09-06 00:00:00+00:00, run_after=2026-09-13 00:00:00+00:00
[2026-09-10T00:22:32.766+0000] {processor.py:183} INFO - Processing /opt/airflow/dags/weekly_grocery_pipeline.py took 0.089 seconds
[2026-09-10T00:23:02.986+0000] {processor.py:161} INFO - Started process (PID=1181) to work on /opt/airflow/dags/weekly_grocery_pipeline.py
[2026-09-10T00:23:02.987+0000] {processor.py:830} INFO - Processing file /opt/airflow/dags/weekly_grocery_pipeline.py for tasks to queue
[2026-09-10T00:23:02.988+0000] {logging_mixin.py:188} INFO - [2026-09-10T00:23:02.988+0000] {dagbag.py:538} INFO - Filling up the DagBag from /opt/airflow/dags/weekly_grocery_pipeline.py
[2026-09-10T00:23:03.003+0000] {processor.py:840} INFO - DAG(s) 'weekly_grocery_pipeline' retrieved from /opt/airflow/dags/weekly_grocery_pipeline.py
[2026-09-10T00:23:03.022+0000] {logging_mixin.py:188} INFO - [2026-09-10T00:23:03.022+0000] {dag.py:3036} INFO - Sync 1 DAGs
[2026-09-10T00:23:03.033+0000] {logging_mixin.py:188} INFO - [2026-09-10T00:23:03.033+0000] {dag.py:3823} INFO - Setting next_dagrun for weekly_grocery_pipeline to 2026-09-06 00:00:00+00:00, run_after=2026-09-13 00:00:00+00:00
[2026-09-10T00:23:03.040+0000] {processor.py:183} INFO - Processing /opt/airflow/dags/weekly_grocery_pipeline.py took 0.058 seconds
[2026-09-10T00:23:33.267+0000] {processor.py:161} INFO - Started process (PID=1186) to work on /opt/airflow/dags/weekly_grocery_pipeline.py
[2026-09-10T00:23:33.268+0000] {processor.py:830} INFO - Processing file /opt/airflow/dags/weekly_grocery_pipeline.py for tasks to queue
[2026-09-10T00:23:33.269+0000] {logging_mixin.py:188} INFO - [2026-09-10T00:23:33.268+0000] {dagbag.py:538} INFO - Filling up the DagBag from /opt/airflow/dags/weekly_grocery_pipeline.py
[2026-09-10T00:23:33.280+0000] {processor.py:840} INFO - DAG(s) 'weekly_grocery_pipeline' retrieved from /opt/airflow/dags/weekly_grocery_pipeline.py
[2026-09-10T00:23:33.299+0000] {logging_mixin.py:188} INFO - [2026-09-10T00:23:33.299+0000] {dag.py:3036} INFO - Sync 1 DAGs
[2026-09-10T00:23:33.310+0000] {logging_mixin.py:188} INFO - [2026-09-10T00:23:33.310+0000] {dag.py:3823} INFO - Setting next_dagrun for weekly_grocery_pipeline to 2026-09-06 00:00:00+00:00, run_after=2026-09-13 00:00:00+00:00
[2026-09-10T00:23:33.316+0000] {processor.py:183} INFO - Processing /opt/airflow/dags/weekly_grocery_pipeline.py took 0.053 seconds
[2026-09-10T00:24:03.558+0000] {processor.py:161} INFO - Started process (PID=1191) to work on /opt/airflow/dags/weekly_grocery_pipeline.py
[2026-09-10T00:24:03.560+0000] {processor.py:830} INFO - Processing file /opt/airflow/dags/weekly_grocery_pipeline.py for tasks to queue
[2026-09-10T00:24:03.561+0000] {logging_mixin.py:188} INFO - [2026-09-10T00:24:03.560+0000] {dagbag.py:538} INFO - Filling up the DagBag from /opt/airflow/dags/weekly_grocery_pipeline.py
[2026-09-10T00:24:03.576+0000] {processor.py:840} INFO - DAG(s) 'weekly_grocery_pipeline' retrieved from /opt/airflow/dags/weekly_grocery_pipeline.py
[2026-09-10T00:24:03.597+0000] {logging_mixin.py:188} INFO - [2026-09-10T00:24:03.597+0000] {dag.py:3036} INFO - Sync 1 DAGs
[2026-09-10T00:24:03.608+0000] {logging_mixin.py:188} INFO - [2026-09-10T00:24:03.608+0000] {dag.py:3823} INFO - Setting next_dagrun for weekly_grocery_pipeline to 2026-09-06 00:00:00+00:00, run_after=2026-09-13 00:00:00+00:00
[2026-09-10T00:24:03.617+0000] {processor.py:183} INFO - Processing /opt/airflow/dags/weekly_grocery_pipeline.py took 0.063 seconds
[2026-09-10T00:24:33.813+0000] {processor.py:161} INFO - Started process (PID=1196) to work on /opt/airflow/dags/weekly_grocery_pipeline.py
[2026-09-10T00:24:33.814+0000] {processor.py:830} INFO - Processing file /opt/airflow/dags/weekly_grocery_pipeline.py for tasks to queue
[2026-09-10T00:24:33.815+0000] {logging_mixin.py:188} INFO - [2026-09-10T00:24:33.815+0000] {dagbag.py:538} INFO - Filling up the DagBag from /opt/airflow/dags/weekly_grocery_pipeline.py
[2026-09-10T00:24:33.827+0000] {processor.py:840} INFO - DAG(s) 'weekly_grocery_pipeline' retrieved from /opt/airflow/dags/weekly_grocery_pipeline.py
[2026-09-10T00:24:33.846+0000] {logging_mixin.py:188} INFO - [2026-09-10T00:24:33.846+0000] {dag.py:3036} INFO - Sync 1 DAGs
[2026-09-10T00:24:33.857+0000] {logging_mixin.py:188} INFO - [2026-09-10T00:24:33.857+0000] {dag.py:3823} INFO - Setting next_dagrun for weekly_grocery_pipeline to 2026-09-06 00:00:00+00:00, run_after=2026-09-13 00:00:00+00:00
[2026-09-10T00:24:33.863+0000] {processor.py:183} INFO - Processing /opt/airflow/dags/weekly_grocery_pipeline.py took 0.054 seconds
[2026-09-10T00:25:04.123+0000] {processor.py:161} INFO - Started process (PID=1201) to work on /opt/airflow/dags/weekly_grocery_pipeline.py
[2026-09-10T00:25:04.125+0000] {processor.py:830} INFO - Processing file /opt/airflow/dags/weekly_grocery_pipeline.py for tasks to queue
[2026-09-10T00:25:04.126+0000] {logging_mixin.py:188} INFO - [2026-09-10T00:25:04.126+0000] {dagbag.py:538} INFO - Filling up the DagBag from /opt/airflow/dags/weekly_grocery_pipeline.py
[2026-09-10T00:25:04.144+0000] {processor.py:840} INFO - DAG(s) 'weekly_grocery_pipeline' retrieved from /opt/airflow/dags/weekly_grocery_pipeline.py
[2026-09-10T00:25:04.169+0000] {logging_mixin.py:188} INFO - [2026-09-10T00:25:04.169+0000] {dag.py:3036} INFO - Sync 1 DAGs
[2026-09-10T00:25:04.186+0000] {logging_mixin.py:188} INFO - [2026-09-10T00:25:04.186+0000] {dag.py:3823} INFO - Setting next_dagrun for weekly_grocery_pipeline to 2026-09-06 00:00:00+00:00, run_after=2026-09-13 00:00:00+00:00
[2026-09-10T00:25:04.194+0000] {processor.py:183} INFO - Processing /opt/airflow/dags/weekly_grocery_pipeline.py took 0.075 seconds
[2026-09-10T00:25:34.439+0000] {processor.py:161} INFO - Started process (PID=1206) to work on /opt/airflow/dags/weekly_grocery_pipeline.py
[2026-09-10T00:25:34.440+0000] {processor.py:830} INFO - Processing file /opt/airflow/dags/weekly_grocery_pipeline.py for tasks to queue
[2026-09-10T00:25:34.441+0000] {logging_mixin.py:188} INFO - [2026-09-10T00:25:34.441+0000] {dagbag.py:538} INFO - Filling up the DagBag from /opt/airflow/dags/weekly_grocery_pipeline.py
[2026-09-10T00:25:34.459+0000] {processor.py:840} INFO - DAG(s) 'weekly_grocery_pipeline' retrieved from /opt/airflow/dags/weekly_grocery_pipeline.py
[2026-09-10T00:25:34.480+0000] {logging_mixin.py:188} INFO - [2026-09-10T00:25:34.480+0000] {dag.py:3036} INFO - Sync 1 DAGs
[2026-09-10T00:25:34.491+0000] {logging_mixin.py:188} INFO - [2026-09-10T00:25:34.491+0000] {dag.py:3823} INFO - Setting next_dagrun for weekly_grocery_pipeline to 2026-09-06 00:00:00+00:00, run_after=2026-09-13 00:00:00+00:00
[2026-09-10T00:25:34.498+0000] {processor.py:183} INFO - Processing /opt/airflow/dags/weekly_grocery_pipeline.py took 0.064 seconds
[2026-09-10T00:26:04.757+0000] {processor.py:161} INFO - Started process (PID=1211) to work on /opt/airflow/dags/weekly_grocery_pipeline.py
[2026-09-10T00:26:04.758+0000] {processor.py:830} INFO - Processing file /opt/airflow/dags/weekly_grocery_pipeline.py for tasks to queue
[2026-09-10T00:26:04.759+0000] {logging_mixin.py:188} INFO - [2026-09-10T00:26:04.759+0000] {dagbag.py:538} INFO - Filling up the DagBag from /opt/airflow/dags/weekly_grocery_pipeline.py
[2026-09-10T00:26:04.774+0000] {processor.py:840} INFO - DAG(s) 'weekly_grocery_pipeline' retrieved from /opt/airflow/dags/weekly_grocery_pipeline.py
[2026-09-10T00:26:04.796+0000] {logging_mixin.py:188} INFO - [2026-09-10T00:26:04.796+0000] {dag.py:3036} INFO - Sync 1 DAGs
[2026-09-10T00:26:04.807+0000] {logging_mixin.py:188} INFO - [2026-09-10T00:26:04.807+0000] {dag.py:3823} INFO - Setting next_dagrun for weekly_grocery_pipeline to 2026-09-06 00:00:00+00:00, run_after=2026-09-13 00:00:00+00:00
[2026-09-10T00:26:04.813+0000] {processor.py:183} INFO - Processing /opt/airflow/dags/weekly_grocery_pipeline.py took 0.060 seconds
[2026-09-10T00:26:35.062+0000] {processor.py:161} INFO - Started process (PID=1216) to work on /opt/airflow/dags/weekly_grocery_pipeline.py
[2026-09-10T00:26:35.063+0000] {processor.py:830} INFO - Processing file /opt/airflow/dags/weekly_grocery_pipeline.py for tasks to queue
[2026-09-10T00:26:35.064+0000] {logging_mixin.py:188} INFO - [2026-09-10T00:26:35.063+0000] {dagbag.py:538} INFO - Filling up the DagBag from /opt/airflow/dags/weekly_grocery_pipeline.py
[2026-09-10T00:26:35.075+0000] {processor.py:840} INFO - DAG(s) 'weekly_grocery_pipeline' retrieved from /opt/airflow/dags/weekly_grocery_pipeline.py
[2026-09-10T00:26:35.095+0000] {logging_mixin.py:188} INFO - [2026-09-10T00:26:35.095+0000] {dag.py:3036} INFO - Sync 1 DAGs
[2026-09-10T00:26:35.106+0000] {logging_mixin.py:188} INFO - [2026-09-10T00:26:35.106+0000] {dag.py:3823} INFO - Setting next_dagrun for weekly_grocery_pipeline to 2026-09-06 00:00:00+00:00, run_after=2026-09-13 00:00:00+00:00
[2026-09-10T00:26:35.114+0000] {processor.py:183} INFO - Processing /opt/airflow/dags/weekly_grocery_pipeline.py took 0.055 seconds
[2026-09-10T00:27:05.354+0000] {processor.py:161} INFO - Started process (PID=1221) to work on /opt/airflow/dags/weekly_grocery_pipeline.py
[2026-09-10T00:27:05.356+0000] {processor.py:830} INFO - Processing file /opt/airflow/dags/weekly_grocery_pipeline.py for tasks to queue
[2026-09-10T00:27:05.356+0000] {logging_mixin.py:188} INFO - [2026-09-10T00:27:05.356+0000] {dagbag.py:538} INFO - Filling up the DagBag from /opt/airflow/dags/weekly_grocery_pipeline.py
[2026-09-10T00:27:05.368+0000] {processor.py:840} INFO - DAG(s) 'weekly_grocery_pipeline' retrieved from /opt/airflow/dags/weekly_grocery_pipeline.py
[2026-09-10T00:27:05.388+0000] {logging_mixin.py:188} INFO - [2026-09-10T00:27:05.388+0000] {dag.py:3036} INFO - Sync 1 DAGs
[2026-09-10T00:27:05.398+0000] {logging_mixin.py:188} INFO - [2026-09-10T00:27:05.398+0000] {dag.py:3823} INFO - Setting next_dagrun for weekly_grocery_pipeline to 2026-09-06 00:00:00+00:00, run_after=2026-09-13 00:00:00+00:00
[2026-09-10T00:27:05.405+0000] {processor.py:183} INFO - Processing /opt/airflow/dags/weekly_grocery_pipeline.py took 0.054 seconds
[2026-09-10T00:27:35.658+0000] {processor.py:161} INFO - Started process (PID=1226) to work on /opt/airflow/dags/weekly_grocery_pipeline.py
[2026-09-10T00:27:35.659+0000] {processor.py:830} INFO - Processing file /opt/airflow/dags/weekly_grocery_pipeline.py for tasks to queue
[2026-09-10T00:27:35.659+0000] {logging_mixin.py:188} INFO - [2026-09-10T00:27:35.659+0000] {dagbag.py:538} INFO - Filling up the DagBag from /opt/airflow/dags/weekly_grocery_pipeline.py
[2026-09-10T00:27:35.671+0000] {processor.py:840} INFO - DAG(s) 'weekly_grocery_pipeline' retrieved from /opt/airflow/dags/weekly_grocery_pipeline.py
[2026-09-10T00:27:35.690+0000] {logging_mixin.py:188} INFO - [2026-09-10T00:27:35.690+0000] {dag.py:3036} INFO - Sync 1 DAGs
[2026-09-10T00:27:35.701+0000] {logging_mixin.py:188} INFO - [2026-09-10T00:27:35.701+0000] {dag.py:3823} INFO - Setting next_dagrun for weekly_grocery_pipeline to 2026-09-06 00:00:00+00:00, run_after=2026-09-13 00:00:00+00:00
[2026-09-10T00:27:35.707+0000] {processor.py:183} INFO - Processing /opt/airflow/dags/weekly_grocery_pipeline.py took 0.053 seconds
[2026-09-10T00:28:05.945+0000] {processor.py:161} INFO - Started process (PID=1231) to work on /opt/airflow/dags/weekly_grocery_pipeline.py
[2026-09-10T00:28:05.946+0000] {processor.py:830} INFO - Processing file /opt/airflow/dags/weekly_grocery_pipeline.py for tasks to queue
[2026-09-10T00:28:05.947+0000] {logging_mixin.py:188} INFO - [2026-09-10T00:28:05.947+0000] {dagbag.py:538} INFO - Filling up the DagBag from /opt/airflow/dags/weekly_grocery_pipeline.py
[2026-09-10T00:28:05.957+0000] {processor.py:840} INFO - DAG(s) 'weekly_grocery_pipeline' retrieved from /opt/airflow/dags/weekly_grocery_pipeline.py
[2026-09-10T00:28:05.975+0000] {logging_mixin.py:188} INFO - [2026-09-10T00:28:05.975+0000] {dag.py:3036} INFO - Sync 1 DAGs
[2026-09-10T00:28:05.985+0000] {logging_mixin.py:188} INFO - [2026-09-10T00:28:05.985+0000] {dag.py:3823} INFO - Setting next_dagrun for weekly_grocery_pipeline to 2026-09-06 00:00:00+00:00, run_after=2026-09-13 00:00:00+00:00
[2026-09-10T00:28:05.991+0000] {processor.py:183} INFO - Processing /opt/airflow/dags/weekly_grocery_pipeline.py took 0.049 seconds
[2026-09-10T00:33:25.838+0000] {processor.py:161} INFO - Started process (PID=1236) to work on /opt/airflow/dags/weekly_grocery_pipeline.py
[2026-09-10T00:33:25.839+0000] {processor.py:830} INFO - Processing file /opt/airflow/dags/weekly_grocery_pipeline.py for tasks to queue
[2026-09-10T00:33:25.840+0000] {logging_mixin.py:188} INFO - [2026-09-10T00:33:25.840+0000] {dagbag.py:538} INFO - Filling up the DagBag from /opt/airflow/dags/weekly_grocery_pipeline.py
[2026-09-10T00:33:25.856+0000] {processor.py:840} INFO - DAG(s) 'weekly_grocery_pipeline' retrieved from /opt/airflow/dags/weekly_grocery_pipeline.py
[2026-09-10T00:33:25.885+0000] {logging_mixin.py:188} INFO - [2026-09-10T00:33:25.885+0000] {dag.py:3036} INFO - Sync 1 DAGs
[2026-09-10T00:33:25.907+0000] {logging_mixin.py:188} INFO - [2026-09-10T00:33:25.907+0000] {dag.py:3823} INFO - Setting next_dagrun for weekly_grocery_pipeline to 2026-09-06 00:00:00+00:00, run_after=2026-09-13 00:00:00+00:00
[2026-09-10T00:33:25.921+0000] {processor.py:183} INFO - Processing /opt/airflow/dags/weekly_grocery_pipeline.py took 0.087 seconds
[2026-09-10T00:33:56.111+0000] {processor.py:161} INFO - Started process (PID=1243) to work on /opt/airflow/dags/weekly_grocery_pipeline.py
[2026-09-10T00:33:56.115+0000] {processor.py:830} INFO - Processing file /opt/airflow/dags/weekly_grocery_pipeline.py for tasks to queue
[2026-09-10T00:33:56.116+0000] {logging_mixin.py:188} INFO - [2026-09-10T00:33:56.115+0000] {dagbag.py:538} INFO - Filling up the DagBag from /opt/airflow/dags/weekly_grocery_pipeline.py
[2026-09-10T00:33:56.138+0000] {processor.py:840} INFO - DAG(s) 'weekly_grocery_pipeline' retrieved from /opt/airflow/dags/weekly_grocery_pipeline.py
[2026-09-10T00:33:56.167+0000] {logging_mixin.py:188} INFO - [2026-09-10T00:33:56.167+0000] {dag.py:3036} INFO - Sync 1 DAGs
[2026-09-10T00:33:56.183+0000] {logging_mixin.py:188} INFO - [2026-09-10T00:33:56.183+0000] {dag.py:3823} INFO - Setting next_dagrun for weekly_grocery_pipeline to 2026-09-06 00:00:00+00:00, run_after=2026-09-13 00:00:00+00:00
[2026-09-10T00:33:56.190+0000] {processor.py:183} INFO - Processing /opt/airflow/dags/weekly_grocery_pipeline.py took 0.090 seconds
[2026-09-10T00:34:26.425+0000] {processor.py:161} INFO - Started process (PID=1248) to work on /opt/airflow/dags/weekly_grocery_pipeline.py
[2026-09-10T00:34:26.426+0000] {processor.py:830} INFO - Processing file /opt/airflow/dags/weekly_grocery_pipeline.py for tasks to queue
[2026-09-10T00:34:26.427+0000] {logging_mixin.py:188} INFO - [2026-09-10T00:34:26.427+0000] {dagbag.py:538} INFO - Filling up the DagBag from /opt/airflow/dags/weekly_grocery_pipeline.py
[2026-09-10T00:34:26.438+0000] {processor.py:840} INFO - DAG(s) 'weekly_grocery_pipeline' retrieved from /opt/airflow/dags/weekly_grocery_pipeline.py
[2026-09-10T00:34:26.472+0000] {logging_mixin.py:188} INFO - [2026-09-10T00:34:26.471+0000] {dag.py:3036} INFO - Sync 1 DAGs
[2026-09-10T00:34:26.486+0000] {logging_mixin.py:188} INFO - [2026-09-10T00:34:26.486+0000] {dag.py:3823} INFO - Setting next_dagrun for weekly_grocery_pipeline to 2026-09-06 00:00:00+00:00, run_after=2026-09-13 00:00:00+00:00
[2026-09-10T00:34:26.494+0000] {processor.py:183} INFO - Processing /opt/airflow/dags/weekly_grocery_pipeline.py took 0.071 seconds
[2026-09-10T00:34:56.717+0000] {processor.py:161} INFO - Started process (PID=1253) to work on /opt/airflow/dags/weekly_grocery_pipeline.py
[2026-09-10T00:34:56.718+0000] {processor.py:830} INFO - Processing file /opt/airflow/dags/weekly_grocery_pipeline.py for tasks to queue
[2026-09-10T00:34:56.719+0000] {logging_mixin.py:188} INFO - [2026-09-10T00:34:56.718+0000] {dagbag.py:538} INFO - Filling up the DagBag from /opt/airflow/dags/weekly_grocery_pipeline.py
[2026-09-10T00:34:56.731+0000] {processor.py:840} INFO - DAG(s) 'weekly_grocery_pipeline' retrieved from /opt/airflow/dags/weekly_grocery_pipeline.py
[2026-09-10T00:34:56.751+0000] {logging_mixin.py:188} INFO - [2026-09-10T00:34:56.751+0000] {dag.py:3036} INFO - Sync 1 DAGs
[2026-09-10T00:34:56.761+0000] {logging_mixin.py:188} INFO - [2026-09-10T00:34:56.761+0000] {dag.py:3823} INFO - Setting next_dagrun for weekly_grocery_pipeline to 2026-09-06 00:00:00+00:00, run_after=2026-09-13 00:00:00+00:00
[2026-09-10T00:34:56.767+0000] {processor.py:183} INFO - Processing /opt/airflow/dags/weekly_grocery_pipeline.py took 0.055 seconds
[2026-09-10T00:35:26.996+0000] {processor.py:161} INFO - Started process (PID=1258) to work on /opt/airflow/dags/weekly_grocery_pipeline.py
[2026-09-10T00:35:26.998+0000] {processor.py:830} INFO - Processing file /opt/airflow/dags/weekly_grocery_pipeline.py for tasks to queue
[2026-09-10T00:35:26.998+0000] {logging_mixin.py:188} INFO - [2026-09-10T00:35:26.998+0000] {dagbag.py:538} INFO - Filling up the DagBag from /opt/airflow/dags/weekly_grocery_pipeline.py
[2026-09-10T00:35:27.009+0000] {processor.py:840} INFO - DAG(s) 'weekly_grocery_pipeline' retrieved from /opt/airflow/dags/weekly_grocery_pipeline.py
[2026-09-10T00:35:27.027+0000] {logging_mixin.py:188} INFO - [2026-09-10T00:35:27.027+0000] {dag.py:3036} INFO - Sync 1 DAGs
[2026-09-10T00:35:27.037+0000] {logging_mixin.py:188} INFO - [2026-09-10T00:35:27.037+0000] {dag.py:3823} INFO - Setting next_dagrun for weekly_grocery_pipeline to 2026-09-06 00:00:00+00:00, run_after=2026-09-13 00:00:00+00:00
[2026-09-10T00:35:27.043+0000] {processor.py:183} INFO - Processing /opt/airflow/dags/weekly_grocery_pipeline.py took 0.052 seconds
[2026-09-10T00:35:57.262+0000] {processor.py:161} INFO - Started process (PID=1263) to work on /opt/airflow/dags/weekly_grocery_pipeline.py
[2026-09-10T00:35:57.263+0000] {processor.py:830} INFO - Processing file /opt/airflow/dags/weekly_grocery_pipeline.py for tasks to queue
[2026-09-10T00:35:57.265+0000] {logging_mixin.py:188} INFO - [2026-09-10T00:35:57.264+0000] {dagbag.py:538} INFO - Filling up the DagBag from /opt/airflow/dags/weekly_grocery_pipeline.py
[2026-09-10T00:35:57.282+0000] {processor.py:840} INFO - DAG(s) 'weekly_grocery_pipeline' retrieved from /opt/airflow/dags/weekly_grocery_pipeline.py
[2026-09-10T00:35:57.304+0000] {logging_mixin.py:188} INFO - [2026-09-10T00:35:57.304+0000] {dag.py:3036} INFO - Sync 1 DAGs
[2026-09-10T00:35:57.315+0000] {logging_mixin.py:188} INFO - [2026-09-10T00:35:57.315+0000] {dag.py:3823} INFO - Setting next_dagrun for weekly_grocery_pipeline to 2026-09-06 00:00:00+00:00, run_after=2026-09-13 00:00:00+00:00
[2026-09-10T00:35:57.322+0000] {processor.py:183} INFO - Processing /opt/airflow/dags/weekly_grocery_pipeline.py took 0.065 seconds
[2026-09-10T00:36:27.535+0000] {processor.py:161} INFO - Started process (PID=1268) to work on /opt/airflow/dags/weekly_grocery_pipeline.py
[2026-09-10T00:36:27.536+0000] {processor.py:830} INFO - Processing file /opt/airflow/dags/weekly_grocery_pipeline.py for tasks to queue
[2026-09-10T00:36:27.537+0000] {logging_mixin.py:188} INFO - [2026-09-10T00:36:27.536+0000] {dagbag.py:538} INFO - Filling up the DagBag from /opt/airflow/dags/weekly_grocery_pipeline.py
[2026-09-10T00:36:27.548+0000] {processor.py:840} INFO - DAG(s) 'weekly_grocery_pipeline' retrieved from /opt/airflow/dags/weekly_grocery_pipeline.py
[2026-09-10T00:36:27.571+0000] {logging_mixin.py:188} INFO - [2026-09-10T00:36:27.571+0000] {dag.py:3036} INFO - Sync 1 DAGs
[2026-09-10T00:36:27.581+0000] {logging_mixin.py:188} INFO - [2026-09-10T00:36:27.581+0000] {dag.py:3823} INFO - Setting next_dagrun for weekly_grocery_pipeline to 2026-09-06 00:00:00+00:00, run_after=2026-09-13 00:00:00+00:00
[2026-09-10T00:36:27.588+0000] {processor.py:183} INFO - Processing /opt/airflow/dags/weekly_grocery_pipeline.py took 0.058 seconds
[2026-09-10T00:36:57.863+0000] {processor.py:161} INFO - Started process (PID=1273) to work on /opt/airflow/dags/weekly_grocery_pipeline.py
[2026-09-10T00:36:57.864+0000] {processor.py:830} INFO - Processing file /opt/airflow/dags/weekly_grocery_pipeline.py for tasks to queue
[2026-09-10T00:36:57.866+0000] {logging_mixin.py:188} INFO - [2026-09-10T00:36:57.865+0000] {dagbag.py:538} INFO - Filling up the DagBag from /opt/airflow/dags/weekly_grocery_pipeline.py
[2026-09-10T00:36:57.884+0000] {processor.py:840} INFO - DAG(s) 'weekly_grocery_pipeline' retrieved from /opt/airflow/dags/weekly_grocery_pipeline.py
[2026-09-10T00:36:57.906+0000] {logging_mixin.py:188} INFO - [2026-09-10T00:36:57.906+0000] {dag.py:3036} INFO - Sync 1 DAGs
[2026-09-10T00:36:57.917+0000] {logging_mixin.py:188} INFO - [2026-09-10T00:36:57.917+0000] {dag.py:3823} INFO - Setting next_dagrun for weekly_grocery_pipeline to 2026-09-06 00:00:00+00:00, run_after=2026-09-13 00:00:00+00:00
[2026-09-10T00:36:57.924+0000] {processor.py:183} INFO - Processing /opt/airflow/dags/weekly_grocery_pipeline.py took 0.065 seconds
[2026-09-10T00:37:28.173+0000] {processor.py:161} INFO - Started process (PID=1278) to work on /opt/airflow/dags/weekly_grocery_pipeline.py
[2026-09-10T00:37:28.176+0000] {processor.py:830} INFO - Processing file /opt/airflow/dags/weekly_grocery_pipeline.py for tasks to queue
[2026-09-10T00:37:28.177+0000] {logging_mixin.py:188} INFO - [2026-09-10T00:37:28.177+0000] {dagbag.py:538} INFO - Filling up the DagBag from /opt/airflow/dags/weekly_grocery_pipeline.py
[2026-09-10T00:37:28.193+0000] {processor.py:840} INFO - DAG(s) 'weekly_grocery_pipeline' retrieved from /opt/airflow/dags/weekly_grocery_pipeline.py
[2026-09-10T00:37:28.216+0000] {logging_mixin.py:188} INFO - [2026-09-10T00:37:28.215+0000] {dag.py:3036} INFO - Sync 1 DAGs
[2026-09-10T00:37:28.226+0000] {logging_mixin.py:188} INFO - [2026-09-10T00:37:28.226+0000] {dag.py:3823} INFO - Setting next_dagrun for weekly_grocery_pipeline to 2026-09-06 00:00:00+00:00, run_after=2026-09-13 00:00:00+00:00
[2026-09-10T00:37:28.233+0000] {processor.py:183} INFO - Processing /opt/airflow/dags/weekly_grocery_pipeline.py took 0.066 seconds
[2026-09-10T00:37:58.524+0000] {processor.py:161} INFO - Started process (PID=1283) to work on /opt/airflow/dags/weekly_grocery_pipeline.py
[2026-09-10T00:37:58.528+0000] {processor.py:830} INFO - Processing file /opt/airflow/dags/weekly_grocery_pipeline.py for tasks to queue
[2026-09-10T00:37:58.529+0000] {logging_mixin.py:188} INFO - [2026-09-10T00:37:58.528+0000] {dagbag.py:538} INFO - Filling up the DagBag from /opt/airflow/dags/weekly_grocery_pipeline.py
[2026-09-10T00:37:58.547+0000] {processor.py:840} INFO - DAG(s) 'weekly_grocery_pipeline' retrieved from /opt/airflow/dags/weekly_grocery_pipeline.py
[2026-09-10T00:37:58.568+0000] {logging_mixin.py:188} INFO - [2026-09-10T00:37:58.568+0000] {dag.py:3036} INFO - Sync 1 DAGs
[2026-09-10T00:37:58.580+0000] {logging_mixin.py:188} INFO - [2026-09-10T00:37:58.580+0000] {dag.py:3823} INFO - Setting next_dagrun for weekly_grocery_pipeline to 2026-09-06 00:00:00+00:00, run_after=2026-09-13 00:00:00+00:00
[2026-09-10T00:37:58.587+0000] {processor.py:183} INFO - Processing /opt/airflow/dags/weekly_grocery_pipeline.py took 0.067 seconds
[2026-09-10T00:38:28.766+0000] {processor.py:161} INFO - Started process (PID=1288) to work on /opt/airflow/dags/weekly_grocery_pipeline.py
[2026-09-10T00:38:28.767+0000] {processor.py:830} INFO - Processing file /opt/airflow/dags/weekly_grocery_pipeline.py for tasks to queue
[2026-09-10T00:38:28.768+0000] {logging_mixin.py:188} INFO - [2026-09-10T00:38:28.768+0000] {dagbag.py:538} INFO - Filling up the DagBag from /opt/airflow/dags/weekly_grocery_pipeline.py
[2026-09-10T00:38:28.780+0000] {processor.py:840} INFO - DAG(s) 'weekly_grocery_pipeline' retrieved from /opt/airflow/dags/weekly_grocery_pipeline.py
[2026-09-10T00:38:28.800+0000] {logging_mixin.py:188} INFO - [2026-09-10T00:38:28.800+0000] {dag.py:3036} INFO - Sync 1 DAGs
[2026-09-10T00:38:28.810+0000] {logging_mixin.py:188} INFO - [2026-09-10T00:38:28.810+0000] {dag.py:3823} INFO - Setting next_dagrun for weekly_grocery_pipeline to 2026-09-06 00:00:00+00:00, run_after=2026-09-13 00:00:00+00:00
[2026-09-10T00:38:28.816+0000] {processor.py:183} INFO - Processing /opt/airflow/dags/weekly_grocery_pipeline.py took 0.056 seconds
[2026-09-10T00:38:59.105+0000] {processor.py:161} INFO - Started process (PID=1293) to work on /opt/airflow/dags/weekly_grocery_pipeline.py
[2026-09-10T00:38:59.107+0000] {processor.py:830} INFO - Processing file /opt/airflow/dags/weekly_grocery_pipeline.py for tasks to queue
[2026-09-10T00:38:59.108+0000] {logging_mixin.py:188} INFO - [2026-09-10T00:38:59.108+0000] {dagbag.py:538} INFO - Filling up the DagBag from /opt/airflow/dags/weekly_grocery_pipeline.py
[2026-09-10T00:38:59.129+0000] {processor.py:840} INFO - DAG(s) 'weekly_grocery_pipeline' retrieved from /opt/airflow/dags/weekly_grocery_pipeline.py
[2026-09-10T00:38:59.151+0000] {logging_mixin.py:188} INFO - [2026-09-10T00:38:59.151+0000] {dag.py:3036} INFO - Sync 1 DAGs
[2026-09-10T00:38:59.162+0000] {logging_mixin.py:188} INFO - [2026-09-10T00:38:59.162+0000] {dag.py:3823} INFO - Setting next_dagrun for weekly_grocery_pipeline to 2026-09-06 00:00:00+00:00, run_after=2026-09-13 00:00:00+00:00
[2026-09-10T00:38:59.170+0000] {processor.py:183} INFO - Processing /opt/airflow/dags/weekly_grocery_pipeline.py took 0.070 seconds
[2026-09-10T00:39:29.388+0000] {processor.py:161} INFO - Started process (PID=1298) to work on /opt/airflow/dags/weekly_grocery_pipeline.py
[2026-09-10T00:39:29.389+0000] {processor.py:830} INFO - Processing file /opt/airflow/dags/weekly_grocery_pipeline.py for tasks to queue
[2026-09-10T00:39:29.390+0000] {logging_mixin.py:188} INFO - [2026-09-10T00:39:29.390+0000] {dagbag.py:538} INFO - Filling up the DagBag from /opt/airflow/dags/weekly_grocery_pipeline.py
[2026-09-10T00:39:29.402+0000] {processor.py:840} INFO - DAG(s) 'weekly_grocery_pipeline' retrieved from /opt/airflow/dags/weekly_grocery_pipeline.py
[2026-09-10T00:39:29.422+0000] {logging_mixin.py:188} INFO - [2026-09-10T00:39:29.422+0000] {dag.py:3036} INFO - Sync 1 DAGs
[2026-09-10T00:39:29.434+0000] {logging_mixin.py:188} INFO - [2026-09-10T00:39:29.434+0000] {dag.py:3823} INFO - Setting next_dagrun for weekly_grocery_pipeline to 2026-09-06 00:00:00+00:00, run_after=2026-09-13 00:00:00+00:00
[2026-09-10T00:39:29.441+0000] {processor.py:183} INFO - Processing /opt/airflow/dags/weekly_grocery_pipeline.py took 0.056 seconds
[2026-09-10T00:39:59.710+0000] {processor.py:161} INFO - Started process (PID=1303) to work on /opt/airflow/dags/weekly_grocery_pipeline.py
[2026-09-10T00:39:59.711+0000] {processor.py:830} INFO - Processing file /opt/airflow/dags/weekly_grocery_pipeline.py for tasks to queue
[2026-09-10T00:39:59.712+0000] {logging_mixin.py:188} INFO - [2026-09-10T00:39:59.711+0000] {dagbag.py:538} INFO - Filling up the DagBag from /opt/airflow/dags/weekly_grocery_pipeline.py
[2026-09-10T00:39:59.724+0000] {processor.py:840} INFO - DAG(s) 'weekly_grocery_pipeline' retrieved from /opt/airflow/dags/weekly_grocery_pipeline.py
[2026-09-10T00:39:59.748+0000] {logging_mixin.py:188} INFO - [2026-09-10T00:39:59.748+0000] {dag.py:3036} INFO - Sync 1 DAGs
[2026-09-10T00:39:59.763+0000] {logging_mixin.py:188} INFO - [2026-09-10T00:39:59.763+0000] {dag.py:3823} INFO - Setting next_dagrun for weekly_grocery_pipeline to 2026-09-06 00:00:00+00:00, run_after=2026-09-13 00:00:00+00:00
[2026-09-10T00:39:59.772+0000] {processor.py:183} INFO - Processing /opt/airflow/dags/weekly_grocery_pipeline.py took 0.065 seconds
[2026-09-10T00:40:30.033+0000] {processor.py:161} INFO - Started process (PID=1308) to work on /opt/airflow/dags/weekly_grocery_pipeline.py
[2026-09-10T00:40:30.035+0000] {processor.py:830} INFO - Processing file /opt/airflow/dags/weekly_grocery_pipeline.py for tasks to queue
[2026-09-10T00:40:30.036+0000] {logging_mixin.py:188} INFO - [2026-09-10T00:40:30.036+0000] {dagbag.py:538} INFO - Filling up the DagBag from /opt/airflow/dags/weekly_grocery_pipeline.py
[2026-09-10T00:40:30.064+0000] {processor.py:840} INFO - DAG(s) 'weekly_grocery_pipeline' retrieved from /opt/airflow/dags/weekly_grocery_pipeline.py
[2026-09-10T00:40:30.084+0000] {logging_mixin.py:188} INFO - [2026-09-10T00:40:30.084+0000] {dag.py:3036} INFO - Sync 1 DAGs
[2026-09-10T00:40:30.096+0000] {logging_mixin.py:188} INFO - [2026-09-10T00:40:30.096+0000] {dag.py:3823} INFO - Setting next_dagrun for weekly_grocery_pipeline to 2026-09-06 00:00:00+00:00, run_after=2026-09-13 00:00:00+00:00
[2026-09-10T00:40:30.105+0000] {processor.py:183} INFO - Processing /opt/airflow/dags/weekly_grocery_pipeline.py took 0.077 seconds
[2026-09-10T00:41:00.299+0000] {processor.py:161} INFO - Started process (PID=1313) to work on /opt/airflow/dags/weekly_grocery_pipeline.py
[2026-09-10T00:41:00.300+0000] {processor.py:830} INFO - Processing file /opt/airflow/dags/weekly_grocery_pipeline.py for tasks to queue
[2026-09-10T00:41:00.300+0000] {logging_mixin.py:188} INFO - [2026-09-10T00:41:00.300+0000] {dagbag.py:538} INFO - Filling up the DagBag from /opt/airflow/dags/weekly_grocery_pipeline.py
[2026-09-10T00:41:00.311+0000] {processor.py:840} INFO - DAG(s) 'weekly_grocery_pipeline' retrieved from /opt/airflow/dags/weekly_grocery_pipeline.py
[2026-09-10T00:41:00.328+0000] {logging_mixin.py:188} INFO - [2026-09-10T00:41:00.328+0000] {dag.py:3036} INFO - Sync 1 DAGs
[2026-09-10T00:41:00.338+0000] {logging_mixin.py:188} INFO - [2026-09-10T00:41:00.338+0000] {dag.py:3823} INFO - Setting next_dagrun for weekly_grocery_pipeline to 2026-09-06 00:00:00+00:00, run_after=2026-09-13 00:00:00+00:00
[2026-09-10T00:41:00.344+0000] {processor.py:183} INFO - Processing /opt/airflow/dags/weekly_grocery_pipeline.py took 0.049 seconds
[2026-09-10T00:41:30.630+0000] {processor.py:161} INFO - Started process (PID=1318) to work on /opt/airflow/dags/weekly_grocery_pipeline.py
[2026-09-10T00:41:30.632+0000] {processor.py:830} INFO - Processing file /opt/airflow/dags/weekly_grocery_pipeline.py for tasks to queue
[2026-09-10T00:41:30.633+0000] {logging_mixin.py:188} INFO - [2026-09-10T00:41:30.633+0000] {dagbag.py:538} INFO - Filling up the DagBag from /opt/airflow/dags/weekly_grocery_pipeline.py
[2026-09-10T00:41:30.650+0000] {processor.py:840} INFO - DAG(s) 'weekly_grocery_pipeline' retrieved from /opt/airflow/dags/weekly_grocery_pipeline.py
[2026-09-10T00:41:30.673+0000] {logging_mixin.py:188} INFO - [2026-09-10T00:41:30.673+0000] {dag.py:3036} INFO - Sync 1 DAGs
[2026-09-10T00:41:30.685+0000] {logging_mixin.py:188} INFO - [2026-09-10T00:41:30.685+0000] {dag.py:3823} INFO - Setting next_dagrun for weekly_grocery_pipeline to 2026-09-06 00:00:00+00:00, run_after=2026-09-13 00:00:00+00:00
[2026-09-10T00:41:30.692+0000] {processor.py:183} INFO - Processing /opt/airflow/dags/weekly_grocery_pipeline.py took 0.066 seconds
[2026-09-10T00:42:00.906+0000] {processor.py:161} INFO - Started process (PID=1323) to work on /opt/airflow/dags/weekly_grocery_pipeline.py
[2026-09-10T00:42:00.908+0000] {processor.py:830} INFO - Processing file /opt/airflow/dags/weekly_grocery_pipeline.py for tasks to queue
[2026-09-10T00:42:00.908+0000] {logging_mixin.py:188} INFO - [2026-09-10T00:42:00.908+0000] {dagbag.py:538} INFO - Filling up the DagBag from /opt/airflow/dags/weekly_grocery_pipeline.py
[2026-09-10T00:42:00.919+0000] {processor.py:840} INFO - DAG(s) 'weekly_grocery_pipeline' retrieved from /opt/airflow/dags/weekly_grocery_pipeline.py
[2026-09-10T00:42:00.938+0000] {logging_mixin.py:188} INFO - [2026-09-10T00:42:00.938+0000] {dag.py:3036} INFO - Sync 1 DAGs
[2026-09-10T00:42:00.948+0000] {logging_mixin.py:188} INFO - [2026-09-10T00:42:00.947+0000] {dag.py:3823} INFO - Setting next_dagrun for weekly_grocery_pipeline to 2026-09-06 00:00:00+00:00, run_after=2026-09-13 00:00:00+00:00
[2026-09-10T00:42:00.955+0000] {processor.py:183} INFO - Processing /opt/airflow/dags/weekly_grocery_pipeline.py took 0.051 seconds
[2026-09-10T00:42:31.190+0000] {processor.py:161} INFO - Started process (PID=1328) to work on /opt/airflow/dags/weekly_grocery_pipeline.py
[2026-09-10T00:42:31.191+0000] {processor.py:830} INFO - Processing file /opt/airflow/dags/weekly_grocery_pipeline.py for tasks to queue
[2026-09-10T00:42:31.192+0000] {logging_mixin.py:188} INFO - [2026-09-10T00:42:31.192+0000] {dagbag.py:538} INFO - Filling up the DagBag from /opt/airflow/dags/weekly_grocery_pipeline.py
[2026-09-10T00:42:31.211+0000] {processor.py:840} INFO - DAG(s) 'weekly_grocery_pipeline' retrieved from /opt/airflow/dags/weekly_grocery_pipeline.py
[2026-09-10T00:42:31.232+0000] {logging_mixin.py:188} INFO - [2026-09-10T00:42:31.232+0000] {dag.py:3036} INFO - Sync 1 DAGs
[2026-09-10T00:42:31.244+0000] {logging_mixin.py:188} INFO - [2026-09-10T00:42:31.244+0000] {dag.py:3823} INFO - Setting next_dagrun for weekly_grocery_pipeline to 2026-09-06 00:00:00+00:00, run_after=2026-09-13 00:00:00+00:00
[2026-09-10T00:42:31.251+0000] {processor.py:183} INFO - Processing /opt/airflow/dags/weekly_grocery_pipeline.py took 0.066 seconds
[2026-09-10T00:43:01.441+0000] {processor.py:161} INFO - Started process (PID=1333) to work on /opt/airflow/dags/weekly_grocery_pipeline.py
[2026-09-10T00:43:01.443+0000] {processor.py:830} INFO - Processing file /opt/airflow/dags/weekly_grocery_pipeline.py for tasks to queue
[2026-09-10T00:43:01.444+0000] {logging_mixin.py:188} INFO - [2026-09-10T00:43:01.443+0000] {dagbag.py:538} INFO - Filling up the DagBag from /opt/airflow/dags/weekly_grocery_pipeline.py
[2026-09-10T00:43:01.455+0000] {processor.py:840} INFO - DAG(s) 'weekly_grocery_pipeline' retrieved from /opt/airflow/dags/weekly_grocery_pipeline.py
[2026-09-10T00:43:01.475+0000] {logging_mixin.py:188} INFO - [2026-09-10T00:43:01.474+0000] {dag.py:3036} INFO - Sync 1 DAGs
[2026-09-10T00:43:01.485+0000] {logging_mixin.py:188} INFO - [2026-09-10T00:43:01.484+0000] {dag.py:3823} INFO - Setting next_dagrun for weekly_grocery_pipeline to 2026-09-06 00:00:00+00:00, run_after=2026-09-13 00:00:00+00:00
[2026-09-10T00:43:01.491+0000] {processor.py:183} INFO - Processing /opt/airflow/dags/weekly_grocery_pipeline.py took 0.054 seconds
[2026-09-10T00:43:31.696+0000] {processor.py:161} INFO - Started process (PID=1338) to work on /opt/airflow/dags/weekly_grocery_pipeline.py
[2026-09-10T00:43:31.697+0000] {processor.py:830} INFO - Processing file /opt/airflow/dags/weekly_grocery_pipeline.py for tasks to queue
[2026-09-10T00:43:31.698+0000] {logging_mixin.py:188} INFO - [2026-09-10T00:43:31.697+0000] {dagbag.py:538} INFO - Filling up the DagBag from /opt/airflow/dags/weekly_grocery_pipeline.py
[2026-09-10T00:43:31.709+0000] {processor.py:840} INFO - DAG(s) 'weekly_grocery_pipeline' retrieved from /opt/airflow/dags/weekly_grocery_pipeline.py
[2026-09-10T00:43:31.728+0000] {logging_mixin.py:188} INFO - [2026-09-10T00:43:31.728+0000] {dag.py:3036} INFO - Sync 1 DAGs
[2026-09-10T00:43:31.738+0000] {logging_mixin.py:188} INFO - [2026-09-10T00:43:31.738+0000] {dag.py:3823} INFO - Setting next_dagrun for weekly_grocery_pipeline to 2026-09-06 00:00:00+00:00, run_after=2026-09-13 00:00:00+00:00
[2026-09-10T00:43:31.745+0000] {processor.py:183} INFO - Processing /opt/airflow/dags/weekly_grocery_pipeline.py took 0.052 seconds
[2026-09-10T00:44:01.972+0000] {processor.py:161} INFO - Started process (PID=1343) to work on /opt/airflow/dags/weekly_grocery_pipeline.py
[2026-09-10T00:44:01.977+0000] {processor.py:830} INFO - Processing file /opt/airflow/dags/weekly_grocery_pipeline.py for tasks to queue
[2026-09-10T00:44:01.978+0000] {logging_mixin.py:188} INFO - [2026-09-10T00:44:01.978+0000] {dagbag.py:538} INFO - Filling up the DagBag from /opt/airflow/dags/weekly_grocery_pipeline.py
[2026-09-10T00:44:01.997+0000] {processor.py:840} INFO - DAG(s) 'weekly_grocery_pipeline' retrieved from /opt/airflow/dags/weekly_grocery_pipeline.py
[2026-09-10T00:44:02.018+0000] {logging_mixin.py:188} INFO - [2026-09-10T00:44:02.018+0000] {dag.py:3036} INFO - Sync 1 DAGs
[2026-09-10T00:44:02.030+0000] {logging_mixin.py:188} INFO - [2026-09-10T00:44:02.030+0000] {dag.py:3823} INFO - Setting next_dagrun for weekly_grocery_pipeline to 2026-09-06 00:00:00+00:00, run_after=2026-09-13 00:00:00+00:00
[2026-09-10T00:44:02.036+0000] {processor.py:183} INFO - Processing /opt/airflow/dags/weekly_grocery_pipeline.py took 0.070 seconds
[2026-09-10T00:44:32.265+0000] {processor.py:161} INFO - Started process (PID=1348) to work on /opt/airflow/dags/weekly_grocery_pipeline.py
[2026-09-10T00:44:32.268+0000] {processor.py:830} INFO - Processing file /opt/airflow/dags/weekly_grocery_pipeline.py for tasks to queue
[2026-09-10T00:44:32.270+0000] {logging_mixin.py:188} INFO - [2026-09-10T00:44:32.269+0000] {dagbag.py:538} INFO - Filling up the DagBag from /opt/airflow/dags/weekly_grocery_pipeline.py
[2026-09-10T00:44:32.283+0000] {processor.py:840} INFO - DAG(s) 'weekly_grocery_pipeline' retrieved from /opt/airflow/dags/weekly_grocery_pipeline.py
[2026-09-10T00:44:32.302+0000] {logging_mixin.py:188} INFO - [2026-09-10T00:44:32.302+0000] {dag.py:3036} INFO - Sync 1 DAGs
[2026-09-10T00:44:32.312+0000] {logging_mixin.py:188} INFO - [2026-09-10T00:44:32.312+0000] {dag.py:3823} INFO - Setting next_dagrun for weekly_grocery_pipeline to 2026-09-06 00:00:00+00:00, run_after=2026-09-13 00:00:00+00:00
[2026-09-10T00:44:32.320+0000] {processor.py:183} INFO - Processing /opt/airflow/dags/weekly_grocery_pipeline.py took 0.058 seconds
[2026-09-10T00:45:02.575+0000] {processor.py:161} INFO - Started process (PID=1353) to work on /opt/airflow/dags/weekly_grocery_pipeline.py
[2026-09-10T00:45:02.576+0000] {processor.py:830} INFO - Processing file /opt/airflow/dags/weekly_grocery_pipeline.py for tasks to queue
[2026-09-10T00:45:02.577+0000] {logging_mixin.py:188} INFO - [2026-09-10T00:45:02.577+0000] {dagbag.py:538} INFO - Filling up the DagBag from /opt/airflow/dags/weekly_grocery_pipeline.py
[2026-09-10T00:45:02.588+0000] {processor.py:840} INFO - DAG(s) 'weekly_grocery_pipeline' retrieved from /opt/airflow/dags/weekly_grocery_pipeline.py
[2026-09-10T00:45:02.606+0000] {logging_mixin.py:188} INFO - [2026-09-10T00:45:02.606+0000] {dag.py:3036} INFO - Sync 1 DAGs
[2026-09-10T00:45:02.616+0000] {logging_mixin.py:188} INFO - [2026-09-10T00:45:02.616+0000] {dag.py:3823} INFO - Setting next_dagrun for weekly_grocery_pipeline to 2026-09-06 00:00:00+00:00, run_after=2026-09-13 00:00:00+00:00
[2026-09-10T00:45:02.622+0000] {processor.py:183} INFO - Processing /opt/airflow/dags/weekly_grocery_pipeline.py took 0.051 seconds
[2026-09-10T00:45:32.884+0000] {processor.py:161} INFO - Started process (PID=1358) to work on /opt/airflow/dags/weekly_grocery_pipeline.py
[2026-09-10T00:45:32.886+0000] {processor.py:830} INFO - Processing file /opt/airflow/dags/weekly_grocery_pipeline.py for tasks to queue
[2026-09-10T00:45:32.887+0000] {logging_mixin.py:188} INFO - [2026-09-10T00:45:32.886+0000] {dagbag.py:538} INFO - Filling up the DagBag from /opt/airflow/dags/weekly_grocery_pipeline.py
[2026-09-10T00:45:32.904+0000] {processor.py:840} INFO - DAG(s) 'weekly_grocery_pipeline' retrieved from /opt/airflow/dags/weekly_grocery_pipeline.py
[2026-09-10T00:45:32.928+0000] {logging_mixin.py:188} INFO - [2026-09-10T00:45:32.928+0000] {dag.py:3036} INFO - Sync 1 DAGs
[2026-09-10T00:45:32.940+0000] {logging_mixin.py:188} INFO - [2026-09-10T00:45:32.939+0000] {dag.py:3823} INFO - Setting next_dagrun for weekly_grocery_pipeline to 2026-09-06 00:00:00+00:00, run_after=2026-09-13 00:00:00+00:00
[2026-09-10T00:45:32.947+0000] {processor.py:183} INFO - Processing /opt/airflow/dags/weekly_grocery_pipeline.py took 0.066 seconds
[2026-09-10T00:46:03.221+0000] {processor.py:161} INFO - Started process (PID=1363) to work on /opt/airflow/dags/weekly_grocery_pipeline.py
[2026-09-10T00:46:03.225+0000] {processor.py:830} INFO - Processing file /opt/airflow/dags/weekly_grocery_pipeline.py for tasks to queue
[2026-09-10T00:46:03.226+0000] {logging_mixin.py:188} INFO - [2026-09-10T00:46:03.225+0000] {dagbag.py:538} INFO - Filling up the DagBag from /opt/airflow/dags/weekly_grocery_pipeline.py
[2026-09-10T00:46:03.250+0000] {processor.py:840} INFO - DAG(s) 'weekly_grocery_pipeline' retrieved from /opt/airflow/dags/weekly_grocery_pipeline.py
[2026-09-10T00:46:03.286+0000] {logging_mixin.py:188} INFO - [2026-09-10T00:46:03.286+0000] {dag.py:3036} INFO - Sync 1 DAGs
[2026-09-10T00:46:03.305+0000] {logging_mixin.py:188} INFO - [2026-09-10T00:46:03.304+0000] {dag.py:3823} INFO - Setting next_dagrun for weekly_grocery_pipeline to 2026-09-06 00:00:00+00:00, run_after=2026-09-13 00:00:00+00:00
[2026-09-10T00:46:03.312+0000] {processor.py:183} INFO - Processing /opt/airflow/dags/weekly_grocery_pipeline.py took 0.099 seconds
[2026-09-10T00:46:33.526+0000] {processor.py:161} INFO - Started process (PID=1368) to work on /opt/airflow/dags/weekly_grocery_pipeline.py
[2026-09-10T00:46:33.531+0000] {processor.py:830} INFO - Processing file /opt/airflow/dags/weekly_grocery_pipeline.py for tasks to queue
[2026-09-10T00:46:33.532+0000] {logging_mixin.py:188} INFO - [2026-09-10T00:46:33.531+0000] {dagbag.py:538} INFO - Filling up the DagBag from /opt/airflow/dags/weekly_grocery_pipeline.py
[2026-09-10T00:46:33.548+0000] {processor.py:840} INFO - DAG(s) 'weekly_grocery_pipeline' retrieved from /opt/airflow/dags/weekly_grocery_pipeline.py
[2026-09-10T00:46:33.567+0000] {logging_mixin.py:188} INFO - [2026-09-10T00:46:33.567+0000] {dag.py:3036} INFO - Sync 1 DAGs
[2026-09-10T00:46:33.579+0000] {logging_mixin.py:188} INFO - [2026-09-10T00:46:33.579+0000] {dag.py:3823} INFO - Setting next_dagrun for weekly_grocery_pipeline to 2026-09-06 00:00:00+00:00, run_after=2026-09-13 00:00:00+00:00
[2026-09-10T00:46:33.586+0000] {processor.py:183} INFO - Processing /opt/airflow/dags/weekly_grocery_pipeline.py took 0.064 seconds
[2026-09-10T00:47:03.814+0000] {processor.py:161} INFO - Started process (PID=1373) to work on /opt/airflow/dags/weekly_grocery_pipeline.py
[2026-09-10T00:47:03.815+0000] {processor.py:830} INFO - Processing file /opt/airflow/dags/weekly_grocery_pipeline.py for tasks to queue
[2026-09-10T00:47:03.816+0000] {logging_mixin.py:188} INFO - [2026-09-10T00:47:03.816+0000] {dagbag.py:538} INFO - Filling up the DagBag from /opt/airflow/dags/weekly_grocery_pipeline.py
[2026-09-10T00:47:03.827+0000] {processor.py:840} INFO - DAG(s) 'weekly_grocery_pipeline' retrieved from /opt/airflow/dags/weekly_grocery_pipeline.py
[2026-09-10T00:47:03.846+0000] {logging_mixin.py:188} INFO - [2026-09-10T00:47:03.846+0000] {dag.py:3036} INFO - Sync 1 DAGs
[2026-09-10T00:47:03.856+0000] {logging_mixin.py:188} INFO - [2026-09-10T00:47:03.856+0000] {dag.py:3823} INFO - Setting next_dagrun for weekly_grocery_pipeline to 2026-09-06 00:00:00+00:00, run_after=2026-09-13 00:00:00+00:00
[2026-09-10T00:47:03.862+0000] {processor.py:183} INFO - Processing /opt/airflow/dags/weekly_grocery_pipeline.py took 0.052 seconds
[2026-09-10T00:47:34.093+0000] {processor.py:161} INFO - Started process (PID=1378) to work on /opt/airflow/dags/weekly_grocery_pipeline.py
[2026-09-10T00:47:34.094+0000] {processor.py:830} INFO - Processing file /opt/airflow/dags/weekly_grocery_pipeline.py for tasks to queue
[2026-09-10T00:47:34.095+0000] {logging_mixin.py:188} INFO - [2026-09-10T00:47:34.094+0000] {dagbag.py:538} INFO - Filling up the DagBag from /opt/airflow/dags/weekly_grocery_pipeline.py
[2026-09-10T00:47:34.118+0000] {processor.py:840} INFO - DAG(s) 'weekly_grocery_pipeline' retrieved from /opt/airflow/dags/weekly_grocery_pipeline.py
[2026-09-10T00:47:34.141+0000] {logging_mixin.py:188} INFO - [2026-09-10T00:47:34.141+0000] {dag.py:3036} INFO - Sync 1 DAGs
[2026-09-10T00:47:34.153+0000] {logging_mixin.py:188} INFO - [2026-09-10T00:47:34.153+0000] {dag.py:3823} INFO - Setting next_dagrun for weekly_grocery_pipeline to 2026-09-06 00:00:00+00:00, run_after=2026-09-13 00:00:00+00:00
[2026-09-10T00:47:34.160+0000] {processor.py:183} INFO - Processing /opt/airflow/dags/weekly_grocery_pipeline.py took 0.071 seconds
[2026-09-10T00:48:04.379+0000] {processor.py:161} INFO - Started process (PID=1383) to work on /opt/airflow/dags/weekly_grocery_pipeline.py
[2026-09-10T00:48:04.383+0000] {processor.py:830} INFO - Processing file /opt/airflow/dags/weekly_grocery_pipeline.py for tasks to queue
[2026-09-10T00:48:04.384+0000] {logging_mixin.py:188} INFO - [2026-09-10T00:48:04.384+0000] {dagbag.py:538} INFO - Filling up the DagBag from /opt/airflow/dags/weekly_grocery_pipeline.py
[2026-09-10T00:48:04.398+0000] {processor.py:840} INFO - DAG(s) 'weekly_grocery_pipeline' retrieved from /opt/airflow/dags/weekly_grocery_pipeline.py
[2026-09-10T00:48:04.419+0000] {logging_mixin.py:188} INFO - [2026-09-10T00:48:04.419+0000] {dag.py:3036} INFO - Sync 1 DAGs
[2026-09-10T00:48:04.432+0000] {logging_mixin.py:188} INFO - [2026-09-10T00:48:04.432+0000] {dag.py:3823} INFO - Setting next_dagrun for weekly_grocery_pipeline to 2026-09-06 00:00:00+00:00, run_after=2026-09-13 00:00:00+00:00
[2026-09-10T00:48:04.439+0000] {processor.py:183} INFO - Processing /opt/airflow/dags/weekly_grocery_pipeline.py took 0.064 seconds
[2026-09-10T00:48:34.673+0000] {processor.py:161} INFO - Started process (PID=1388) to work on /opt/airflow/dags/weekly_grocery_pipeline.py
[2026-09-10T00:48:34.674+0000] {processor.py:830} INFO - Processing file /opt/airflow/dags/weekly_grocery_pipeline.py for tasks to queue
[2026-09-10T00:48:34.675+0000] {logging_mixin.py:188} INFO - [2026-09-10T00:48:34.674+0000] {dagbag.py:538} INFO - Filling up the DagBag from /opt/airflow/dags/weekly_grocery_pipeline.py
[2026-09-10T00:48:34.694+0000] {processor.py:840} INFO - DAG(s) 'weekly_grocery_pipeline' retrieved from /opt/airflow/dags/weekly_grocery_pipeline.py
[2026-09-10T00:48:34.716+0000] {logging_mixin.py:188} INFO - [2026-09-10T00:48:34.716+0000] {dag.py:3036} INFO - Sync 1 DAGs
[2026-09-10T00:48:34.731+0000] {logging_mixin.py:188} INFO - [2026-09-10T00:48:34.731+0000] {dag.py:3823} INFO - Setting next_dagrun for weekly_grocery_pipeline to 2026-09-06 00:00:00+00:00, run_after=2026-09-13 00:00:00+00:00
[2026-09-10T00:48:34.738+0000] {processor.py:183} INFO - Processing /opt/airflow/dags/weekly_grocery_pipeline.py took 0.072 seconds
[2026-09-10T00:49:04.998+0000] {processor.py:161} INFO - Started process (PID=1393) to work on /opt/airflow/dags/weekly_grocery_pipeline.py
[2026-09-10T00:49:05.003+0000] {processor.py:830} INFO - Processing file /opt/airflow/dags/weekly_grocery_pipeline.py for tasks to queue
[2026-09-10T00:49:05.004+0000] {logging_mixin.py:188} INFO - [2026-09-10T00:49:05.003+0000] {dagbag.py:538} INFO - Filling up the DagBag from /opt/airflow/dags/weekly_grocery_pipeline.py
[2026-09-10T00:49:05.025+0000] {processor.py:840} INFO - DAG(s) 'weekly_grocery_pipeline' retrieved from /opt/airflow/dags/weekly_grocery_pipeline.py
[2026-09-10T00:49:05.049+0000] {logging_mixin.py:188} INFO - [2026-09-10T00:49:05.048+0000] {dag.py:3036} INFO - Sync 1 DAGs
[2026-09-10T00:49:05.066+0000] {logging_mixin.py:188} INFO - [2026-09-10T00:49:05.065+0000] {dag.py:3823} INFO - Setting next_dagrun for weekly_grocery_pipeline to 2026-09-06 00:00:00+00:00, run_after=2026-09-13 00:00:00+00:00
[2026-09-10T00:49:05.072+0000] {processor.py:183} INFO - Processing /opt/airflow/dags/weekly_grocery_pipeline.py took 0.080 seconds
[2026-09-10T00:49:35.313+0000] {processor.py:161} INFO - Started process (PID=1398) to work on /opt/airflow/dags/weekly_grocery_pipeline.py
[2026-09-10T00:49:35.317+0000] {processor.py:830} INFO - Processing file /opt/airflow/dags/weekly_grocery_pipeline.py for tasks to queue
[2026-09-10T00:49:35.319+0000] {logging_mixin.py:188} INFO - [2026-09-10T00:49:35.318+0000] {dagbag.py:538} INFO - Filling up the DagBag from /opt/airflow/dags/weekly_grocery_pipeline.py
[2026-09-10T00:49:35.338+0000] {processor.py:840} INFO - DAG(s) 'weekly_grocery_pipeline' retrieved from /opt/airflow/dags/weekly_grocery_pipeline.py
[2026-09-10T00:49:35.364+0000] {logging_mixin.py:188} INFO - [2026-09-10T00:49:35.364+0000] {dag.py:3036} INFO - Sync 1 DAGs
[2026-09-10T00:49:35.381+0000] {logging_mixin.py:188} INFO - [2026-09-10T00:49:35.381+0000] {dag.py:3823} INFO - Setting next_dagrun for weekly_grocery_pipeline to 2026-09-06 00:00:00+00:00, run_after=2026-09-13 00:00:00+00:00
[2026-09-10T00:49:35.389+0000] {processor.py:183} INFO - Processing /opt/airflow/dags/weekly_grocery_pipeline.py took 0.080 seconds
[2026-09-10T00:50:05.569+0000] {processor.py:161} INFO - Started process (PID=1403) to work on /opt/airflow/dags/weekly_grocery_pipeline.py
[2026-09-10T00:50:05.571+0000] {processor.py:830} INFO - Processing file /opt/airflow/dags/weekly_grocery_pipeline.py for tasks to queue
[2026-09-10T00:50:05.573+0000] {logging_mixin.py:188} INFO - [2026-09-10T00:50:05.573+0000] {dagbag.py:538} INFO - Filling up the DagBag from /opt/airflow/dags/weekly_grocery_pipeline.py
[2026-09-10T00:50:05.586+0000] {processor.py:840} INFO - DAG(s) 'weekly_grocery_pipeline' retrieved from /opt/airflow/dags/weekly_grocery_pipeline.py
[2026-09-10T00:50:05.605+0000] {logging_mixin.py:188} INFO - [2026-09-10T00:50:05.605+0000] {dag.py:3036} INFO - Sync 1 DAGs
[2026-09-10T00:50:05.616+0000] {logging_mixin.py:188} INFO - [2026-09-10T00:50:05.616+0000] {dag.py:3823} INFO - Setting next_dagrun for weekly_grocery_pipeline to 2026-09-06 00:00:00+00:00, run_after=2026-09-13 00:00:00+00:00
[2026-09-10T00:50:05.623+0000] {processor.py:183} INFO - Processing /opt/airflow/dags/weekly_grocery_pipeline.py took 0.056 seconds
[2026-09-10T00:50:35.890+0000] {processor.py:161} INFO - Started process (PID=1408) to work on /opt/airflow/dags/weekly_grocery_pipeline.py
[2026-09-10T00:50:35.895+0000] {processor.py:830} INFO - Processing file /opt/airflow/dags/weekly_grocery_pipeline.py for tasks to queue
[2026-09-10T00:50:35.896+0000] {logging_mixin.py:188} INFO - [2026-09-10T00:50:35.895+0000] {dagbag.py:538} INFO - Filling up the DagBag from /opt/airflow/dags/weekly_grocery_pipeline.py
[2026-09-10T00:50:35.922+0000] {processor.py:840} INFO - DAG(s) 'weekly_grocery_pipeline' retrieved from /opt/airflow/dags/weekly_grocery_pipeline.py
[2026-09-10T00:50:35.950+0000] {logging_mixin.py:188} INFO - [2026-09-10T00:50:35.950+0000] {dag.py:3036} INFO - Sync 1 DAGs
[2026-09-10T00:50:35.964+0000] {logging_mixin.py:188} INFO - [2026-09-10T00:50:35.964+0000] {dag.py:3823} INFO - Setting next_dagrun for weekly_grocery_pipeline to 2026-09-06 00:00:00+00:00, run_after=2026-09-13 00:00:00+00:00
[2026-09-10T00:50:35.973+0000] {processor.py:183} INFO - Processing /opt/airflow/dags/weekly_grocery_pipeline.py took 0.088 seconds
[2026-09-10T00:51:06.273+0000] {processor.py:161} INFO - Started process (PID=1413) to work on /opt/airflow/dags/weekly_grocery_pipeline.py
[2026-09-10T00:51:06.275+0000] {processor.py:830} INFO - Processing file /opt/airflow/dags/weekly_grocery_pipeline.py for tasks to queue
[2026-09-10T00:51:06.277+0000] {logging_mixin.py:188} INFO - [2026-09-10T00:51:06.276+0000] {dagbag.py:538} INFO - Filling up the DagBag from /opt/airflow/dags/weekly_grocery_pipeline.py
[2026-09-10T00:51:06.300+0000] {processor.py:840} INFO - DAG(s) 'weekly_grocery_pipeline' retrieved from /opt/airflow/dags/weekly_grocery_pipeline.py
[2026-09-10T00:51:06.326+0000] {logging_mixin.py:188} INFO - [2026-09-10T00:51:06.326+0000] {dag.py:3036} INFO - Sync 1 DAGs
[2026-09-10T00:51:06.341+0000] {logging_mixin.py:188} INFO - [2026-09-10T00:51:06.341+0000] {dag.py:3823} INFO - Setting next_dagrun for weekly_grocery_pipeline to 2026-09-06 00:00:00+00:00, run_after=2026-09-13 00:00:00+00:00
[2026-09-10T00:51:06.349+0000] {processor.py:183} INFO - Processing /opt/airflow/dags/weekly_grocery_pipeline.py took 0.082 seconds
[2026-09-10T00:51:36.807+0000] {processor.py:161} INFO - Started process (PID=1418) to work on /opt/airflow/dags/weekly_grocery_pipeline.py
[2026-09-10T00:51:36.814+0000] {processor.py:830} INFO - Processing file /opt/airflow/dags/weekly_grocery_pipeline.py for tasks to queue
[2026-09-10T00:51:36.827+0000] {logging_mixin.py:188} INFO - [2026-09-10T00:51:36.826+0000] {dagbag.py:538} INFO - Filling up the DagBag from /opt/airflow/dags/weekly_grocery_pipeline.py
[2026-09-10T00:51:36.871+0000] {processor.py:840} INFO - DAG(s) 'weekly_grocery_pipeline' retrieved from /opt/airflow/dags/weekly_grocery_pipeline.py
[2026-09-10T00:51:36.961+0000] {logging_mixin.py:188} INFO - [2026-09-10T00:51:36.961+0000] {dag.py:3036} INFO - Sync 1 DAGs
[2026-09-10T00:51:37.009+0000] {logging_mixin.py:188} INFO - [2026-09-10T00:51:37.008+0000] {dag.py:3823} INFO - Setting next_dagrun for weekly_grocery_pipeline to 2026-09-06 00:00:00+00:00, run_after=2026-09-13 00:00:00+00:00
[2026-09-10T00:51:37.029+0000] {processor.py:183} INFO - Processing /opt/airflow/dags/weekly_grocery_pipeline.py took 0.236 seconds
[2026-09-10T00:52:07.083+0000] {processor.py:161} INFO - Started process (PID=1423) to work on /opt/airflow/dags/weekly_grocery_pipeline.py
[2026-09-10T00:52:07.086+0000] {processor.py:830} INFO - Processing file /opt/airflow/dags/weekly_grocery_pipeline.py for tasks to queue
[2026-09-10T00:52:07.086+0000] {logging_mixin.py:188} INFO - [2026-09-10T00:52:07.086+0000] {dagbag.py:538} INFO - Filling up the DagBag from /opt/airflow/dags/weekly_grocery_pipeline.py
[2026-09-10T00:52:07.104+0000] {processor.py:840} INFO - DAG(s) 'weekly_grocery_pipeline' retrieved from /opt/airflow/dags/weekly_grocery_pipeline.py
[2026-09-10T00:52:07.128+0000] {logging_mixin.py:188} INFO - [2026-09-10T00:52:07.128+0000] {dag.py:3036} INFO - Sync 1 DAGs
[2026-09-10T00:52:07.140+0000] {logging_mixin.py:188} INFO - [2026-09-10T00:52:07.140+0000] {dag.py:3823} INFO - Setting next_dagrun for weekly_grocery_pipeline to 2026-09-06 00:00:00+00:00, run_after=2026-09-13 00:00:00+00:00
[2026-09-10T00:52:07.147+0000] {processor.py:183} INFO - Processing /opt/airflow/dags/weekly_grocery_pipeline.py took 0.073 seconds
[2026-09-10T00:52:37.566+0000] {processor.py:161} INFO - Started process (PID=1428) to work on /opt/airflow/dags/weekly_grocery_pipeline.py
[2026-09-10T00:52:37.566+0000] {processor.py:830} INFO - Processing file /opt/airflow/dags/weekly_grocery_pipeline.py for tasks to queue
[2026-09-10T00:52:37.567+0000] {logging_mixin.py:188} INFO - [2026-09-10T00:52:37.567+0000] {dagbag.py:538} INFO - Filling up the DagBag from /opt/airflow/dags/weekly_grocery_pipeline.py
[2026-09-10T00:52:37.585+0000] {processor.py:840} INFO - DAG(s) 'weekly_grocery_pipeline' retrieved from /opt/airflow/dags/weekly_grocery_pipeline.py
[2026-09-10T00:52:37.617+0000] {logging_mixin.py:188} INFO - [2026-09-10T00:52:37.617+0000] {dag.py:3036} INFO - Sync 1 DAGs
[2026-09-10T00:52:37.633+0000] {logging_mixin.py:188} INFO - [2026-09-10T00:52:37.632+0000] {dag.py:3823} INFO - Setting next_dagrun for weekly_grocery_pipeline to 2026-09-06 00:00:00+00:00, run_after=2026-09-13 00:00:00+00:00
[2026-09-10T00:52:37.639+0000] {processor.py:183} INFO - Processing /opt/airflow/dags/weekly_grocery_pipeline.py took 0.077 seconds
[2026-09-10T00:53:07.829+0000] {processor.py:161} INFO - Started process (PID=1433) to work on /opt/airflow/dags/weekly_grocery_pipeline.py
[2026-09-10T00:53:07.834+0000] {processor.py:830} INFO - Processing file /opt/airflow/dags/weekly_grocery_pipeline.py for tasks to queue
[2026-09-10T00:53:07.836+0000] {logging_mixin.py:188} INFO - [2026-09-10T00:53:07.835+0000] {dagbag.py:538} INFO - Filling up the DagBag from /opt/airflow/dags/weekly_grocery_pipeline.py
[2026-09-10T00:53:07.856+0000] {processor.py:840} INFO - DAG(s) 'weekly_grocery_pipeline' retrieved from /opt/airflow/dags/weekly_grocery_pipeline.py
[2026-09-10T00:53:07.885+0000] {logging_mixin.py:188} INFO - [2026-09-10T00:53:07.885+0000] {dag.py:3036} INFO - Sync 1 DAGs
[2026-09-10T00:53:07.896+0000] {logging_mixin.py:188} INFO - [2026-09-10T00:53:07.896+0000] {dag.py:3823} INFO - Setting next_dagrun for weekly_grocery_pipeline to 2026-09-06 00:00:00+00:00, run_after=2026-09-13 00:00:00+00:00
[2026-09-10T00:53:07.907+0000] {processor.py:183} INFO - Processing /opt/airflow/dags/weekly_grocery_pipeline.py took 0.084 seconds
[2026-09-10T00:53:38.224+0000] {processor.py:161} INFO - Started process (PID=1438) to work on /opt/airflow/dags/weekly_grocery_pipeline.py
[2026-09-10T00:53:38.225+0000] {processor.py:830} INFO - Processing file /opt/airflow/dags/weekly_grocery_pipeline.py for tasks to queue
[2026-09-10T00:53:38.226+0000] {logging_mixin.py:188} INFO - [2026-09-10T00:53:38.226+0000] {dagbag.py:538} INFO - Filling up the DagBag from /opt/airflow/dags/weekly_grocery_pipeline.py
[2026-09-10T00:53:38.245+0000] {processor.py:840} INFO - DAG(s) 'weekly_grocery_pipeline' retrieved from /opt/airflow/dags/weekly_grocery_pipeline.py
[2026-09-10T00:53:38.264+0000] {logging_mixin.py:188} INFO - [2026-09-10T00:53:38.264+0000] {dag.py:3036} INFO - Sync 1 DAGs
[2026-09-10T00:53:38.276+0000] {logging_mixin.py:188} INFO - [2026-09-10T00:53:38.276+0000] {dag.py:3823} INFO - Setting next_dagrun for weekly_grocery_pipeline to 2026-09-06 00:00:00+00:00, run_after=2026-09-13 00:00:00+00:00
[2026-09-10T00:53:38.285+0000] {processor.py:183} INFO - Processing /opt/airflow/dags/weekly_grocery_pipeline.py took 0.074 seconds
[2026-09-10T00:54:08.531+0000] {processor.py:161} INFO - Started process (PID=1443) to work on /opt/airflow/dags/weekly_grocery_pipeline.py
[2026-09-10T00:54:08.532+0000] {processor.py:830} INFO - Processing file /opt/airflow/dags/weekly_grocery_pipeline.py for tasks to queue
[2026-09-10T00:54:08.533+0000] {logging_mixin.py:188} INFO - [2026-09-10T00:54:08.533+0000] {dagbag.py:538} INFO - Filling up the DagBag from /opt/airflow/dags/weekly_grocery_pipeline.py
[2026-09-10T00:54:08.549+0000] {processor.py:840} INFO - DAG(s) 'weekly_grocery_pipeline' retrieved from /opt/airflow/dags/weekly_grocery_pipeline.py
[2026-09-10T00:54:08.574+0000] {logging_mixin.py:188} INFO - [2026-09-10T00:54:08.574+0000] {dag.py:3036} INFO - Sync 1 DAGs
[2026-09-10T00:54:08.592+0000] {logging_mixin.py:188} INFO - [2026-09-10T00:54:08.592+0000] {dag.py:3823} INFO - Setting next_dagrun for weekly_grocery_pipeline to 2026-09-06 00:00:00+00:00, run_after=2026-09-13 00:00:00+00:00
[2026-09-10T00:54:08.600+0000] {processor.py:183} INFO - Processing /opt/airflow/dags/weekly_grocery_pipeline.py took 0.077 seconds
[2026-09-10T00:54:38.823+0000] {processor.py:161} INFO - Started process (PID=1448) to work on /opt/airflow/dags/weekly_grocery_pipeline.py
[2026-09-10T00:54:38.824+0000] {processor.py:830} INFO - Processing file /opt/airflow/dags/weekly_grocery_pipeline.py for tasks to queue
[2026-09-10T00:54:38.825+0000] {logging_mixin.py:188} INFO - [2026-09-10T00:54:38.825+0000] {dagbag.py:538} INFO - Filling up the DagBag from /opt/airflow/dags/weekly_grocery_pipeline.py
[2026-09-10T00:54:38.842+0000] {processor.py:840} INFO - DAG(s) 'weekly_grocery_pipeline' retrieved from /opt/airflow/dags/weekly_grocery_pipeline.py
[2026-09-10T00:54:38.871+0000] {logging_mixin.py:188} INFO - [2026-09-10T00:54:38.871+0000] {dag.py:3036} INFO - Sync 1 DAGs
[2026-09-10T00:54:38.886+0000] {logging_mixin.py:188} INFO - [2026-09-10T00:54:38.886+0000] {dag.py:3823} INFO - Setting next_dagrun for weekly_grocery_pipeline to 2026-09-06 00:00:00+00:00, run_after=2026-09-13 00:00:00+00:00
[2026-09-10T00:54:38.893+0000] {processor.py:183} INFO - Processing /opt/airflow/dags/weekly_grocery_pipeline.py took 0.076 seconds
[2026-09-10T00:55:09.172+0000] {processor.py:161} INFO - Started process (PID=1453) to work on /opt/airflow/dags/weekly_grocery_pipeline.py
[2026-09-10T00:55:09.174+0000] {processor.py:830} INFO - Processing file /opt/airflow/dags/weekly_grocery_pipeline.py for tasks to queue
[2026-09-10T00:55:09.175+0000] {logging_mixin.py:188} INFO - [2026-09-10T00:55:09.174+0000] {dagbag.py:538} INFO - Filling up the DagBag from /opt/airflow/dags/weekly_grocery_pipeline.py
[2026-09-10T00:55:09.193+0000] {processor.py:840} INFO - DAG(s) 'weekly_grocery_pipeline' retrieved from /opt/airflow/dags/weekly_grocery_pipeline.py
[2026-09-10T00:55:09.223+0000] {logging_mixin.py:188} INFO - [2026-09-10T00:55:09.222+0000] {dag.py:3036} INFO - Sync 1 DAGs
[2026-09-10T00:55:09.285+0000] {logging_mixin.py:188} INFO - [2026-09-10T00:55:09.285+0000] {dag.py:3823} INFO - Setting next_dagrun for weekly_grocery_pipeline to 2026-09-06 00:00:00+00:00, run_after=2026-09-13 00:00:00+00:00
[2026-09-10T00:55:09.308+0000] {processor.py:183} INFO - Processing /opt/airflow/dags/weekly_grocery_pipeline.py took 0.140 seconds
[2026-09-10T00:55:39.541+0000] {processor.py:161} INFO - Started process (PID=1458) to work on /opt/airflow/dags/weekly_grocery_pipeline.py
[2026-09-10T00:55:39.544+0000] {processor.py:830} INFO - Processing file /opt/airflow/dags/weekly_grocery_pipeline.py for tasks to queue
[2026-09-10T00:55:39.545+0000] {logging_mixin.py:188} INFO - [2026-09-10T00:55:39.544+0000] {dagbag.py:538} INFO - Filling up the DagBag from /opt/airflow/dags/weekly_grocery_pipeline.py
[2026-09-10T00:55:39.559+0000] {processor.py:840} INFO - DAG(s) 'weekly_grocery_pipeline' retrieved from /opt/airflow/dags/weekly_grocery_pipeline.py
[2026-09-10T00:55:39.582+0000] {logging_mixin.py:188} INFO - [2026-09-10T00:55:39.582+0000] {dag.py:3036} INFO - Sync 1 DAGs
[2026-09-10T00:55:39.593+0000] {logging_mixin.py:188} INFO - [2026-09-10T00:55:39.593+0000] {dag.py:3823} INFO - Setting next_dagrun for weekly_grocery_pipeline to 2026-09-06 00:00:00+00:00, run_after=2026-09-13 00:00:00+00:00
[2026-09-10T00:55:39.600+0000] {processor.py:183} INFO - Processing /opt/airflow/dags/weekly_grocery_pipeline.py took 0.067 seconds
[2026-09-10T00:56:09.879+0000] {processor.py:161} INFO - Started process (PID=1463) to work on /opt/airflow/dags/weekly_grocery_pipeline.py
[2026-09-10T00:56:09.881+0000] {processor.py:830} INFO - Processing file /opt/airflow/dags/weekly_grocery_pipeline.py for tasks to queue
[2026-09-10T00:56:09.882+0000] {logging_mixin.py:188} INFO - [2026-09-10T00:56:09.881+0000] {dagbag.py:538} INFO - Filling up the DagBag from /opt/airflow/dags/weekly_grocery_pipeline.py
[2026-09-10T00:56:09.902+0000] {processor.py:840} INFO - DAG(s) 'weekly_grocery_pipeline' retrieved from /opt/airflow/dags/weekly_grocery_pipeline.py
[2026-09-10T00:56:09.923+0000] {logging_mixin.py:188} INFO - [2026-09-10T00:56:09.923+0000] {dag.py:3036} INFO - Sync 1 DAGs
[2026-09-10T00:56:09.934+0000] {logging_mixin.py:188} INFO - [2026-09-10T00:56:09.934+0000] {dag.py:3823} INFO - Setting next_dagrun for weekly_grocery_pipeline to 2026-09-06 00:00:00+00:00, run_after=2026-09-13 00:00:00+00:00
[2026-09-10T00:56:09.940+0000] {processor.py:183} INFO - Processing /opt/airflow/dags/weekly_grocery_pipeline.py took 0.066 seconds
[2026-09-10T00:56:40.222+0000] {processor.py:161} INFO - Started process (PID=1468) to work on /opt/airflow/dags/weekly_grocery_pipeline.py
[2026-09-10T00:56:40.223+0000] {processor.py:830} INFO - Processing file /opt/airflow/dags/weekly_grocery_pipeline.py for tasks to queue
[2026-09-10T00:56:40.224+0000] {logging_mixin.py:188} INFO - [2026-09-10T00:56:40.224+0000] {dagbag.py:538} INFO - Filling up the DagBag from /opt/airflow/dags/weekly_grocery_pipeline.py
[2026-09-10T00:56:40.240+0000] {processor.py:840} INFO - DAG(s) 'weekly_grocery_pipeline' retrieved from /opt/airflow/dags/weekly_grocery_pipeline.py
[2026-09-10T00:56:40.281+0000] {logging_mixin.py:188} INFO - [2026-09-10T00:56:40.281+0000] {dag.py:3036} INFO - Sync 1 DAGs
[2026-09-10T00:56:40.293+0000] {logging_mixin.py:188} INFO - [2026-09-10T00:56:40.293+0000] {dag.py:3823} INFO - Setting next_dagrun for weekly_grocery_pipeline to 2026-09-06 00:00:00+00:00, run_after=2026-09-13 00:00:00+00:00
[2026-09-10T00:56:40.300+0000] {processor.py:183} INFO - Processing /opt/airflow/dags/weekly_grocery_pipeline.py took 0.082 seconds
[2026-09-10T00:57:10.514+0000] {processor.py:161} INFO - Started process (PID=1473) to work on /opt/airflow/dags/weekly_grocery_pipeline.py
[2026-09-10T00:57:10.516+0000] {processor.py:830} INFO - Processing file /opt/airflow/dags/weekly_grocery_pipeline.py for tasks to queue
[2026-09-10T00:57:10.517+0000] {logging_mixin.py:188} INFO - [2026-09-10T00:57:10.516+0000] {dagbag.py:538} INFO - Filling up the DagBag from /opt/airflow/dags/weekly_grocery_pipeline.py
[2026-09-10T00:57:10.544+0000] {processor.py:840} INFO - DAG(s) 'weekly_grocery_pipeline' retrieved from /opt/airflow/dags/weekly_grocery_pipeline.py
[2026-09-10T00:57:10.588+0000] {logging_mixin.py:188} INFO - [2026-09-10T00:57:10.588+0000] {dag.py:3036} INFO - Sync 1 DAGs
[2026-09-10T00:57:10.610+0000] {logging_mixin.py:188} INFO - [2026-09-10T00:57:10.609+0000] {dag.py:3823} INFO - Setting next_dagrun for weekly_grocery_pipeline to 2026-09-06 00:00:00+00:00, run_after=2026-09-13 00:00:00+00:00
[2026-09-10T00:57:10.620+0000] {processor.py:183} INFO - Processing /opt/airflow/dags/weekly_grocery_pipeline.py took 0.115 seconds
[2026-09-10T00:57:40.863+0000] {processor.py:161} INFO - Started process (PID=1478) to work on /opt/airflow/dags/weekly_grocery_pipeline.py
[2026-09-10T00:57:40.864+0000] {processor.py:830} INFO - Processing file /opt/airflow/dags/weekly_grocery_pipeline.py for tasks to queue
[2026-09-10T00:57:40.865+0000] {logging_mixin.py:188} INFO - [2026-09-10T00:57:40.865+0000] {dagbag.py:538} INFO - Filling up the DagBag from /opt/airflow/dags/weekly_grocery_pipeline.py
[2026-09-10T00:57:40.896+0000] {processor.py:840} INFO - DAG(s) 'weekly_grocery_pipeline' retrieved from /opt/airflow/dags/weekly_grocery_pipeline.py
[2026-09-10T00:57:40.918+0000] {logging_mixin.py:188} INFO - [2026-09-10T00:57:40.917+0000] {dag.py:3036} INFO - Sync 1 DAGs
[2026-09-10T00:57:40.929+0000] {logging_mixin.py:188} INFO - [2026-09-10T00:57:40.929+0000] {dag.py:3823} INFO - Setting next_dagrun for weekly_grocery_pipeline to 2026-09-06 00:00:00+00:00, run_after=2026-09-13 00:00:00+00:00
[2026-09-10T00:57:40.935+0000] {processor.py:183} INFO - Processing /opt/airflow/dags/weekly_grocery_pipeline.py took 0.077 seconds
[2026-09-10T00:58:11.153+0000] {processor.py:161} INFO - Started process (PID=1483) to work on /opt/airflow/dags/weekly_grocery_pipeline.py
[2026-09-10T00:58:11.155+0000] {processor.py:830} INFO - Processing file /opt/airflow/dags/weekly_grocery_pipeline.py for tasks to queue
[2026-09-10T00:58:11.156+0000] {logging_mixin.py:188} INFO - [2026-09-10T00:58:11.156+0000] {dagbag.py:538} INFO - Filling up the DagBag from /opt/airflow/dags/weekly_grocery_pipeline.py
[2026-09-10T00:58:11.174+0000] {processor.py:840} INFO - DAG(s) 'weekly_grocery_pipeline' retrieved from /opt/airflow/dags/weekly_grocery_pipeline.py
[2026-09-10T00:58:11.217+0000] {logging_mixin.py:188} INFO - [2026-09-10T00:58:11.217+0000] {dag.py:3036} INFO - Sync 1 DAGs
[2026-09-10T00:58:11.236+0000] {logging_mixin.py:188} INFO - [2026-09-10T00:58:11.236+0000] {dag.py:3823} INFO - Setting next_dagrun for weekly_grocery_pipeline to 2026-09-06 00:00:00+00:00, run_after=2026-09-13 00:00:00+00:00
[2026-09-10T00:58:11.245+0000] {processor.py:183} INFO - Processing /opt/airflow/dags/weekly_grocery_pipeline.py took 0.098 seconds
[2026-09-10T00:58:41.514+0000] {processor.py:161} INFO - Started process (PID=1488) to work on /opt/airflow/dags/weekly_grocery_pipeline.py
[2026-09-10T00:58:41.515+0000] {processor.py:830} INFO - Processing file /opt/airflow/dags/weekly_grocery_pipeline.py for tasks to queue
[2026-09-10T00:58:41.516+0000] {logging_mixin.py:188} INFO - [2026-09-10T00:58:41.516+0000] {dagbag.py:538} INFO - Filling up the DagBag from /opt/airflow/dags/weekly_grocery_pipeline.py
[2026-09-10T00:58:41.532+0000] {processor.py:840} INFO - DAG(s) 'weekly_grocery_pipeline' retrieved from /opt/airflow/dags/weekly_grocery_pipeline.py
[2026-09-10T00:58:41.552+0000] {logging_mixin.py:188} INFO - [2026-09-10T00:58:41.552+0000] {dag.py:3036} INFO - Sync 1 DAGs
[2026-09-10T00:58:41.567+0000] {logging_mixin.py:188} INFO - [2026-09-10T00:58:41.566+0000] {dag.py:3823} INFO - Setting next_dagrun for weekly_grocery_pipeline to 2026-09-06 00:00:00+00:00, run_after=2026-09-13 00:00:00+00:00
[2026-09-10T00:58:41.576+0000] {processor.py:183} INFO - Processing /opt/airflow/dags/weekly_grocery_pipeline.py took 0.064 seconds
[2026-09-10T00:59:11.851+0000] {processor.py:161} INFO - Started process (PID=1493) to work on /opt/airflow/dags/weekly_grocery_pipeline.py
[2026-09-10T00:59:11.853+0000] {processor.py:830} INFO - Processing file /opt/airflow/dags/weekly_grocery_pipeline.py for tasks to queue
[2026-09-10T00:59:11.854+0000] {logging_mixin.py:188} INFO - [2026-09-10T00:59:11.854+0000] {dagbag.py:538} INFO - Filling up the DagBag from /opt/airflow/dags/weekly_grocery_pipeline.py
[2026-09-10T00:59:11.876+0000] {processor.py:840} INFO - DAG(s) 'weekly_grocery_pipeline' retrieved from /opt/airflow/dags/weekly_grocery_pipeline.py
[2026-09-10T00:59:11.898+0000] {logging_mixin.py:188} INFO - [2026-09-10T00:59:11.898+0000] {dag.py:3036} INFO - Sync 1 DAGs
[2026-09-10T00:59:11.912+0000] {logging_mixin.py:188} INFO - [2026-09-10T00:59:11.912+0000] {dag.py:3823} INFO - Setting next_dagrun for weekly_grocery_pipeline to 2026-09-06 00:00:00+00:00, run_after=2026-09-13 00:00:00+00:00
[2026-09-10T00:59:11.919+0000] {processor.py:183} INFO - Processing /opt/airflow/dags/weekly_grocery_pipeline.py took 0.074 seconds
[2026-09-10T00:59:42.257+0000] {processor.py:161} INFO - Started process (PID=1498) to work on /opt/airflow/dags/weekly_grocery_pipeline.py
[2026-09-10T00:59:42.262+0000] {processor.py:830} INFO - Processing file /opt/airflow/dags/weekly_grocery_pipeline.py for tasks to queue
[2026-09-10T00:59:42.267+0000] {logging_mixin.py:188} INFO - [2026-09-10T00:59:42.266+0000] {dagbag.py:538} INFO - Filling up the DagBag from /opt/airflow/dags/weekly_grocery_pipeline.py
[2026-09-10T00:59:42.293+0000] {processor.py:840} INFO - DAG(s) 'weekly_grocery_pipeline' retrieved from /opt/airflow/dags/weekly_grocery_pipeline.py
[2026-09-10T00:59:42.321+0000] {logging_mixin.py:188} INFO - [2026-09-10T00:59:42.321+0000] {dag.py:3036} INFO - Sync 1 DAGs
[2026-09-10T00:59:42.334+0000] {logging_mixin.py:188} INFO - [2026-09-10T00:59:42.333+0000] {dag.py:3823} INFO - Setting next_dagrun for weekly_grocery_pipeline to 2026-09-06 00:00:00+00:00, run_after=2026-09-13 00:00:00+00:00
[2026-09-10T00:59:42.340+0000] {processor.py:183} INFO - Processing /opt/airflow/dags/weekly_grocery_pipeline.py took 0.088 seconds
[2026-09-10T01:00:12.615+0000] {processor.py:161} INFO - Started process (PID=1503) to work on /opt/airflow/dags/weekly_grocery_pipeline.py
[2026-09-10T01:00:12.617+0000] {processor.py:830} INFO - Processing file /opt/airflow/dags/weekly_grocery_pipeline.py for tasks to queue
[2026-09-10T01:00:12.617+0000] {logging_mixin.py:188} INFO - [2026-09-10T01:00:12.617+0000] {dagbag.py:538} INFO - Filling up the DagBag from /opt/airflow/dags/weekly_grocery_pipeline.py
[2026-09-10T01:00:12.629+0000] {processor.py:840} INFO - DAG(s) 'weekly_grocery_pipeline' retrieved from /opt/airflow/dags/weekly_grocery_pipeline.py
[2026-09-10T01:00:12.651+0000] {logging_mixin.py:188} INFO - [2026-09-10T01:00:12.651+0000] {dag.py:3036} INFO - Sync 1 DAGs
[2026-09-10T01:00:12.670+0000] {logging_mixin.py:188} INFO - [2026-09-10T01:00:12.670+0000] {dag.py:3823} INFO - Setting next_dagrun for weekly_grocery_pipeline to 2026-09-06 00:00:00+00:00, run_after=2026-09-13 00:00:00+00:00
[2026-09-10T01:00:12.678+0000] {processor.py:183} INFO - Processing /opt/airflow/dags/weekly_grocery_pipeline.py took 0.067 seconds
[2026-09-10T01:00:42.858+0000] {processor.py:161} INFO - Started process (PID=1508) to work on /opt/airflow/dags/weekly_grocery_pipeline.py
[2026-09-10T01:00:42.861+0000] {processor.py:830} INFO - Processing file /opt/airflow/dags/weekly_grocery_pipeline.py for tasks to queue
[2026-09-10T01:00:42.862+0000] {logging_mixin.py:188} INFO - [2026-09-10T01:00:42.861+0000] {dagbag.py:538} INFO - Filling up the DagBag from /opt/airflow/dags/weekly_grocery_pipeline.py
[2026-09-10T01:00:42.880+0000] {processor.py:840} INFO - DAG(s) 'weekly_grocery_pipeline' retrieved from /opt/airflow/dags/weekly_grocery_pipeline.py
[2026-09-10T01:00:42.914+0000] {logging_mixin.py:188} INFO - [2026-09-10T01:00:42.914+0000] {dag.py:3036} INFO - Sync 1 DAGs
[2026-09-10T01:00:42.931+0000] {logging_mixin.py:188} INFO - [2026-09-10T01:00:42.931+0000] {dag.py:3823} INFO - Setting next_dagrun for weekly_grocery_pipeline to 2026-09-06 00:00:00+00:00, run_after=2026-09-13 00:00:00+00:00
[2026-09-10T01:00:42.939+0000] {processor.py:183} INFO - Processing /opt/airflow/dags/weekly_grocery_pipeline.py took 0.086 seconds
[2026-09-10T01:01:13.247+0000] {processor.py:161} INFO - Started process (PID=1513) to work on /opt/airflow/dags/weekly_grocery_pipeline.py
[2026-09-10T01:01:13.251+0000] {processor.py:830} INFO - Processing file /opt/airflow/dags/weekly_grocery_pipeline.py for tasks to queue
[2026-09-10T01:01:13.253+0000] {logging_mixin.py:188} INFO - [2026-09-10T01:01:13.252+0000] {dagbag.py:538} INFO - Filling up the DagBag from /opt/airflow/dags/weekly_grocery_pipeline.py
[2026-09-10T01:01:13.273+0000] {processor.py:840} INFO - DAG(s) 'weekly_grocery_pipeline' retrieved from /opt/airflow/dags/weekly_grocery_pipeline.py
[2026-09-10T01:01:13.306+0000] {logging_mixin.py:188} INFO - [2026-09-10T01:01:13.306+0000] {dag.py:3036} INFO - Sync 1 DAGs
[2026-09-10T01:01:13.322+0000] {logging_mixin.py:188} INFO - [2026-09-10T01:01:13.322+0000] {dag.py:3823} INFO - Setting next_dagrun for weekly_grocery_pipeline to 2026-09-06 00:00:00+00:00, run_after=2026-09-13 00:00:00+00:00
[2026-09-10T01:01:13.332+0000] {processor.py:183} INFO - Processing /opt/airflow/dags/weekly_grocery_pipeline.py took 0.089 seconds
[2026-09-10T01:01:43.594+0000] {processor.py:161} INFO - Started process (PID=1518) to work on /opt/airflow/dags/weekly_grocery_pipeline.py
[2026-09-10T01:01:43.599+0000] {processor.py:830} INFO - Processing file /opt/airflow/dags/weekly_grocery_pipeline.py for tasks to queue
[2026-09-10T01:01:43.600+0000] {logging_mixin.py:188} INFO - [2026-09-10T01:01:43.599+0000] {dagbag.py:538} INFO - Filling up the DagBag from /opt/airflow/dags/weekly_grocery_pipeline.py
[2026-09-10T01:01:43.621+0000] {processor.py:840} INFO - DAG(s) 'weekly_grocery_pipeline' retrieved from /opt/airflow/dags/weekly_grocery_pipeline.py
[2026-09-10T01:01:43.644+0000] {logging_mixin.py:188} INFO - [2026-09-10T01:01:43.644+0000] {dag.py:3036} INFO - Sync 1 DAGs
[2026-09-10T01:01:43.657+0000] {logging_mixin.py:188} INFO - [2026-09-10T01:01:43.657+0000] {dag.py:3823} INFO - Setting next_dagrun for weekly_grocery_pipeline to 2026-09-06 00:00:00+00:00, run_after=2026-09-13 00:00:00+00:00
[2026-09-10T01:01:43.667+0000] {processor.py:183} INFO - Processing /opt/airflow/dags/weekly_grocery_pipeline.py took 0.077 seconds
[2026-09-10T01:02:24.992+0000] {processor.py:161} INFO - Started process (PID=192) to work on /opt/airflow/dags/weekly_grocery_pipeline.py
[2026-09-10T01:02:24.997+0000] {processor.py:830} INFO - Processing file /opt/airflow/dags/weekly_grocery_pipeline.py for tasks to queue
[2026-09-10T01:02:24.999+0000] {logging_mixin.py:188} INFO - [2026-09-10T01:02:24.998+0000] {dagbag.py:538} INFO - Filling up the DagBag from /opt/airflow/dags/weekly_grocery_pipeline.py
[2026-09-10T01:02:25.023+0000] {processor.py:840} INFO - DAG(s) 'weekly_grocery_pipeline' retrieved from /opt/airflow/dags/weekly_grocery_pipeline.py
[2026-09-10T01:02:25.140+0000] {logging_mixin.py:188} INFO - [2026-09-10T01:02:25.140+0000] {dag.py:3036} INFO - Sync 1 DAGs
[2026-09-10T01:02:25.152+0000] {logging_mixin.py:188} INFO - [2026-09-10T01:02:25.152+0000] {dag.py:3823} INFO - Setting next_dagrun for weekly_grocery_pipeline to 2026-09-06 00:00:00+00:00, run_after=2026-09-13 00:00:00+00:00
[2026-09-10T01:02:25.161+0000] {processor.py:183} INFO - Processing /opt/airflow/dags/weekly_grocery_pipeline.py took 0.171 seconds
[2026-09-10T01:02:55.292+0000] {processor.py:161} INFO - Started process (PID=198) to work on /opt/airflow/dags/weekly_grocery_pipeline.py
[2026-09-10T01:02:55.293+0000] {processor.py:830} INFO - Processing file /opt/airflow/dags/weekly_grocery_pipeline.py for tasks to queue
[2026-09-10T01:02:55.295+0000] {logging_mixin.py:188} INFO - [2026-09-10T01:02:55.294+0000] {dagbag.py:538} INFO - Filling up the DagBag from /opt/airflow/dags/weekly_grocery_pipeline.py
[2026-09-10T01:02:55.318+0000] {processor.py:840} INFO - DAG(s) 'weekly_grocery_pipeline' retrieved from /opt/airflow/dags/weekly_grocery_pipeline.py
[2026-09-10T01:02:55.348+0000] {logging_mixin.py:188} INFO - [2026-09-10T01:02:55.348+0000] {dag.py:3036} INFO - Sync 1 DAGs
[2026-09-10T01:02:55.360+0000] {logging_mixin.py:188} INFO - [2026-09-10T01:02:55.360+0000] {dag.py:3823} INFO - Setting next_dagrun for weekly_grocery_pipeline to 2026-09-06 00:00:00+00:00, run_after=2026-09-13 00:00:00+00:00
[2026-09-10T01:02:55.367+0000] {processor.py:183} INFO - Processing /opt/airflow/dags/weekly_grocery_pipeline.py took 0.083 seconds
[2026-09-10T01:03:25.487+0000] {processor.py:161} INFO - Started process (PID=214) to work on /opt/airflow/dags/weekly_grocery_pipeline.py
[2026-09-10T01:03:25.487+0000] {processor.py:830} INFO - Processing file /opt/airflow/dags/weekly_grocery_pipeline.py for tasks to queue
[2026-09-10T01:03:25.487+0000] {logging_mixin.py:188} INFO - [2026-09-10T01:03:25.487+0000] {dagbag.py:538} INFO - Filling up the DagBag from /opt/airflow/dags/weekly_grocery_pipeline.py
[2026-09-10T01:03:25.494+0000] {processor.py:840} INFO - DAG(s) 'weekly_grocery_pipeline' retrieved from /opt/airflow/dags/weekly_grocery_pipeline.py
[2026-09-10T01:03:25.509+0000] {logging_mixin.py:188} INFO - [2026-09-10T01:03:25.509+0000] {dag.py:3036} INFO - Sync 1 DAGs
[2026-09-10T01:03:25.525+0000] {processor.py:183} INFO - Processing /opt/airflow/dags/weekly_grocery_pipeline.py took 0.040 seconds
[2026-09-10T01:03:55.723+0000] {processor.py:161} INFO - Started process (PID=224) to work on /opt/airflow/dags/weekly_grocery_pipeline.py
[2026-09-10T01:03:55.723+0000] {processor.py:830} INFO - Processing file /opt/airflow/dags/weekly_grocery_pipeline.py for tasks to queue
[2026-09-10T01:03:55.724+0000] {logging_mixin.py:188} INFO - [2026-09-10T01:03:55.724+0000] {dagbag.py:538} INFO - Filling up the DagBag from /opt/airflow/dags/weekly_grocery_pipeline.py
[2026-09-10T01:03:55.739+0000] {processor.py:840} INFO - DAG(s) 'weekly_grocery_pipeline' retrieved from /opt/airflow/dags/weekly_grocery_pipeline.py
[2026-09-10T01:03:55.758+0000] {logging_mixin.py:188} INFO - [2026-09-10T01:03:55.758+0000] {dag.py:3036} INFO - Sync 1 DAGs
[2026-09-10T01:03:55.775+0000] {processor.py:183} INFO - Processing /opt/airflow/dags/weekly_grocery_pipeline.py took 0.057 seconds
[2026-09-10T01:04:25.951+0000] {processor.py:161} INFO - Started process (PID=231) to work on /opt/airflow/dags/weekly_grocery_pipeline.py
[2026-09-10T01:04:25.952+0000] {processor.py:830} INFO - Processing file /opt/airflow/dags/weekly_grocery_pipeline.py for tasks to queue
[2026-09-10T01:04:25.952+0000] {logging_mixin.py:188} INFO - [2026-09-10T01:04:25.952+0000] {dagbag.py:538} INFO - Filling up the DagBag from /opt/airflow/dags/weekly_grocery_pipeline.py
[2026-09-10T01:04:25.961+0000] {processor.py:840} INFO - DAG(s) 'weekly_grocery_pipeline' retrieved from /opt/airflow/dags/weekly_grocery_pipeline.py
[2026-09-10T01:04:25.979+0000] {logging_mixin.py:188} INFO - [2026-09-10T01:04:25.978+0000] {dag.py:3036} INFO - Sync 1 DAGs
[2026-09-10T01:04:25.997+0000] {processor.py:183} INFO - Processing /opt/airflow/dags/weekly_grocery_pipeline.py took 0.050 seconds
[2026-09-10T01:04:56.205+0000] {processor.py:161} INFO - Started process (PID=257) to work on /opt/airflow/dags/weekly_grocery_pipeline.py
[2026-09-10T01:04:56.205+0000] {processor.py:830} INFO - Processing file /opt/airflow/dags/weekly_grocery_pipeline.py for tasks to queue
[2026-09-10T01:04:56.206+0000] {logging_mixin.py:188} INFO - [2026-09-10T01:04:56.206+0000] {dagbag.py:538} INFO - Filling up the DagBag from /opt/airflow/dags/weekly_grocery_pipeline.py
[2026-09-10T01:04:56.215+0000] {processor.py:840} INFO - DAG(s) 'weekly_grocery_pipeline' retrieved from /opt/airflow/dags/weekly_grocery_pipeline.py
[2026-09-10T01:04:56.233+0000] {logging_mixin.py:188} INFO - [2026-09-10T01:04:56.233+0000] {dag.py:3036} INFO - Sync 1 DAGs
[2026-09-10T01:04:56.242+0000] {logging_mixin.py:188} INFO - [2026-09-10T01:04:56.242+0000] {dag.py:3823} INFO - Setting next_dagrun for weekly_grocery_pipeline to 2026-09-06 00:00:00+00:00, run_after=2026-09-13 00:00:00+00:00
[2026-09-10T01:04:56.248+0000] {processor.py:183} INFO - Processing /opt/airflow/dags/weekly_grocery_pipeline.py took 0.047 seconds
[2026-09-10T01:05:26.510+0000] {processor.py:161} INFO - Started process (PID=262) to work on /opt/airflow/dags/weekly_grocery_pipeline.py
[2026-09-10T01:05:26.512+0000] {processor.py:830} INFO - Processing file /opt/airflow/dags/weekly_grocery_pipeline.py for tasks to queue
[2026-09-10T01:05:26.513+0000] {logging_mixin.py:188} INFO - [2026-09-10T01:05:26.513+0000] {dagbag.py:538} INFO - Filling up the DagBag from /opt/airflow/dags/weekly_grocery_pipeline.py
[2026-09-10T01:05:26.525+0000] {processor.py:840} INFO - DAG(s) 'weekly_grocery_pipeline' retrieved from /opt/airflow/dags/weekly_grocery_pipeline.py
[2026-09-10T01:05:26.565+0000] {logging_mixin.py:188} INFO - [2026-09-10T01:05:26.565+0000] {dag.py:3036} INFO - Sync 1 DAGs
[2026-09-10T01:05:26.579+0000] {logging_mixin.py:188} INFO - [2026-09-10T01:05:26.579+0000] {dag.py:3823} INFO - Setting next_dagrun for weekly_grocery_pipeline to 2026-09-06 00:00:00+00:00, run_after=2026-09-13 00:00:00+00:00
[2026-09-10T01:05:26.594+0000] {processor.py:183} INFO - Processing /opt/airflow/dags/weekly_grocery_pipeline.py took 0.088 seconds
[2026-09-10T01:05:56.799+0000] {processor.py:161} INFO - Started process (PID=267) to work on /opt/airflow/dags/weekly_grocery_pipeline.py
[2026-09-10T01:05:56.800+0000] {processor.py:830} INFO - Processing file /opt/airflow/dags/weekly_grocery_pipeline.py for tasks to queue
[2026-09-10T01:05:56.801+0000] {logging_mixin.py:188} INFO - [2026-09-10T01:05:56.800+0000] {dagbag.py:538} INFO - Filling up the DagBag from /opt/airflow/dags/weekly_grocery_pipeline.py
[2026-09-10T01:05:56.815+0000] {processor.py:840} INFO - DAG(s) 'weekly_grocery_pipeline' retrieved from /opt/airflow/dags/weekly_grocery_pipeline.py
[2026-09-10T01:05:56.837+0000] {logging_mixin.py:188} INFO - [2026-09-10T01:05:56.837+0000] {dag.py:3036} INFO - Sync 1 DAGs
[2026-09-10T01:05:56.852+0000] {logging_mixin.py:188} INFO - [2026-09-10T01:05:56.852+0000] {dag.py:3823} INFO - Setting next_dagrun for weekly_grocery_pipeline to 2026-09-06 00:00:00+00:00, run_after=2026-09-13 00:00:00+00:00
[2026-09-10T01:05:56.860+0000] {processor.py:183} INFO - Processing /opt/airflow/dags/weekly_grocery_pipeline.py took 0.066 seconds
[2026-09-10T01:06:27.120+0000] {processor.py:161} INFO - Started process (PID=275) to work on /opt/airflow/dags/weekly_grocery_pipeline.py
[2026-09-10T01:06:27.120+0000] {processor.py:830} INFO - Processing file /opt/airflow/dags/weekly_grocery_pipeline.py for tasks to queue
[2026-09-10T01:06:27.121+0000] {logging_mixin.py:188} INFO - [2026-09-10T01:06:27.121+0000] {dagbag.py:538} INFO - Filling up the DagBag from /opt/airflow/dags/weekly_grocery_pipeline.py
[2026-09-10T01:06:27.132+0000] {processor.py:840} INFO - DAG(s) 'weekly_grocery_pipeline' retrieved from /opt/airflow/dags/weekly_grocery_pipeline.py
[2026-09-10T01:06:27.158+0000] {logging_mixin.py:188} INFO - [2026-09-10T01:06:27.157+0000] {dag.py:3036} INFO - Sync 1 DAGs
[2026-09-10T01:06:27.178+0000] {processor.py:183} INFO - Processing /opt/airflow/dags/weekly_grocery_pipeline.py took 0.063 seconds
[2026-09-10T01:06:43.310+0000] {processor.py:161} INFO - Started process (PID=286) to work on /opt/airflow/dags/weekly_grocery_pipeline.py
[2026-09-10T01:06:43.312+0000] {processor.py:830} INFO - Processing file /opt/airflow/dags/weekly_grocery_pipeline.py for tasks to queue
[2026-09-10T01:06:43.313+0000] {logging_mixin.py:188} INFO - [2026-09-10T01:06:43.312+0000] {dagbag.py:538} INFO - Filling up the DagBag from /opt/airflow/dags/weekly_grocery_pipeline.py
[2026-09-10T01:06:43.338+0000] {processor.py:840} INFO - DAG(s) 'weekly_grocery_pipeline' retrieved from /opt/airflow/dags/weekly_grocery_pipeline.py
[2026-09-10T01:06:43.408+0000] {logging_mixin.py:188} INFO - [2026-09-10T01:06:43.408+0000] {dag.py:3036} INFO - Sync 1 DAGs
[2026-09-10T01:06:43.421+0000] {logging_mixin.py:188} INFO - [2026-09-10T01:06:43.421+0000] {dag.py:3823} INFO - Setting next_dagrun for weekly_grocery_pipeline to 2026-09-06 00:00:00+00:00, run_after=2026-09-13 00:00:00+00:00
[2026-09-10T01:06:43.435+0000] {processor.py:183} INFO - Processing /opt/airflow/dags/weekly_grocery_pipeline.py took 0.131 seconds
[2026-09-10T01:06:46.348+0000] {processor.py:161} INFO - Started process (PID=291) to work on /opt/airflow/dags/weekly_grocery_pipeline.py
[2026-09-10T01:06:46.349+0000] {processor.py:830} INFO - Processing file /opt/airflow/dags/weekly_grocery_pipeline.py for tasks to queue
[2026-09-10T01:06:46.350+0000] {logging_mixin.py:188} INFO - [2026-09-10T01:06:46.350+0000] {dagbag.py:538} INFO - Filling up the DagBag from /opt/airflow/dags/weekly_grocery_pipeline.py
[2026-09-10T01:06:46.364+0000] {processor.py:840} INFO - DAG(s) 'weekly_grocery_pipeline' retrieved from /opt/airflow/dags/weekly_grocery_pipeline.py
[2026-09-10T01:06:46.378+0000] {logging_mixin.py:188} INFO - [2026-09-10T01:06:46.377+0000] {dag.py:3036} INFO - Sync 1 DAGs
[2026-09-10T01:06:46.392+0000] {logging_mixin.py:188} INFO - [2026-09-10T01:06:46.392+0000] {dag.py:3823} INFO - Setting next_dagrun for weekly_grocery_pipeline to 2026-09-06 00:00:00+00:00, run_after=2026-09-13 00:00:00+00:00
[2026-09-10T01:06:46.400+0000] {processor.py:183} INFO - Processing /opt/airflow/dags/weekly_grocery_pipeline.py took 0.056 seconds
[2026-09-10T01:06:56.515+0000] {processor.py:161} INFO - Started process (PID=296) to work on /opt/airflow/dags/weekly_grocery_pipeline.py
[2026-09-10T01:06:56.520+0000] {processor.py:830} INFO - Processing file /opt/airflow/dags/weekly_grocery_pipeline.py for tasks to queue
[2026-09-10T01:06:56.521+0000] {logging_mixin.py:188} INFO - [2026-09-10T01:06:56.520+0000] {dagbag.py:538} INFO - Filling up the DagBag from /opt/airflow/dags/weekly_grocery_pipeline.py
[2026-09-10T01:06:56.542+0000] {processor.py:840} INFO - DAG(s) 'weekly_grocery_pipeline' retrieved from /opt/airflow/dags/weekly_grocery_pipeline.py
[2026-09-10T01:06:56.556+0000] {logging_mixin.py:188} INFO - [2026-09-10T01:06:56.556+0000] {dag.py:3036} INFO - Sync 1 DAGs
[2026-09-10T01:06:56.574+0000] {logging_mixin.py:188} INFO - [2026-09-10T01:06:56.574+0000] {dag.py:3823} INFO - Setting next_dagrun for weekly_grocery_pipeline to 2026-09-06 00:00:00+00:00, run_after=2026-09-13 00:00:00+00:00
[2026-09-10T01:06:56.584+0000] {processor.py:183} INFO - Processing /opt/airflow/dags/weekly_grocery_pipeline.py took 0.075 seconds
[2026-09-10T01:07:26.808+0000] {processor.py:161} INFO - Started process (PID=301) to work on /opt/airflow/dags/weekly_grocery_pipeline.py
[2026-09-10T01:07:26.812+0000] {processor.py:830} INFO - Processing file /opt/airflow/dags/weekly_grocery_pipeline.py for tasks to queue
[2026-09-10T01:07:26.813+0000] {logging_mixin.py:188} INFO - [2026-09-10T01:07:26.813+0000] {dagbag.py:538} INFO - Filling up the DagBag from /opt/airflow/dags/weekly_grocery_pipeline.py
[2026-09-10T01:07:26.834+0000] {processor.py:840} INFO - DAG(s) 'weekly_grocery_pipeline' retrieved from /opt/airflow/dags/weekly_grocery_pipeline.py
[2026-09-10T01:07:26.860+0000] {logging_mixin.py:188} INFO - [2026-09-10T01:07:26.860+0000] {dag.py:3036} INFO - Sync 1 DAGs
[2026-09-10T01:07:26.874+0000] {logging_mixin.py:188} INFO - [2026-09-10T01:07:26.874+0000] {dag.py:3823} INFO - Setting next_dagrun for weekly_grocery_pipeline to 2026-09-06 00:00:00+00:00, run_after=2026-09-13 00:00:00+00:00
[2026-09-10T01:07:26.886+0000] {processor.py:183} INFO - Processing /opt/airflow/dags/weekly_grocery_pipeline.py took 0.087 seconds
[2026-09-10T01:07:57.051+0000] {processor.py:161} INFO - Started process (PID=317) to work on /opt/airflow/dags/weekly_grocery_pipeline.py
[2026-09-10T01:07:57.052+0000] {processor.py:830} INFO - Processing file /opt/airflow/dags/weekly_grocery_pipeline.py for tasks to queue
[2026-09-10T01:07:57.052+0000] {logging_mixin.py:188} INFO - [2026-09-10T01:07:57.052+0000] {dagbag.py:538} INFO - Filling up the DagBag from /opt/airflow/dags/weekly_grocery_pipeline.py
[2026-09-10T01:07:57.064+0000] {processor.py:840} INFO - DAG(s) 'weekly_grocery_pipeline' retrieved from /opt/airflow/dags/weekly_grocery_pipeline.py
[2026-09-10T01:07:57.082+0000] {logging_mixin.py:188} INFO - [2026-09-10T01:07:57.082+0000] {dag.py:3036} INFO - Sync 1 DAGs
[2026-09-10T01:07:57.097+0000] {processor.py:183} INFO - Processing /opt/airflow/dags/weekly_grocery_pipeline.py took 0.053 seconds
[2026-09-10T01:08:27.411+0000] {processor.py:161} INFO - Started process (PID=327) to work on /opt/airflow/dags/weekly_grocery_pipeline.py
[2026-09-10T01:08:27.412+0000] {processor.py:830} INFO - Processing file /opt/airflow/dags/weekly_grocery_pipeline.py for tasks to queue
[2026-09-10T01:08:27.413+0000] {logging_mixin.py:188} INFO - [2026-09-10T01:08:27.413+0000] {dagbag.py:538} INFO - Filling up the DagBag from /opt/airflow/dags/weekly_grocery_pipeline.py
[2026-09-10T01:08:27.430+0000] {processor.py:840} INFO - DAG(s) 'weekly_grocery_pipeline' retrieved from /opt/airflow/dags/weekly_grocery_pipeline.py
[2026-09-10T01:08:27.461+0000] {logging_mixin.py:188} INFO - [2026-09-10T01:08:27.461+0000] {dag.py:3036} INFO - Sync 1 DAGs
[2026-09-10T01:08:27.485+0000] {processor.py:183} INFO - Processing /opt/airflow/dags/weekly_grocery_pipeline.py took 0.077 seconds
[2026-09-10T01:08:57.718+0000] {processor.py:161} INFO - Started process (PID=337) to work on /opt/airflow/dags/weekly_grocery_pipeline.py
[2026-09-10T01:08:57.724+0000] {processor.py:830} INFO - Processing file /opt/airflow/dags/weekly_grocery_pipeline.py for tasks to queue
[2026-09-10T01:08:57.726+0000] {logging_mixin.py:188} INFO - [2026-09-10T01:08:57.725+0000] {dagbag.py:538} INFO - Filling up the DagBag from /opt/airflow/dags/weekly_grocery_pipeline.py
[2026-09-10T01:08:57.750+0000] {processor.py:840} INFO - DAG(s) 'weekly_grocery_pipeline' retrieved from /opt/airflow/dags/weekly_grocery_pipeline.py
[2026-09-10T01:08:57.768+0000] {logging_mixin.py:188} INFO - [2026-09-10T01:08:57.768+0000] {dag.py:3036} INFO - Sync 1 DAGs
[2026-09-10T01:08:57.788+0000] {processor.py:183} INFO - Processing /opt/airflow/dags/weekly_grocery_pipeline.py took 0.078 seconds
[2026-09-10T01:09:28.010+0000] {processor.py:161} INFO - Started process (PID=342) to work on /opt/airflow/dags/weekly_grocery_pipeline.py
[2026-09-10T01:09:28.011+0000] {processor.py:830} INFO - Processing file /opt/airflow/dags/weekly_grocery_pipeline.py for tasks to queue
[2026-09-10T01:09:28.012+0000] {logging_mixin.py:188} INFO - [2026-09-10T01:09:28.012+0000] {dagbag.py:538} INFO - Filling up the DagBag from /opt/airflow/dags/weekly_grocery_pipeline.py
[2026-09-10T01:09:28.025+0000] {processor.py:840} INFO - DAG(s) 'weekly_grocery_pipeline' retrieved from /opt/airflow/dags/weekly_grocery_pipeline.py
[2026-09-10T01:09:28.048+0000] {logging_mixin.py:188} INFO - [2026-09-10T01:09:28.048+0000] {dag.py:3036} INFO - Sync 1 DAGs
[2026-09-10T01:09:28.071+0000] {processor.py:183} INFO - Processing /opt/airflow/dags/weekly_grocery_pipeline.py took 0.065 seconds
[2026-09-10T01:09:58.281+0000] {processor.py:161} INFO - Started process (PID=347) to work on /opt/airflow/dags/weekly_grocery_pipeline.py
[2026-09-10T01:09:58.283+0000] {processor.py:830} INFO - Processing file /opt/airflow/dags/weekly_grocery_pipeline.py for tasks to queue
[2026-09-10T01:09:58.284+0000] {logging_mixin.py:188} INFO - [2026-09-10T01:09:58.283+0000] {dagbag.py:538} INFO - Filling up the DagBag from /opt/airflow/dags/weekly_grocery_pipeline.py
[2026-09-10T01:09:58.297+0000] {processor.py:840} INFO - DAG(s) 'weekly_grocery_pipeline' retrieved from /opt/airflow/dags/weekly_grocery_pipeline.py
[2026-09-10T01:09:58.320+0000] {logging_mixin.py:188} INFO - [2026-09-10T01:09:58.320+0000] {dag.py:3036} INFO - Sync 1 DAGs
[2026-09-10T01:09:58.341+0000] {processor.py:183} INFO - Processing /opt/airflow/dags/weekly_grocery_pipeline.py took 0.062 seconds
[2026-09-10T01:10:28.524+0000] {processor.py:161} INFO - Started process (PID=388) to work on /opt/airflow/dags/weekly_grocery_pipeline.py
[2026-09-10T01:10:28.524+0000] {processor.py:830} INFO - Processing file /opt/airflow/dags/weekly_grocery_pipeline.py for tasks to queue
[2026-09-10T01:10:28.525+0000] {logging_mixin.py:188} INFO - [2026-09-10T01:10:28.525+0000] {dagbag.py:538} INFO - Filling up the DagBag from /opt/airflow/dags/weekly_grocery_pipeline.py
[2026-09-10T01:10:28.535+0000] {processor.py:840} INFO - DAG(s) 'weekly_grocery_pipeline' retrieved from /opt/airflow/dags/weekly_grocery_pipeline.py
[2026-09-10T01:10:28.549+0000] {logging_mixin.py:188} INFO - [2026-09-10T01:10:28.549+0000] {dag.py:3036} INFO - Sync 1 DAGs
[2026-09-10T01:10:28.564+0000] {processor.py:183} INFO - Processing /opt/airflow/dags/weekly_grocery_pipeline.py took 0.044 seconds
[2026-09-10T01:10:58.852+0000] {processor.py:161} INFO - Started process (PID=393) to work on /opt/airflow/dags/weekly_grocery_pipeline.py
[2026-09-10T01:10:58.853+0000] {processor.py:830} INFO - Processing file /opt/airflow/dags/weekly_grocery_pipeline.py for tasks to queue
[2026-09-10T01:10:58.853+0000] {logging_mixin.py:188} INFO - [2026-09-10T01:10:58.853+0000] {dagbag.py:538} INFO - Filling up the DagBag from /opt/airflow/dags/weekly_grocery_pipeline.py
[2026-09-10T01:10:58.865+0000] {processor.py:840} INFO - DAG(s) 'weekly_grocery_pipeline' retrieved from /opt/airflow/dags/weekly_grocery_pipeline.py
[2026-09-10T01:10:58.884+0000] {logging_mixin.py:188} INFO - [2026-09-10T01:10:58.884+0000] {dag.py:3036} INFO - Sync 1 DAGs
[2026-09-10T01:10:58.894+0000] {logging_mixin.py:188} INFO - [2026-09-10T01:10:58.894+0000] {dag.py:3823} INFO - Setting next_dagrun for weekly_grocery_pipeline to 2026-09-06 00:00:00+00:00, run_after=2026-09-13 00:00:00+00:00
[2026-09-10T01:10:58.901+0000] {processor.py:183} INFO - Processing /opt/airflow/dags/weekly_grocery_pipeline.py took 0.052 seconds
[2026-09-10T01:11:29.165+0000] {processor.py:161} INFO - Started process (PID=398) to work on /opt/airflow/dags/weekly_grocery_pipeline.py
[2026-09-10T01:11:29.166+0000] {processor.py:830} INFO - Processing file /opt/airflow/dags/weekly_grocery_pipeline.py for tasks to queue
[2026-09-10T01:11:29.167+0000] {logging_mixin.py:188} INFO - [2026-09-10T01:11:29.167+0000] {dagbag.py:538} INFO - Filling up the DagBag from /opt/airflow/dags/weekly_grocery_pipeline.py
[2026-09-10T01:11:29.180+0000] {processor.py:840} INFO - DAG(s) 'weekly_grocery_pipeline' retrieved from /opt/airflow/dags/weekly_grocery_pipeline.py
[2026-09-10T01:11:29.203+0000] {logging_mixin.py:188} INFO - [2026-09-10T01:11:29.202+0000] {dag.py:3036} INFO - Sync 1 DAGs
[2026-09-10T01:11:29.214+0000] {logging_mixin.py:188} INFO - [2026-09-10T01:11:29.214+0000] {dag.py:3823} INFO - Setting next_dagrun for weekly_grocery_pipeline to 2026-09-06 00:00:00+00:00, run_after=2026-09-13 00:00:00+00:00
[2026-09-10T01:11:29.221+0000] {processor.py:183} INFO - Processing /opt/airflow/dags/weekly_grocery_pipeline.py took 0.060 seconds
[2026-09-10T01:11:59.444+0000] {processor.py:161} INFO - Started process (PID=403) to work on /opt/airflow/dags/weekly_grocery_pipeline.py
[2026-09-10T01:11:59.445+0000] {processor.py:830} INFO - Processing file /opt/airflow/dags/weekly_grocery_pipeline.py for tasks to queue
[2026-09-10T01:11:59.445+0000] {logging_mixin.py:188} INFO - [2026-09-10T01:11:59.445+0000] {dagbag.py:538} INFO - Filling up the DagBag from /opt/airflow/dags/weekly_grocery_pipeline.py
[2026-09-10T01:11:59.454+0000] {processor.py:840} INFO - DAG(s) 'weekly_grocery_pipeline' retrieved from /opt/airflow/dags/weekly_grocery_pipeline.py
[2026-09-10T01:11:59.467+0000] {logging_mixin.py:188} INFO - [2026-09-10T01:11:59.466+0000] {dag.py:3036} INFO - Sync 1 DAGs
[2026-09-10T01:11:59.476+0000] {logging_mixin.py:188} INFO - [2026-09-10T01:11:59.476+0000] {dag.py:3823} INFO - Setting next_dagrun for weekly_grocery_pipeline to 2026-09-06 00:00:00+00:00, run_after=2026-09-13 00:00:00+00:00
[2026-09-10T01:11:59.482+0000] {processor.py:183} INFO - Processing /opt/airflow/dags/weekly_grocery_pipeline.py took 0.039 seconds
[2026-09-10T01:13:41.379+0000] {processor.py:161} INFO - Started process (PID=410) to work on /opt/airflow/dags/weekly_grocery_pipeline.py
[2026-09-10T01:13:41.380+0000] {processor.py:830} INFO - Processing file /opt/airflow/dags/weekly_grocery_pipeline.py for tasks to queue
[2026-09-10T01:13:41.380+0000] {logging_mixin.py:188} INFO - [2026-09-10T01:13:41.380+0000] {dagbag.py:538} INFO - Filling up the DagBag from /opt/airflow/dags/weekly_grocery_pipeline.py
[2026-09-10T01:13:41.389+0000] {processor.py:840} INFO - DAG(s) 'weekly_grocery_pipeline' retrieved from /opt/airflow/dags/weekly_grocery_pipeline.py
[2026-09-10T01:13:41.405+0000] {logging_mixin.py:188} INFO - [2026-09-10T01:13:41.405+0000] {dag.py:3036} INFO - Sync 1 DAGs
[2026-09-10T01:13:41.414+0000] {logging_mixin.py:188} INFO - [2026-09-10T01:13:41.414+0000] {dag.py:3823} INFO - Setting next_dagrun for weekly_grocery_pipeline to 2026-09-06 00:00:00+00:00, run_after=2026-09-13 00:00:00+00:00
[2026-09-10T01:13:41.420+0000] {processor.py:183} INFO - Processing /opt/airflow/dags/weekly_grocery_pipeline.py took 0.044 seconds
[2026-09-10T01:16:05.119+0000] {processor.py:161} INFO - Started process (PID=415) to work on /opt/airflow/dags/weekly_grocery_pipeline.py
[2026-09-10T01:16:05.120+0000] {processor.py:830} INFO - Processing file /opt/airflow/dags/weekly_grocery_pipeline.py for tasks to queue
[2026-09-10T01:16:05.121+0000] {logging_mixin.py:188} INFO - [2026-09-10T01:16:05.121+0000] {dagbag.py:538} INFO - Filling up the DagBag from /opt/airflow/dags/weekly_grocery_pipeline.py
[2026-09-10T01:16:05.133+0000] {processor.py:840} INFO - DAG(s) 'weekly_grocery_pipeline' retrieved from /opt/airflow/dags/weekly_grocery_pipeline.py
[2026-09-10T01:16:05.154+0000] {logging_mixin.py:188} INFO - [2026-09-10T01:16:05.154+0000] {dag.py:3036} INFO - Sync 1 DAGs
[2026-09-10T01:16:05.167+0000] {logging_mixin.py:188} INFO - [2026-09-10T01:16:05.167+0000] {dag.py:3823} INFO - Setting next_dagrun for weekly_grocery_pipeline to 2026-09-06 00:00:00+00:00, run_after=2026-09-13 00:00:00+00:00
[2026-09-10T01:16:05.175+0000] {processor.py:183} INFO - Processing /opt/airflow/dags/weekly_grocery_pipeline.py took 0.058 seconds
[2026-09-10T01:16:35.359+0000] {processor.py:161} INFO - Started process (PID=420) to work on /opt/airflow/dags/weekly_grocery_pipeline.py
[2026-09-10T01:16:35.360+0000] {processor.py:830} INFO - Processing file /opt/airflow/dags/weekly_grocery_pipeline.py for tasks to queue
[2026-09-10T01:16:35.361+0000] {logging_mixin.py:188} INFO - [2026-09-10T01:16:35.361+0000] {dagbag.py:538} INFO - Filling up the DagBag from /opt/airflow/dags/weekly_grocery_pipeline.py
[2026-09-10T01:16:35.377+0000] {processor.py:840} INFO - DAG(s) 'weekly_grocery_pipeline' retrieved from /opt/airflow/dags/weekly_grocery_pipeline.py
[2026-09-10T01:16:35.401+0000] {logging_mixin.py:188} INFO - [2026-09-10T01:16:35.401+0000] {dag.py:3036} INFO - Sync 1 DAGs
[2026-09-10T01:16:35.412+0000] {logging_mixin.py:188} INFO - [2026-09-10T01:16:35.412+0000] {dag.py:3823} INFO - Setting next_dagrun for weekly_grocery_pipeline to 2026-09-06 00:00:00+00:00, run_after=2026-09-13 00:00:00+00:00
[2026-09-10T01:16:35.419+0000] {processor.py:183} INFO - Processing /opt/airflow/dags/weekly_grocery_pipeline.py took 0.065 seconds
[2026-09-10T02:04:58.391+0000] {processor.py:161} INFO - Started process (PID=427) to work on /opt/airflow/dags/weekly_grocery_pipeline.py
[2026-09-10T02:04:58.392+0000] {processor.py:830} INFO - Processing file /opt/airflow/dags/weekly_grocery_pipeline.py for tasks to queue
[2026-09-10T02:04:58.392+0000] {logging_mixin.py:188} INFO - [2026-09-10T02:04:58.392+0000] {dagbag.py:538} INFO - Filling up the DagBag from /opt/airflow/dags/weekly_grocery_pipeline.py
[2026-09-10T02:04:58.409+0000] {processor.py:840} INFO - DAG(s) 'weekly_grocery_pipeline' retrieved from /opt/airflow/dags/weekly_grocery_pipeline.py
[2026-09-10T02:04:58.435+0000] {logging_mixin.py:188} INFO - [2026-09-10T02:04:58.435+0000] {dag.py:3036} INFO - Sync 1 DAGs
[2026-09-10T02:04:58.447+0000] {logging_mixin.py:188} INFO - [2026-09-10T02:04:58.447+0000] {dag.py:3823} INFO - Setting next_dagrun for weekly_grocery_pipeline to 2026-09-06 00:00:00+00:00, run_after=2026-09-13 00:00:00+00:00
[2026-09-10T02:04:58.455+0000] {processor.py:183} INFO - Processing /opt/airflow/dags/weekly_grocery_pipeline.py took 0.067 seconds
[2026-09-10T03:17:51.295+0000] {processor.py:161} INFO - Started process (PID=432) to work on /opt/airflow/dags/weekly_grocery_pipeline.py
[2026-09-10T03:17:51.296+0000] {processor.py:830} INFO - Processing file /opt/airflow/dags/weekly_grocery_pipeline.py for tasks to queue
[2026-09-10T03:17:51.297+0000] {logging_mixin.py:188} INFO - [2026-09-10T03:17:51.296+0000] {dagbag.py:538} INFO - Filling up the DagBag from /opt/airflow/dags/weekly_grocery_pipeline.py
[2026-09-10T03:17:51.326+0000] {processor.py:840} INFO - DAG(s) 'weekly_grocery_pipeline' retrieved from /opt/airflow/dags/weekly_grocery_pipeline.py
[2026-09-10T03:17:51.368+0000] {logging_mixin.py:188} INFO - [2026-09-10T03:17:51.368+0000] {dag.py:3036} INFO - Sync 1 DAGs
[2026-09-10T03:17:51.394+0000] {logging_mixin.py:188} INFO - [2026-09-10T03:17:51.394+0000] {dag.py:3823} INFO - Setting next_dagrun for weekly_grocery_pipeline to 2026-09-06 00:00:00+00:00, run_after=2026-09-13 00:00:00+00:00
[2026-09-10T03:17:51.408+0000] {processor.py:183} INFO - Processing /opt/airflow/dags/weekly_grocery_pipeline.py took 0.117 seconds
[2026-09-10T04:09:47.969+0000] {processor.py:161} INFO - Started process (PID=437) to work on /opt/airflow/dags/weekly_grocery_pipeline.py
[2026-09-10T04:09:47.970+0000] {processor.py:830} INFO - Processing file /opt/airflow/dags/weekly_grocery_pipeline.py for tasks to queue
[2026-09-10T04:09:47.970+0000] {logging_mixin.py:188} INFO - [2026-09-10T04:09:47.970+0000] {dagbag.py:538} INFO - Filling up the DagBag from /opt/airflow/dags/weekly_grocery_pipeline.py
[2026-09-10T04:09:47.985+0000] {processor.py:840} INFO - DAG(s) 'weekly_grocery_pipeline' retrieved from /opt/airflow/dags/weekly_grocery_pipeline.py
[2026-09-10T04:09:48.003+0000] {logging_mixin.py:188} INFO - [2026-09-10T04:09:48.003+0000] {dag.py:3036} INFO - Sync 1 DAGs
[2026-09-10T04:09:48.016+0000] {logging_mixin.py:188} INFO - [2026-09-10T04:09:48.016+0000] {dag.py:3823} INFO - Setting next_dagrun for weekly_grocery_pipeline to 2026-09-06 00:00:00+00:00, run_after=2026-09-13 00:00:00+00:00
[2026-09-10T04:09:48.023+0000] {processor.py:183} INFO - Processing /opt/airflow/dags/weekly_grocery_pipeline.py took 0.057 seconds
[2026-09-10T05:19:52.632+0000] {processor.py:161} INFO - Started process (PID=444) to work on /opt/airflow/dags/weekly_grocery_pipeline.py
[2026-09-10T05:19:52.633+0000] {processor.py:830} INFO - Processing file /opt/airflow/dags/weekly_grocery_pipeline.py for tasks to queue
[2026-09-10T05:19:52.634+0000] {logging_mixin.py:188} INFO - [2026-09-10T05:19:52.633+0000] {dagbag.py:538} INFO - Filling up the DagBag from /opt/airflow/dags/weekly_grocery_pipeline.py
[2026-09-10T05:19:52.652+0000] {processor.py:840} INFO - DAG(s) 'weekly_grocery_pipeline' retrieved from /opt/airflow/dags/weekly_grocery_pipeline.py
[2026-09-10T05:19:52.687+0000] {logging_mixin.py:188} INFO - [2026-09-10T05:19:52.687+0000] {dag.py:3036} INFO - Sync 1 DAGs
[2026-09-10T05:19:52.722+0000] {logging_mixin.py:188} INFO - [2026-09-10T05:19:52.721+0000] {dag.py:3823} INFO - Setting next_dagrun for weekly_grocery_pipeline to 2026-09-06 00:00:00+00:00, run_after=2026-09-13 00:00:00+00:00
[2026-09-10T05:19:52.737+0000] {processor.py:183} INFO - Processing /opt/airflow/dags/weekly_grocery_pipeline.py took 0.108 seconds
[2026-09-10T06:01:34.895+0000] {processor.py:161} INFO - Started process (PID=449) to work on /opt/airflow/dags/weekly_grocery_pipeline.py
[2026-09-10T06:01:34.896+0000] {processor.py:830} INFO - Processing file /opt/airflow/dags/weekly_grocery_pipeline.py for tasks to queue
[2026-09-10T06:01:34.897+0000] {logging_mixin.py:188} INFO - [2026-09-10T06:01:34.897+0000] {dagbag.py:538} INFO - Filling up the DagBag from /opt/airflow/dags/weekly_grocery_pipeline.py
[2026-09-10T06:01:34.926+0000] {processor.py:840} INFO - DAG(s) 'weekly_grocery_pipeline' retrieved from /opt/airflow/dags/weekly_grocery_pipeline.py
[2026-09-10T06:01:34.949+0000] {logging_mixin.py:188} INFO - [2026-09-10T06:01:34.949+0000] {dag.py:3036} INFO - Sync 1 DAGs
[2026-09-10T06:01:34.965+0000] {logging_mixin.py:188} INFO - [2026-09-10T06:01:34.965+0000] {dag.py:3823} INFO - Setting next_dagrun for weekly_grocery_pipeline to 2026-09-06 00:00:00+00:00, run_after=2026-09-13 00:00:00+00:00
[2026-09-10T06:01:34.972+0000] {processor.py:183} INFO - Processing /opt/airflow/dags/weekly_grocery_pipeline.py took 0.083 seconds
[2026-09-10T06:02:05.177+0000] {processor.py:161} INFO - Started process (PID=454) to work on /opt/airflow/dags/weekly_grocery_pipeline.py
[2026-09-10T06:02:05.178+0000] {processor.py:830} INFO - Processing file /opt/airflow/dags/weekly_grocery_pipeline.py for tasks to queue
[2026-09-10T06:02:05.179+0000] {logging_mixin.py:188} INFO - [2026-09-10T06:02:05.178+0000] {dagbag.py:538} INFO - Filling up the DagBag from /opt/airflow/dags/weekly_grocery_pipeline.py
[2026-09-10T06:02:05.190+0000] {processor.py:840} INFO - DAG(s) 'weekly_grocery_pipeline' retrieved from /opt/airflow/dags/weekly_grocery_pipeline.py
[2026-09-10T06:02:05.209+0000] {logging_mixin.py:188} INFO - [2026-09-10T06:02:05.209+0000] {dag.py:3036} INFO - Sync 1 DAGs
[2026-09-10T06:02:05.221+0000] {logging_mixin.py:188} INFO - [2026-09-10T06:02:05.221+0000] {dag.py:3823} INFO - Setting next_dagrun for weekly_grocery_pipeline to 2026-09-06 00:00:00+00:00, run_after=2026-09-13 00:00:00+00:00
[2026-09-10T06:02:05.229+0000] {processor.py:183} INFO - Processing /opt/airflow/dags/weekly_grocery_pipeline.py took 0.055 seconds
[2026-09-10T06:02:35.496+0000] {processor.py:161} INFO - Started process (PID=459) to work on /opt/airflow/dags/weekly_grocery_pipeline.py
[2026-09-10T06:02:35.497+0000] {processor.py:830} INFO - Processing file /opt/airflow/dags/weekly_grocery_pipeline.py for tasks to queue
[2026-09-10T06:02:35.498+0000] {logging_mixin.py:188} INFO - [2026-09-10T06:02:35.498+0000] {dagbag.py:538} INFO - Filling up the DagBag from /opt/airflow/dags/weekly_grocery_pipeline.py
[2026-09-10T06:02:35.510+0000] {processor.py:840} INFO - DAG(s) 'weekly_grocery_pipeline' retrieved from /opt/airflow/dags/weekly_grocery_pipeline.py
[2026-09-10T06:02:35.529+0000] {logging_mixin.py:188} INFO - [2026-09-10T06:02:35.529+0000] {dag.py:3036} INFO - Sync 1 DAGs
[2026-09-10T06:02:35.539+0000] {logging_mixin.py:188} INFO - [2026-09-10T06:02:35.539+0000] {dag.py:3823} INFO - Setting next_dagrun for weekly_grocery_pipeline to 2026-09-06 00:00:00+00:00, run_after=2026-09-13 00:00:00+00:00
[2026-09-10T06:02:35.547+0000] {processor.py:183} INFO - Processing /opt/airflow/dags/weekly_grocery_pipeline.py took 0.055 seconds
[2026-09-10T06:03:05.826+0000] {processor.py:161} INFO - Started process (PID=464) to work on /opt/airflow/dags/weekly_grocery_pipeline.py
[2026-09-10T06:03:05.827+0000] {processor.py:830} INFO - Processing file /opt/airflow/dags/weekly_grocery_pipeline.py for tasks to queue
[2026-09-10T06:03:05.828+0000] {logging_mixin.py:188} INFO - [2026-09-10T06:03:05.828+0000] {dagbag.py:538} INFO - Filling up the DagBag from /opt/airflow/dags/weekly_grocery_pipeline.py
[2026-09-10T06:03:05.840+0000] {processor.py:840} INFO - DAG(s) 'weekly_grocery_pipeline' retrieved from /opt/airflow/dags/weekly_grocery_pipeline.py
[2026-09-10T06:03:05.859+0000] {logging_mixin.py:188} INFO - [2026-09-10T06:03:05.859+0000] {dag.py:3036} INFO - Sync 1 DAGs
[2026-09-10T06:03:05.870+0000] {logging_mixin.py:188} INFO - [2026-09-10T06:03:05.870+0000] {dag.py:3823} INFO - Setting next_dagrun for weekly_grocery_pipeline to 2026-09-06 00:00:00+00:00, run_after=2026-09-13 00:00:00+00:00
[2026-09-10T06:03:05.877+0000] {processor.py:183} INFO - Processing /opt/airflow/dags/weekly_grocery_pipeline.py took 0.055 seconds
[2026-09-10T06:03:36.109+0000] {processor.py:161} INFO - Started process (PID=469) to work on /opt/airflow/dags/weekly_grocery_pipeline.py
[2026-09-10T06:03:36.111+0000] {processor.py:830} INFO - Processing file /opt/airflow/dags/weekly_grocery_pipeline.py for tasks to queue
[2026-09-10T06:03:36.112+0000] {logging_mixin.py:188} INFO - [2026-09-10T06:03:36.111+0000] {dagbag.py:538} INFO - Filling up the DagBag from /opt/airflow/dags/weekly_grocery_pipeline.py
[2026-09-10T06:03:36.127+0000] {processor.py:840} INFO - DAG(s) 'weekly_grocery_pipeline' retrieved from /opt/airflow/dags/weekly_grocery_pipeline.py
[2026-09-10T06:03:36.149+0000] {logging_mixin.py:188} INFO - [2026-09-10T06:03:36.149+0000] {dag.py:3036} INFO - Sync 1 DAGs
[2026-09-10T06:03:36.161+0000] {logging_mixin.py:188} INFO - [2026-09-10T06:03:36.161+0000] {dag.py:3823} INFO - Setting next_dagrun for weekly_grocery_pipeline to 2026-09-06 00:00:00+00:00, run_after=2026-09-13 00:00:00+00:00
[2026-09-10T06:03:36.168+0000] {processor.py:183} INFO - Processing /opt/airflow/dags/weekly_grocery_pipeline.py took 0.064 seconds
[2026-09-10T06:04:06.360+0000] {processor.py:161} INFO - Started process (PID=474) to work on /opt/airflow/dags/weekly_grocery_pipeline.py
[2026-09-10T06:04:06.362+0000] {processor.py:830} INFO - Processing file /opt/airflow/dags/weekly_grocery_pipeline.py for tasks to queue
[2026-09-10T06:04:06.362+0000] {logging_mixin.py:188} INFO - [2026-09-10T06:04:06.362+0000] {dagbag.py:538} INFO - Filling up the DagBag from /opt/airflow/dags/weekly_grocery_pipeline.py
[2026-09-10T06:04:06.374+0000] {processor.py:840} INFO - DAG(s) 'weekly_grocery_pipeline' retrieved from /opt/airflow/dags/weekly_grocery_pipeline.py
[2026-09-10T06:04:06.393+0000] {logging_mixin.py:188} INFO - [2026-09-10T06:04:06.393+0000] {dag.py:3036} INFO - Sync 1 DAGs
[2026-09-10T06:04:06.403+0000] {logging_mixin.py:188} INFO - [2026-09-10T06:04:06.403+0000] {dag.py:3823} INFO - Setting next_dagrun for weekly_grocery_pipeline to 2026-09-06 00:00:00+00:00, run_after=2026-09-13 00:00:00+00:00
[2026-09-10T06:04:06.410+0000] {processor.py:183} INFO - Processing /opt/airflow/dags/weekly_grocery_pipeline.py took 0.053 seconds
[2026-09-10T06:04:36.639+0000] {processor.py:161} INFO - Started process (PID=479) to work on /opt/airflow/dags/weekly_grocery_pipeline.py
[2026-09-10T06:04:36.640+0000] {processor.py:830} INFO - Processing file /opt/airflow/dags/weekly_grocery_pipeline.py for tasks to queue
[2026-09-10T06:04:36.641+0000] {logging_mixin.py:188} INFO - [2026-09-10T06:04:36.640+0000] {dagbag.py:538} INFO - Filling up the DagBag from /opt/airflow/dags/weekly_grocery_pipeline.py
[2026-09-10T06:04:36.652+0000] {processor.py:840} INFO - DAG(s) 'weekly_grocery_pipeline' retrieved from /opt/airflow/dags/weekly_grocery_pipeline.py
[2026-09-10T06:04:36.670+0000] {logging_mixin.py:188} INFO - [2026-09-10T06:04:36.670+0000] {dag.py:3036} INFO - Sync 1 DAGs
[2026-09-10T06:04:36.680+0000] {logging_mixin.py:188} INFO - [2026-09-10T06:04:36.680+0000] {dag.py:3823} INFO - Setting next_dagrun for weekly_grocery_pipeline to 2026-09-06 00:00:00+00:00, run_after=2026-09-13 00:00:00+00:00
[2026-09-10T06:04:36.689+0000] {processor.py:183} INFO - Processing /opt/airflow/dags/weekly_grocery_pipeline.py took 0.053 seconds
[2026-09-10T06:05:06.942+0000] {processor.py:161} INFO - Started process (PID=484) to work on /opt/airflow/dags/weekly_grocery_pipeline.py
[2026-09-10T06:05:06.943+0000] {processor.py:830} INFO - Processing file /opt/airflow/dags/weekly_grocery_pipeline.py for tasks to queue
[2026-09-10T06:05:06.943+0000] {logging_mixin.py:188} INFO - [2026-09-10T06:05:06.943+0000] {dagbag.py:538} INFO - Filling up the DagBag from /opt/airflow/dags/weekly_grocery_pipeline.py
[2026-09-10T06:05:06.954+0000] {processor.py:840} INFO - DAG(s) 'weekly_grocery_pipeline' retrieved from /opt/airflow/dags/weekly_grocery_pipeline.py
[2026-09-10T06:05:06.969+0000] {logging_mixin.py:188} INFO - [2026-09-10T06:05:06.969+0000] {dag.py:3036} INFO - Sync 1 DAGs
[2026-09-10T06:05:06.979+0000] {logging_mixin.py:188} INFO - [2026-09-10T06:05:06.979+0000] {dag.py:3823} INFO - Setting next_dagrun for weekly_grocery_pipeline to 2026-09-06 00:00:00+00:00, run_after=2026-09-13 00:00:00+00:00
[2026-09-10T06:05:06.985+0000] {processor.py:183} INFO - Processing /opt/airflow/dags/weekly_grocery_pipeline.py took 0.046 seconds
[2026-09-10T06:05:37.183+0000] {processor.py:161} INFO - Started process (PID=489) to work on /opt/airflow/dags/weekly_grocery_pipeline.py
[2026-09-10T06:05:37.183+0000] {processor.py:830} INFO - Processing file /opt/airflow/dags/weekly_grocery_pipeline.py for tasks to queue
[2026-09-10T06:05:37.184+0000] {logging_mixin.py:188} INFO - [2026-09-10T06:05:37.184+0000] {dagbag.py:538} INFO - Filling up the DagBag from /opt/airflow/dags/weekly_grocery_pipeline.py
[2026-09-10T06:05:37.194+0000] {processor.py:840} INFO - DAG(s) 'weekly_grocery_pipeline' retrieved from /opt/airflow/dags/weekly_grocery_pipeline.py
[2026-09-10T06:05:37.210+0000] {logging_mixin.py:188} INFO - [2026-09-10T06:05:37.210+0000] {dag.py:3036} INFO - Sync 1 DAGs
[2026-09-10T06:05:37.219+0000] {logging_mixin.py:188} INFO - [2026-09-10T06:05:37.219+0000] {dag.py:3823} INFO - Setting next_dagrun for weekly_grocery_pipeline to 2026-09-06 00:00:00+00:00, run_after=2026-09-13 00:00:00+00:00
[2026-09-10T06:05:37.226+0000] {processor.py:183} INFO - Processing /opt/airflow/dags/weekly_grocery_pipeline.py took 0.046 seconds
[2026-09-10T06:06:07.477+0000] {processor.py:161} INFO - Started process (PID=494) to work on /opt/airflow/dags/weekly_grocery_pipeline.py
[2026-09-10T06:06:07.477+0000] {processor.py:830} INFO - Processing file /opt/airflow/dags/weekly_grocery_pipeline.py for tasks to queue
[2026-09-10T06:06:07.478+0000] {logging_mixin.py:188} INFO - [2026-09-10T06:06:07.478+0000] {dagbag.py:538} INFO - Filling up the DagBag from /opt/airflow/dags/weekly_grocery_pipeline.py
[2026-09-10T06:06:07.487+0000] {processor.py:840} INFO - DAG(s) 'weekly_grocery_pipeline' retrieved from /opt/airflow/dags/weekly_grocery_pipeline.py
[2026-09-10T06:06:07.504+0000] {logging_mixin.py:188} INFO - [2026-09-10T06:06:07.504+0000] {dag.py:3036} INFO - Sync 1 DAGs
[2026-09-10T06:06:07.514+0000] {logging_mixin.py:188} INFO - [2026-09-10T06:06:07.514+0000] {dag.py:3823} INFO - Setting next_dagrun for weekly_grocery_pipeline to 2026-09-06 00:00:00+00:00, run_after=2026-09-13 00:00:00+00:00
[2026-09-10T06:06:07.520+0000] {processor.py:183} INFO - Processing /opt/airflow/dags/weekly_grocery_pipeline.py took 0.046 seconds
[2026-09-10T06:06:37.808+0000] {processor.py:161} INFO - Started process (PID=499) to work on /opt/airflow/dags/weekly_grocery_pipeline.py
[2026-09-10T06:06:37.809+0000] {processor.py:830} INFO - Processing file /opt/airflow/dags/weekly_grocery_pipeline.py for tasks to queue
[2026-09-10T06:06:37.809+0000] {logging_mixin.py:188} INFO - [2026-09-10T06:06:37.809+0000] {dagbag.py:538} INFO - Filling up the DagBag from /opt/airflow/dags/weekly_grocery_pipeline.py
[2026-09-10T06:06:37.821+0000] {processor.py:840} INFO - DAG(s) 'weekly_grocery_pipeline' retrieved from /opt/airflow/dags/weekly_grocery_pipeline.py
[2026-09-10T06:06:37.840+0000] {logging_mixin.py:188} INFO - [2026-09-10T06:06:37.840+0000] {dag.py:3036} INFO - Sync 1 DAGs
[2026-09-10T06:06:37.850+0000] {logging_mixin.py:188} INFO - [2026-09-10T06:06:37.850+0000] {dag.py:3823} INFO - Setting next_dagrun for weekly_grocery_pipeline to 2026-09-06 00:00:00+00:00, run_after=2026-09-13 00:00:00+00:00
[2026-09-10T06:06:37.857+0000] {processor.py:183} INFO - Processing /opt/airflow/dags/weekly_grocery_pipeline.py took 0.052 seconds
[2026-09-10T06:07:08.101+0000] {processor.py:161} INFO - Started process (PID=504) to work on /opt/airflow/dags/weekly_grocery_pipeline.py
[2026-09-10T06:07:08.101+0000] {processor.py:830} INFO - Processing file /opt/airflow/dags/weekly_grocery_pipeline.py for tasks to queue
[2026-09-10T06:07:08.102+0000] {logging_mixin.py:188} INFO - [2026-09-10T06:07:08.102+0000] {dagbag.py:538} INFO - Filling up the DagBag from /opt/airflow/dags/weekly_grocery_pipeline.py
[2026-09-10T06:07:08.113+0000] {processor.py:840} INFO - DAG(s) 'weekly_grocery_pipeline' retrieved from /opt/airflow/dags/weekly_grocery_pipeline.py
[2026-09-10T06:07:08.130+0000] {logging_mixin.py:188} INFO - [2026-09-10T06:07:08.130+0000] {dag.py:3036} INFO - Sync 1 DAGs
[2026-09-10T06:07:08.140+0000] {logging_mixin.py:188} INFO - [2026-09-10T06:07:08.140+0000] {dag.py:3823} INFO - Setting next_dagrun for weekly_grocery_pipeline to 2026-09-06 00:00:00+00:00, run_after=2026-09-13 00:00:00+00:00
[2026-09-10T06:07:08.146+0000] {processor.py:183} INFO - Processing /opt/airflow/dags/weekly_grocery_pipeline.py took 0.048 seconds
[2026-09-10T06:07:38.440+0000] {processor.py:161} INFO - Started process (PID=509) to work on /opt/airflow/dags/weekly_grocery_pipeline.py
[2026-09-10T06:07:38.441+0000] {processor.py:830} INFO - Processing file /opt/airflow/dags/weekly_grocery_pipeline.py for tasks to queue
[2026-09-10T06:07:38.442+0000] {logging_mixin.py:188} INFO - [2026-09-10T06:07:38.442+0000] {dagbag.py:538} INFO - Filling up the DagBag from /opt/airflow/dags/weekly_grocery_pipeline.py
[2026-09-10T06:07:38.453+0000] {processor.py:840} INFO - DAG(s) 'weekly_grocery_pipeline' retrieved from /opt/airflow/dags/weekly_grocery_pipeline.py
[2026-09-10T06:07:38.473+0000] {logging_mixin.py:188} INFO - [2026-09-10T06:07:38.473+0000] {dag.py:3036} INFO - Sync 1 DAGs
[2026-09-10T06:07:38.483+0000] {logging_mixin.py:188} INFO - [2026-09-10T06:07:38.483+0000] {dag.py:3823} INFO - Setting next_dagrun for weekly_grocery_pipeline to 2026-09-06 00:00:00+00:00, run_after=2026-09-13 00:00:00+00:00
[2026-09-10T06:07:38.490+0000] {processor.py:183} INFO - Processing /opt/airflow/dags/weekly_grocery_pipeline.py took 0.053 seconds
[2026-09-10T06:08:08.823+0000] {processor.py:161} INFO - Started process (PID=514) to work on /opt/airflow/dags/weekly_grocery_pipeline.py
[2026-09-10T06:08:08.824+0000] {processor.py:830} INFO - Processing file /opt/airflow/dags/weekly_grocery_pipeline.py for tasks to queue
[2026-09-10T06:08:08.826+0000] {logging_mixin.py:188} INFO - [2026-09-10T06:08:08.825+0000] {dagbag.py:538} INFO - Filling up the DagBag from /opt/airflow/dags/weekly_grocery_pipeline.py
[2026-09-10T06:08:08.841+0000] {processor.py:840} INFO - DAG(s) 'weekly_grocery_pipeline' retrieved from /opt/airflow/dags/weekly_grocery_pipeline.py
[2026-09-10T06:08:08.861+0000] {logging_mixin.py:188} INFO - [2026-09-10T06:08:08.861+0000] {dag.py:3036} INFO - Sync 1 DAGs
[2026-09-10T06:08:08.872+0000] {logging_mixin.py:188} INFO - [2026-09-10T06:08:08.872+0000] {dag.py:3823} INFO - Setting next_dagrun for weekly_grocery_pipeline to 2026-09-06 00:00:00+00:00, run_after=2026-09-13 00:00:00+00:00
[2026-09-10T06:08:08.879+0000] {processor.py:183} INFO - Processing /opt/airflow/dags/weekly_grocery_pipeline.py took 0.061 seconds
[2026-09-10T06:08:39.196+0000] {processor.py:161} INFO - Started process (PID=519) to work on /opt/airflow/dags/weekly_grocery_pipeline.py
[2026-09-10T06:08:39.197+0000] {processor.py:830} INFO - Processing file /opt/airflow/dags/weekly_grocery_pipeline.py for tasks to queue
[2026-09-10T06:08:39.198+0000] {logging_mixin.py:188} INFO - [2026-09-10T06:08:39.197+0000] {dagbag.py:538} INFO - Filling up the DagBag from /opt/airflow/dags/weekly_grocery_pipeline.py
[2026-09-10T06:08:39.209+0000] {processor.py:840} INFO - DAG(s) 'weekly_grocery_pipeline' retrieved from /opt/airflow/dags/weekly_grocery_pipeline.py
[2026-09-10T06:08:39.229+0000] {logging_mixin.py:188} INFO - [2026-09-10T06:08:39.228+0000] {dag.py:3036} INFO - Sync 1 DAGs
[2026-09-10T06:08:39.240+0000] {logging_mixin.py:188} INFO - [2026-09-10T06:08:39.240+0000] {dag.py:3823} INFO - Setting next_dagrun for weekly_grocery_pipeline to 2026-09-06 00:00:00+00:00, run_after=2026-09-13 00:00:00+00:00
[2026-09-10T06:08:39.247+0000] {processor.py:183} INFO - Processing /opt/airflow/dags/weekly_grocery_pipeline.py took 0.055 seconds
[2026-09-10T06:09:09.531+0000] {processor.py:161} INFO - Started process (PID=524) to work on /opt/airflow/dags/weekly_grocery_pipeline.py
[2026-09-10T06:09:09.532+0000] {processor.py:830} INFO - Processing file /opt/airflow/dags/weekly_grocery_pipeline.py for tasks to queue
[2026-09-10T06:09:09.533+0000] {logging_mixin.py:188} INFO - [2026-09-10T06:09:09.532+0000] {dagbag.py:538} INFO - Filling up the DagBag from /opt/airflow/dags/weekly_grocery_pipeline.py
[2026-09-10T06:09:09.544+0000] {processor.py:840} INFO - DAG(s) 'weekly_grocery_pipeline' retrieved from /opt/airflow/dags/weekly_grocery_pipeline.py
[2026-09-10T06:09:09.563+0000] {logging_mixin.py:188} INFO - [2026-09-10T06:09:09.563+0000] {dag.py:3036} INFO - Sync 1 DAGs
[2026-09-10T06:09:09.574+0000] {logging_mixin.py:188} INFO - [2026-09-10T06:09:09.574+0000] {dag.py:3823} INFO - Setting next_dagrun for weekly_grocery_pipeline to 2026-09-06 00:00:00+00:00, run_after=2026-09-13 00:00:00+00:00
[2026-09-10T06:09:09.581+0000] {processor.py:183} INFO - Processing /opt/airflow/dags/weekly_grocery_pipeline.py took 0.054 seconds
[2026-09-10T06:09:39.868+0000] {processor.py:161} INFO - Started process (PID=529) to work on /opt/airflow/dags/weekly_grocery_pipeline.py
[2026-09-10T06:09:39.872+0000] {processor.py:830} INFO - Processing file /opt/airflow/dags/weekly_grocery_pipeline.py for tasks to queue
[2026-09-10T06:09:39.873+0000] {logging_mixin.py:188} INFO - [2026-09-10T06:09:39.873+0000] {dagbag.py:538} INFO - Filling up the DagBag from /opt/airflow/dags/weekly_grocery_pipeline.py
[2026-09-10T06:09:39.896+0000] {processor.py:840} INFO - DAG(s) 'weekly_grocery_pipeline' retrieved from /opt/airflow/dags/weekly_grocery_pipeline.py
[2026-09-10T06:09:39.920+0000] {logging_mixin.py:188} INFO - [2026-09-10T06:09:39.920+0000] {dag.py:3036} INFO - Sync 1 DAGs
[2026-09-10T06:09:39.935+0000] {logging_mixin.py:188} INFO - [2026-09-10T06:09:39.935+0000] {dag.py:3823} INFO - Setting next_dagrun for weekly_grocery_pipeline to 2026-09-06 00:00:00+00:00, run_after=2026-09-13 00:00:00+00:00
[2026-09-10T06:09:39.942+0000] {processor.py:183} INFO - Processing /opt/airflow/dags/weekly_grocery_pipeline.py took 0.079 seconds
[2026-09-10T06:10:10.196+0000] {processor.py:161} INFO - Started process (PID=534) to work on /opt/airflow/dags/weekly_grocery_pipeline.py
[2026-09-10T06:10:10.198+0000] {processor.py:830} INFO - Processing file /opt/airflow/dags/weekly_grocery_pipeline.py for tasks to queue
[2026-09-10T06:10:10.199+0000] {logging_mixin.py:188} INFO - [2026-09-10T06:10:10.198+0000] {dagbag.py:538} INFO - Filling up the DagBag from /opt/airflow/dags/weekly_grocery_pipeline.py
[2026-09-10T06:10:10.211+0000] {processor.py:840} INFO - DAG(s) 'weekly_grocery_pipeline' retrieved from /opt/airflow/dags/weekly_grocery_pipeline.py
[2026-09-10T06:10:10.230+0000] {logging_mixin.py:188} INFO - [2026-09-10T06:10:10.230+0000] {dag.py:3036} INFO - Sync 1 DAGs
[2026-09-10T06:10:10.242+0000] {logging_mixin.py:188} INFO - [2026-09-10T06:10:10.241+0000] {dag.py:3823} INFO - Setting next_dagrun for weekly_grocery_pipeline to 2026-09-06 00:00:00+00:00, run_after=2026-09-13 00:00:00+00:00
[2026-09-10T06:10:10.248+0000] {processor.py:183} INFO - Processing /opt/airflow/dags/weekly_grocery_pipeline.py took 0.056 seconds
[2026-09-10T06:10:40.556+0000] {processor.py:161} INFO - Started process (PID=539) to work on /opt/airflow/dags/weekly_grocery_pipeline.py
[2026-09-10T06:10:40.557+0000] {processor.py:830} INFO - Processing file /opt/airflow/dags/weekly_grocery_pipeline.py for tasks to queue
[2026-09-10T06:10:40.558+0000] {logging_mixin.py:188} INFO - [2026-09-10T06:10:40.558+0000] {dagbag.py:538} INFO - Filling up the DagBag from /opt/airflow/dags/weekly_grocery_pipeline.py
[2026-09-10T06:10:40.569+0000] {processor.py:840} INFO - DAG(s) 'weekly_grocery_pipeline' retrieved from /opt/airflow/dags/weekly_grocery_pipeline.py
[2026-09-10T06:10:40.587+0000] {logging_mixin.py:188} INFO - [2026-09-10T06:10:40.587+0000] {dag.py:3036} INFO - Sync 1 DAGs
[2026-09-10T06:10:40.597+0000] {logging_mixin.py:188} INFO - [2026-09-10T06:10:40.597+0000] {dag.py:3823} INFO - Setting next_dagrun for weekly_grocery_pipeline to 2026-09-06 00:00:00+00:00, run_after=2026-09-13 00:00:00+00:00
[2026-09-10T06:10:40.604+0000] {processor.py:183} INFO - Processing /opt/airflow/dags/weekly_grocery_pipeline.py took 0.051 seconds
[2026-09-10T06:11:10.906+0000] {processor.py:161} INFO - Started process (PID=544) to work on /opt/airflow/dags/weekly_grocery_pipeline.py
[2026-09-10T06:11:10.907+0000] {processor.py:830} INFO - Processing file /opt/airflow/dags/weekly_grocery_pipeline.py for tasks to queue
[2026-09-10T06:11:10.908+0000] {logging_mixin.py:188} INFO - [2026-09-10T06:11:10.908+0000] {dagbag.py:538} INFO - Filling up the DagBag from /opt/airflow/dags/weekly_grocery_pipeline.py
[2026-09-10T06:11:10.920+0000] {processor.py:840} INFO - DAG(s) 'weekly_grocery_pipeline' retrieved from /opt/airflow/dags/weekly_grocery_pipeline.py
[2026-09-10T06:11:10.938+0000] {logging_mixin.py:188} INFO - [2026-09-10T06:11:10.938+0000] {dag.py:3036} INFO - Sync 1 DAGs
[2026-09-10T06:11:10.949+0000] {logging_mixin.py:188} INFO - [2026-09-10T06:11:10.949+0000] {dag.py:3823} INFO - Setting next_dagrun for weekly_grocery_pipeline to 2026-09-06 00:00:00+00:00, run_after=2026-09-13 00:00:00+00:00
[2026-09-10T06:11:10.956+0000] {processor.py:183} INFO - Processing /opt/airflow/dags/weekly_grocery_pipeline.py took 0.053 seconds
[2026-09-10T06:11:41.287+0000] {processor.py:161} INFO - Started process (PID=549) to work on /opt/airflow/dags/weekly_grocery_pipeline.py
[2026-09-10T06:11:41.288+0000] {processor.py:830} INFO - Processing file /opt/airflow/dags/weekly_grocery_pipeline.py for tasks to queue
[2026-09-10T06:11:41.289+0000] {logging_mixin.py:188} INFO - [2026-09-10T06:11:41.289+0000] {dagbag.py:538} INFO - Filling up the DagBag from /opt/airflow/dags/weekly_grocery_pipeline.py
[2026-09-10T06:11:41.300+0000] {processor.py:840} INFO - DAG(s) 'weekly_grocery_pipeline' retrieved from /opt/airflow/dags/weekly_grocery_pipeline.py
[2026-09-10T06:11:41.319+0000] {logging_mixin.py:188} INFO - [2026-09-10T06:11:41.319+0000] {dag.py:3036} INFO - Sync 1 DAGs
[2026-09-10T06:11:41.329+0000] {logging_mixin.py:188} INFO - [2026-09-10T06:11:41.329+0000] {dag.py:3823} INFO - Setting next_dagrun for weekly_grocery_pipeline to 2026-09-06 00:00:00+00:00, run_after=2026-09-13 00:00:00+00:00
[2026-09-10T06:11:41.336+0000] {processor.py:183} INFO - Processing /opt/airflow/dags/weekly_grocery_pipeline.py took 0.052 seconds
[2026-09-10T06:12:11.674+0000] {processor.py:161} INFO - Started process (PID=554) to work on /opt/airflow/dags/weekly_grocery_pipeline.py
[2026-09-10T06:12:11.675+0000] {processor.py:830} INFO - Processing file /opt/airflow/dags/weekly_grocery_pipeline.py for tasks to queue
[2026-09-10T06:12:11.676+0000] {logging_mixin.py:188} INFO - [2026-09-10T06:12:11.676+0000] {dagbag.py:538} INFO - Filling up the DagBag from /opt/airflow/dags/weekly_grocery_pipeline.py
[2026-09-10T06:12:11.687+0000] {processor.py:840} INFO - DAG(s) 'weekly_grocery_pipeline' retrieved from /opt/airflow/dags/weekly_grocery_pipeline.py
[2026-09-10T06:12:11.706+0000] {logging_mixin.py:188} INFO - [2026-09-10T06:12:11.706+0000] {dag.py:3036} INFO - Sync 1 DAGs
[2026-09-10T06:12:11.716+0000] {logging_mixin.py:188} INFO - [2026-09-10T06:12:11.716+0000] {dag.py:3823} INFO - Setting next_dagrun for weekly_grocery_pipeline to 2026-09-06 00:00:00+00:00, run_after=2026-09-13 00:00:00+00:00
[2026-09-10T06:12:11.723+0000] {processor.py:183} INFO - Processing /opt/airflow/dags/weekly_grocery_pipeline.py took 0.052 seconds
[2026-09-10T06:12:42.088+0000] {processor.py:161} INFO - Started process (PID=559) to work on /opt/airflow/dags/weekly_grocery_pipeline.py
[2026-09-10T06:12:42.089+0000] {processor.py:830} INFO - Processing file /opt/airflow/dags/weekly_grocery_pipeline.py for tasks to queue
[2026-09-10T06:12:42.089+0000] {logging_mixin.py:188} INFO - [2026-09-10T06:12:42.089+0000] {dagbag.py:538} INFO - Filling up the DagBag from /opt/airflow/dags/weekly_grocery_pipeline.py
[2026-09-10T06:12:42.100+0000] {processor.py:840} INFO - DAG(s) 'weekly_grocery_pipeline' retrieved from /opt/airflow/dags/weekly_grocery_pipeline.py
[2026-09-10T06:12:42.117+0000] {logging_mixin.py:188} INFO - [2026-09-10T06:12:42.117+0000] {dag.py:3036} INFO - Sync 1 DAGs
[2026-09-10T06:12:42.128+0000] {logging_mixin.py:188} INFO - [2026-09-10T06:12:42.128+0000] {dag.py:3823} INFO - Setting next_dagrun for weekly_grocery_pipeline to 2026-09-06 00:00:00+00:00, run_after=2026-09-13 00:00:00+00:00
[2026-09-10T06:12:42.135+0000] {processor.py:183} INFO - Processing /opt/airflow/dags/weekly_grocery_pipeline.py took 0.050 seconds
[2026-09-10T06:13:12.461+0000] {processor.py:161} INFO - Started process (PID=564) to work on /opt/airflow/dags/weekly_grocery_pipeline.py
[2026-09-10T06:13:12.462+0000] {processor.py:830} INFO - Processing file /opt/airflow/dags/weekly_grocery_pipeline.py for tasks to queue
[2026-09-10T06:13:12.463+0000] {logging_mixin.py:188} INFO - [2026-09-10T06:13:12.463+0000] {dagbag.py:538} INFO - Filling up the DagBag from /opt/airflow/dags/weekly_grocery_pipeline.py
[2026-09-10T06:13:12.475+0000] {processor.py:840} INFO - DAG(s) 'weekly_grocery_pipeline' retrieved from /opt/airflow/dags/weekly_grocery_pipeline.py
[2026-09-10T06:13:12.494+0000] {logging_mixin.py:188} INFO - [2026-09-10T06:13:12.494+0000] {dag.py:3036} INFO - Sync 1 DAGs
[2026-09-10T06:13:12.505+0000] {logging_mixin.py:188} INFO - [2026-09-10T06:13:12.505+0000] {dag.py:3823} INFO - Setting next_dagrun for weekly_grocery_pipeline to 2026-09-06 00:00:00+00:00, run_after=2026-09-13 00:00:00+00:00
[2026-09-10T06:13:12.512+0000] {processor.py:183} INFO - Processing /opt/airflow/dags/weekly_grocery_pipeline.py took 0.054 seconds
[2026-09-10T06:13:42.762+0000] {processor.py:161} INFO - Started process (PID=569) to work on /opt/airflow/dags/weekly_grocery_pipeline.py
[2026-09-10T06:13:42.764+0000] {processor.py:830} INFO - Processing file /opt/airflow/dags/weekly_grocery_pipeline.py for tasks to queue
[2026-09-10T06:13:42.765+0000] {logging_mixin.py:188} INFO - [2026-09-10T06:13:42.765+0000] {dagbag.py:538} INFO - Filling up the DagBag from /opt/airflow/dags/weekly_grocery_pipeline.py
[2026-09-10T06:13:42.777+0000] {processor.py:840} INFO - DAG(s) 'weekly_grocery_pipeline' retrieved from /opt/airflow/dags/weekly_grocery_pipeline.py
[2026-09-10T06:13:42.794+0000] {logging_mixin.py:188} INFO - [2026-09-10T06:13:42.794+0000] {dag.py:3036} INFO - Sync 1 DAGs
[2026-09-10T06:13:42.804+0000] {logging_mixin.py:188} INFO - [2026-09-10T06:13:42.803+0000] {dag.py:3823} INFO - Setting next_dagrun for weekly_grocery_pipeline to 2026-09-06 00:00:00+00:00, run_after=2026-09-13 00:00:00+00:00
[2026-09-10T06:13:42.810+0000] {processor.py:183} INFO - Processing /opt/airflow/dags/weekly_grocery_pipeline.py took 0.053 seconds
[2026-09-10T06:14:13.217+0000] {processor.py:161} INFO - Started process (PID=574) to work on /opt/airflow/dags/weekly_grocery_pipeline.py
[2026-09-10T06:14:13.219+0000] {processor.py:830} INFO - Processing file /opt/airflow/dags/weekly_grocery_pipeline.py for tasks to queue
[2026-09-10T06:14:13.221+0000] {logging_mixin.py:188} INFO - [2026-09-10T06:14:13.220+0000] {dagbag.py:538} INFO - Filling up the DagBag from /opt/airflow/dags/weekly_grocery_pipeline.py
[2026-09-10T06:14:13.261+0000] {processor.py:840} INFO - DAG(s) 'weekly_grocery_pipeline' retrieved from /opt/airflow/dags/weekly_grocery_pipeline.py
[2026-09-10T06:14:13.291+0000] {logging_mixin.py:188} INFO - [2026-09-10T06:14:13.291+0000] {dag.py:3036} INFO - Sync 1 DAGs
[2026-09-10T06:14:13.304+0000] {logging_mixin.py:188} INFO - [2026-09-10T06:14:13.304+0000] {dag.py:3823} INFO - Setting next_dagrun for weekly_grocery_pipeline to 2026-09-06 00:00:00+00:00, run_after=2026-09-13 00:00:00+00:00
[2026-09-10T06:14:13.313+0000] {processor.py:183} INFO - Processing /opt/airflow/dags/weekly_grocery_pipeline.py took 0.105 seconds
[2026-09-10T06:14:43.531+0000] {processor.py:161} INFO - Started process (PID=579) to work on /opt/airflow/dags/weekly_grocery_pipeline.py
[2026-09-10T06:14:43.532+0000] {processor.py:830} INFO - Processing file /opt/airflow/dags/weekly_grocery_pipeline.py for tasks to queue
[2026-09-10T06:14:43.533+0000] {logging_mixin.py:188} INFO - [2026-09-10T06:14:43.532+0000] {dagbag.py:538} INFO - Filling up the DagBag from /opt/airflow/dags/weekly_grocery_pipeline.py
[2026-09-10T06:14:43.545+0000] {processor.py:840} INFO - DAG(s) 'weekly_grocery_pipeline' retrieved from /opt/airflow/dags/weekly_grocery_pipeline.py
[2026-09-10T06:14:43.565+0000] {logging_mixin.py:188} INFO - [2026-09-10T06:14:43.565+0000] {dag.py:3036} INFO - Sync 1 DAGs
[2026-09-10T06:14:43.576+0000] {logging_mixin.py:188} INFO - [2026-09-10T06:14:43.576+0000] {dag.py:3823} INFO - Setting next_dagrun for weekly_grocery_pipeline to 2026-09-06 00:00:00+00:00, run_after=2026-09-13 00:00:00+00:00
[2026-09-10T06:14:43.584+0000] {processor.py:183} INFO - Processing /opt/airflow/dags/weekly_grocery_pipeline.py took 0.058 seconds
[2026-09-10T06:15:13.809+0000] {processor.py:161} INFO - Started process (PID=584) to work on /opt/airflow/dags/weekly_grocery_pipeline.py
[2026-09-10T06:15:13.811+0000] {processor.py:830} INFO - Processing file /opt/airflow/dags/weekly_grocery_pipeline.py for tasks to queue
[2026-09-10T06:15:13.811+0000] {logging_mixin.py:188} INFO - [2026-09-10T06:15:13.811+0000] {dagbag.py:538} INFO - Filling up the DagBag from /opt/airflow/dags/weekly_grocery_pipeline.py
[2026-09-10T06:15:13.823+0000] {processor.py:840} INFO - DAG(s) 'weekly_grocery_pipeline' retrieved from /opt/airflow/dags/weekly_grocery_pipeline.py
[2026-09-10T06:15:13.842+0000] {logging_mixin.py:188} INFO - [2026-09-10T06:15:13.842+0000] {dag.py:3036} INFO - Sync 1 DAGs
[2026-09-10T06:15:13.854+0000] {logging_mixin.py:188} INFO - [2026-09-10T06:15:13.854+0000] {dag.py:3823} INFO - Setting next_dagrun for weekly_grocery_pipeline to 2026-09-06 00:00:00+00:00, run_after=2026-09-13 00:00:00+00:00
[2026-09-10T06:15:13.860+0000] {processor.py:183} INFO - Processing /opt/airflow/dags/weekly_grocery_pipeline.py took 0.056 seconds
[2026-09-10T06:15:44.123+0000] {processor.py:161} INFO - Started process (PID=589) to work on /opt/airflow/dags/weekly_grocery_pipeline.py
[2026-09-10T06:15:44.124+0000] {processor.py:830} INFO - Processing file /opt/airflow/dags/weekly_grocery_pipeline.py for tasks to queue
[2026-09-10T06:15:44.125+0000] {logging_mixin.py:188} INFO - [2026-09-10T06:15:44.125+0000] {dagbag.py:538} INFO - Filling up the DagBag from /opt/airflow/dags/weekly_grocery_pipeline.py
[2026-09-10T06:15:44.139+0000] {processor.py:840} INFO - DAG(s) 'weekly_grocery_pipeline' retrieved from /opt/airflow/dags/weekly_grocery_pipeline.py
[2026-09-10T06:15:44.157+0000] {logging_mixin.py:188} INFO - [2026-09-10T06:15:44.157+0000] {dag.py:3036} INFO - Sync 1 DAGs
[2026-09-10T06:15:44.168+0000] {logging_mixin.py:188} INFO - [2026-09-10T06:15:44.167+0000] {dag.py:3823} INFO - Setting next_dagrun for weekly_grocery_pipeline to 2026-09-06 00:00:00+00:00, run_after=2026-09-13 00:00:00+00:00
[2026-09-10T06:15:44.174+0000] {processor.py:183} INFO - Processing /opt/airflow/dags/weekly_grocery_pipeline.py took 0.054 seconds
[2026-09-10T06:16:14.499+0000] {processor.py:161} INFO - Started process (PID=594) to work on /opt/airflow/dags/weekly_grocery_pipeline.py
[2026-09-10T06:16:14.500+0000] {processor.py:830} INFO - Processing file /opt/airflow/dags/weekly_grocery_pipeline.py for tasks to queue
[2026-09-10T06:16:14.501+0000] {logging_mixin.py:188} INFO - [2026-09-10T06:16:14.500+0000] {dagbag.py:538} INFO - Filling up the DagBag from /opt/airflow/dags/weekly_grocery_pipeline.py
[2026-09-10T06:16:14.515+0000] {processor.py:840} INFO - DAG(s) 'weekly_grocery_pipeline' retrieved from /opt/airflow/dags/weekly_grocery_pipeline.py
[2026-09-10T06:16:14.533+0000] {logging_mixin.py:188} INFO - [2026-09-10T06:16:14.533+0000] {dag.py:3036} INFO - Sync 1 DAGs
[2026-09-10T06:16:14.542+0000] {logging_mixin.py:188} INFO - [2026-09-10T06:16:14.542+0000] {dag.py:3823} INFO - Setting next_dagrun for weekly_grocery_pipeline to 2026-09-06 00:00:00+00:00, run_after=2026-09-13 00:00:00+00:00
[2026-09-10T06:16:14.549+0000] {processor.py:183} INFO - Processing /opt/airflow/dags/weekly_grocery_pipeline.py took 0.054 seconds
[2026-09-10T06:16:44.890+0000] {processor.py:161} INFO - Started process (PID=599) to work on /opt/airflow/dags/weekly_grocery_pipeline.py
[2026-09-10T06:16:44.891+0000] {processor.py:830} INFO - Processing file /opt/airflow/dags/weekly_grocery_pipeline.py for tasks to queue
[2026-09-10T06:16:44.892+0000] {logging_mixin.py:188} INFO - [2026-09-10T06:16:44.892+0000] {dagbag.py:538} INFO - Filling up the DagBag from /opt/airflow/dags/weekly_grocery_pipeline.py
[2026-09-10T06:16:44.903+0000] {processor.py:840} INFO - DAG(s) 'weekly_grocery_pipeline' retrieved from /opt/airflow/dags/weekly_grocery_pipeline.py
[2026-09-10T06:16:44.922+0000] {logging_mixin.py:188} INFO - [2026-09-10T06:16:44.922+0000] {dag.py:3036} INFO - Sync 1 DAGs
[2026-09-10T06:16:44.932+0000] {logging_mixin.py:188} INFO - [2026-09-10T06:16:44.932+0000] {dag.py:3823} INFO - Setting next_dagrun for weekly_grocery_pipeline to 2026-09-06 00:00:00+00:00, run_after=2026-09-13 00:00:00+00:00
[2026-09-10T06:16:44.938+0000] {processor.py:183} INFO - Processing /opt/airflow/dags/weekly_grocery_pipeline.py took 0.052 seconds
[2026-09-10T06:17:15.246+0000] {processor.py:161} INFO - Started process (PID=604) to work on /opt/airflow/dags/weekly_grocery_pipeline.py
[2026-09-10T06:17:15.248+0000] {processor.py:830} INFO - Processing file /opt/airflow/dags/weekly_grocery_pipeline.py for tasks to queue
[2026-09-10T06:17:15.249+0000] {logging_mixin.py:188} INFO - [2026-09-10T06:17:15.248+0000] {dagbag.py:538} INFO - Filling up the DagBag from /opt/airflow/dags/weekly_grocery_pipeline.py
[2026-09-10T06:17:15.261+0000] {processor.py:840} INFO - DAG(s) 'weekly_grocery_pipeline' retrieved from /opt/airflow/dags/weekly_grocery_pipeline.py
[2026-09-10T06:17:15.281+0000] {logging_mixin.py:188} INFO - [2026-09-10T06:17:15.281+0000] {dag.py:3036} INFO - Sync 1 DAGs
[2026-09-10T06:17:15.295+0000] {logging_mixin.py:188} INFO - [2026-09-10T06:17:15.295+0000] {dag.py:3823} INFO - Setting next_dagrun for weekly_grocery_pipeline to 2026-09-06 00:00:00+00:00, run_after=2026-09-13 00:00:00+00:00
[2026-09-10T06:17:15.304+0000] {processor.py:183} INFO - Processing /opt/airflow/dags/weekly_grocery_pipeline.py took 0.060 seconds
[2026-09-10T06:17:45.592+0000] {processor.py:161} INFO - Started process (PID=609) to work on /opt/airflow/dags/weekly_grocery_pipeline.py
[2026-09-10T06:17:45.593+0000] {processor.py:830} INFO - Processing file /opt/airflow/dags/weekly_grocery_pipeline.py for tasks to queue
[2026-09-10T06:17:45.593+0000] {logging_mixin.py:188} INFO - [2026-09-10T06:17:45.593+0000] {dagbag.py:538} INFO - Filling up the DagBag from /opt/airflow/dags/weekly_grocery_pipeline.py
[2026-09-10T06:17:45.602+0000] {processor.py:840} INFO - DAG(s) 'weekly_grocery_pipeline' retrieved from /opt/airflow/dags/weekly_grocery_pipeline.py
[2026-09-10T06:17:45.618+0000] {logging_mixin.py:188} INFO - [2026-09-10T06:17:45.618+0000] {dag.py:3036} INFO - Sync 1 DAGs
[2026-09-10T06:17:45.630+0000] {logging_mixin.py:188} INFO - [2026-09-10T06:17:45.630+0000] {dag.py:3823} INFO - Setting next_dagrun for weekly_grocery_pipeline to 2026-09-06 00:00:00+00:00, run_after=2026-09-13 00:00:00+00:00
[2026-09-10T06:17:45.637+0000] {processor.py:183} INFO - Processing /opt/airflow/dags/weekly_grocery_pipeline.py took 0.048 seconds
[2026-09-10T06:18:15.977+0000] {processor.py:161} INFO - Started process (PID=614) to work on /opt/airflow/dags/weekly_grocery_pipeline.py
[2026-09-10T06:18:15.978+0000] {processor.py:830} INFO - Processing file /opt/airflow/dags/weekly_grocery_pipeline.py for tasks to queue
[2026-09-10T06:18:15.979+0000] {logging_mixin.py:188} INFO - [2026-09-10T06:18:15.978+0000] {dagbag.py:538} INFO - Filling up the DagBag from /opt/airflow/dags/weekly_grocery_pipeline.py
[2026-09-10T06:18:15.991+0000] {processor.py:840} INFO - DAG(s) 'weekly_grocery_pipeline' retrieved from /opt/airflow/dags/weekly_grocery_pipeline.py
[2026-09-10T06:18:16.010+0000] {logging_mixin.py:188} INFO - [2026-09-10T06:18:16.010+0000] {dag.py:3036} INFO - Sync 1 DAGs
[2026-09-10T06:18:16.022+0000] {logging_mixin.py:188} INFO - [2026-09-10T06:18:16.022+0000] {dag.py:3823} INFO - Setting next_dagrun for weekly_grocery_pipeline to 2026-09-06 00:00:00+00:00, run_after=2026-09-13 00:00:00+00:00
[2026-09-10T06:18:16.030+0000] {processor.py:183} INFO - Processing /opt/airflow/dags/weekly_grocery_pipeline.py took 0.057 seconds
[2026-09-10T06:18:46.339+0000] {processor.py:161} INFO - Started process (PID=619) to work on /opt/airflow/dags/weekly_grocery_pipeline.py
[2026-09-10T06:18:46.340+0000] {processor.py:830} INFO - Processing file /opt/airflow/dags/weekly_grocery_pipeline.py for tasks to queue
[2026-09-10T06:18:46.341+0000] {logging_mixin.py:188} INFO - [2026-09-10T06:18:46.340+0000] {dagbag.py:538} INFO - Filling up the DagBag from /opt/airflow/dags/weekly_grocery_pipeline.py
[2026-09-10T06:18:46.352+0000] {processor.py:840} INFO - DAG(s) 'weekly_grocery_pipeline' retrieved from /opt/airflow/dags/weekly_grocery_pipeline.py
[2026-09-10T06:18:46.370+0000] {logging_mixin.py:188} INFO - [2026-09-10T06:18:46.370+0000] {dag.py:3036} INFO - Sync 1 DAGs
[2026-09-10T06:18:46.382+0000] {logging_mixin.py:188} INFO - [2026-09-10T06:18:46.382+0000] {dag.py:3823} INFO - Setting next_dagrun for weekly_grocery_pipeline to 2026-09-06 00:00:00+00:00, run_after=2026-09-13 00:00:00+00:00
[2026-09-10T06:18:46.390+0000] {processor.py:183} INFO - Processing /opt/airflow/dags/weekly_grocery_pipeline.py took 0.054 seconds
[2026-09-10T06:19:16.726+0000] {processor.py:161} INFO - Started process (PID=624) to work on /opt/airflow/dags/weekly_grocery_pipeline.py
[2026-09-10T06:19:16.727+0000] {processor.py:830} INFO - Processing file /opt/airflow/dags/weekly_grocery_pipeline.py for tasks to queue
[2026-09-10T06:19:16.728+0000] {logging_mixin.py:188} INFO - [2026-09-10T06:19:16.727+0000] {dagbag.py:538} INFO - Filling up the DagBag from /opt/airflow/dags/weekly_grocery_pipeline.py
[2026-09-10T06:19:16.739+0000] {processor.py:840} INFO - DAG(s) 'weekly_grocery_pipeline' retrieved from /opt/airflow/dags/weekly_grocery_pipeline.py
[2026-09-10T06:19:16.758+0000] {logging_mixin.py:188} INFO - [2026-09-10T06:19:16.758+0000] {dag.py:3036} INFO - Sync 1 DAGs
[2026-09-10T06:19:16.770+0000] {logging_mixin.py:188} INFO - [2026-09-10T06:19:16.770+0000] {dag.py:3823} INFO - Setting next_dagrun for weekly_grocery_pipeline to 2026-09-06 00:00:00+00:00, run_after=2026-09-13 00:00:00+00:00
[2026-09-10T06:19:16.776+0000] {processor.py:183} INFO - Processing /opt/airflow/dags/weekly_grocery_pipeline.py took 0.054 seconds
[2026-09-10T06:19:47.073+0000] {processor.py:161} INFO - Started process (PID=629) to work on /opt/airflow/dags/weekly_grocery_pipeline.py
[2026-09-10T06:19:47.074+0000] {processor.py:830} INFO - Processing file /opt/airflow/dags/weekly_grocery_pipeline.py for tasks to queue
[2026-09-10T06:19:47.075+0000] {logging_mixin.py:188} INFO - [2026-09-10T06:19:47.075+0000] {dagbag.py:538} INFO - Filling up the DagBag from /opt/airflow/dags/weekly_grocery_pipeline.py
[2026-09-10T06:19:47.087+0000] {processor.py:840} INFO - DAG(s) 'weekly_grocery_pipeline' retrieved from /opt/airflow/dags/weekly_grocery_pipeline.py
[2026-09-10T06:19:47.106+0000] {logging_mixin.py:188} INFO - [2026-09-10T06:19:47.106+0000] {dag.py:3036} INFO - Sync 1 DAGs
[2026-09-10T06:19:47.116+0000] {logging_mixin.py:188} INFO - [2026-09-10T06:19:47.116+0000] {dag.py:3823} INFO - Setting next_dagrun for weekly_grocery_pipeline to 2026-09-06 00:00:00+00:00, run_after=2026-09-13 00:00:00+00:00
[2026-09-10T06:19:47.124+0000] {processor.py:183} INFO - Processing /opt/airflow/dags/weekly_grocery_pipeline.py took 0.054 seconds
[2026-09-10T06:20:17.519+0000] {processor.py:161} INFO - Started process (PID=634) to work on /opt/airflow/dags/weekly_grocery_pipeline.py
[2026-09-10T06:20:17.520+0000] {processor.py:830} INFO - Processing file /opt/airflow/dags/weekly_grocery_pipeline.py for tasks to queue
[2026-09-10T06:20:17.521+0000] {logging_mixin.py:188} INFO - [2026-09-10T06:20:17.520+0000] {dagbag.py:538} INFO - Filling up the DagBag from /opt/airflow/dags/weekly_grocery_pipeline.py
[2026-09-10T06:20:17.531+0000] {processor.py:840} INFO - DAG(s) 'weekly_grocery_pipeline' retrieved from /opt/airflow/dags/weekly_grocery_pipeline.py
[2026-09-10T06:20:17.550+0000] {logging_mixin.py:188} INFO - [2026-09-10T06:20:17.550+0000] {dag.py:3036} INFO - Sync 1 DAGs
[2026-09-10T06:20:17.561+0000] {logging_mixin.py:188} INFO - [2026-09-10T06:20:17.561+0000] {dag.py:3823} INFO - Setting next_dagrun for weekly_grocery_pipeline to 2026-09-06 00:00:00+00:00, run_after=2026-09-13 00:00:00+00:00
[2026-09-10T06:20:17.567+0000] {processor.py:183} INFO - Processing /opt/airflow/dags/weekly_grocery_pipeline.py took 0.052 seconds
[2026-09-10T06:20:47.802+0000] {processor.py:161} INFO - Started process (PID=639) to work on /opt/airflow/dags/weekly_grocery_pipeline.py
[2026-09-10T06:20:47.803+0000] {processor.py:830} INFO - Processing file /opt/airflow/dags/weekly_grocery_pipeline.py for tasks to queue
[2026-09-10T06:20:47.804+0000] {logging_mixin.py:188} INFO - [2026-09-10T06:20:47.803+0000] {dagbag.py:538} INFO - Filling up the DagBag from /opt/airflow/dags/weekly_grocery_pipeline.py
[2026-09-10T06:20:47.819+0000] {processor.py:840} INFO - DAG(s) 'weekly_grocery_pipeline' retrieved from /opt/airflow/dags/weekly_grocery_pipeline.py
[2026-09-10T06:20:47.838+0000] {logging_mixin.py:188} INFO - [2026-09-10T06:20:47.838+0000] {dag.py:3036} INFO - Sync 1 DAGs
[2026-09-10T06:20:47.848+0000] {logging_mixin.py:188} INFO - [2026-09-10T06:20:47.848+0000] {dag.py:3823} INFO - Setting next_dagrun for weekly_grocery_pipeline to 2026-09-06 00:00:00+00:00, run_after=2026-09-13 00:00:00+00:00
[2026-09-10T06:20:47.854+0000] {processor.py:183} INFO - Processing /opt/airflow/dags/weekly_grocery_pipeline.py took 0.056 seconds
[2026-09-10T06:21:18.120+0000] {processor.py:161} INFO - Started process (PID=644) to work on /opt/airflow/dags/weekly_grocery_pipeline.py
[2026-09-10T06:21:18.121+0000] {processor.py:830} INFO - Processing file /opt/airflow/dags/weekly_grocery_pipeline.py for tasks to queue
[2026-09-10T06:21:18.122+0000] {logging_mixin.py:188} INFO - [2026-09-10T06:21:18.121+0000] {dagbag.py:538} INFO - Filling up the DagBag from /opt/airflow/dags/weekly_grocery_pipeline.py
[2026-09-10T06:21:18.128+0000] {processor.py:840} INFO - DAG(s) 'weekly_grocery_pipeline' retrieved from /opt/airflow/dags/weekly_grocery_pipeline.py
[2026-09-10T06:21:18.143+0000] {logging_mixin.py:188} INFO - [2026-09-10T06:21:18.143+0000] {dag.py:3036} INFO - Sync 1 DAGs
[2026-09-10T06:21:18.152+0000] {logging_mixin.py:188} INFO - [2026-09-10T06:21:18.152+0000] {dag.py:3823} INFO - Setting next_dagrun for weekly_grocery_pipeline to 2026-09-06 00:00:00+00:00, run_after=2026-09-13 00:00:00+00:00
[2026-09-10T06:21:18.158+0000] {processor.py:183} INFO - Processing /opt/airflow/dags/weekly_grocery_pipeline.py took 0.039 seconds
[2026-09-10T06:21:48.442+0000] {processor.py:161} INFO - Started process (PID=649) to work on /opt/airflow/dags/weekly_grocery_pipeline.py
[2026-09-10T06:21:48.443+0000] {processor.py:830} INFO - Processing file /opt/airflow/dags/weekly_grocery_pipeline.py for tasks to queue
[2026-09-10T06:21:48.444+0000] {logging_mixin.py:188} INFO - [2026-09-10T06:21:48.444+0000] {dagbag.py:538} INFO - Filling up the DagBag from /opt/airflow/dags/weekly_grocery_pipeline.py
[2026-09-10T06:21:48.454+0000] {processor.py:840} INFO - DAG(s) 'weekly_grocery_pipeline' retrieved from /opt/airflow/dags/weekly_grocery_pipeline.py
[2026-09-10T06:21:48.472+0000] {logging_mixin.py:188} INFO - [2026-09-10T06:21:48.472+0000] {dag.py:3036} INFO - Sync 1 DAGs
[2026-09-10T06:21:48.483+0000] {logging_mixin.py:188} INFO - [2026-09-10T06:21:48.483+0000] {dag.py:3823} INFO - Setting next_dagrun for weekly_grocery_pipeline to 2026-09-06 00:00:00+00:00, run_after=2026-09-13 00:00:00+00:00
[2026-09-10T06:21:48.490+0000] {processor.py:183} INFO - Processing /opt/airflow/dags/weekly_grocery_pipeline.py took 0.051 seconds
[2026-09-10T06:22:18.806+0000] {processor.py:161} INFO - Started process (PID=654) to work on /opt/airflow/dags/weekly_grocery_pipeline.py
[2026-09-10T06:22:18.807+0000] {processor.py:830} INFO - Processing file /opt/airflow/dags/weekly_grocery_pipeline.py for tasks to queue
[2026-09-10T06:22:18.808+0000] {logging_mixin.py:188} INFO - [2026-09-10T06:22:18.808+0000] {dagbag.py:538} INFO - Filling up the DagBag from /opt/airflow/dags/weekly_grocery_pipeline.py
[2026-09-10T06:22:18.818+0000] {processor.py:840} INFO - DAG(s) 'weekly_grocery_pipeline' retrieved from /opt/airflow/dags/weekly_grocery_pipeline.py
[2026-09-10T06:22:18.837+0000] {logging_mixin.py:188} INFO - [2026-09-10T06:22:18.837+0000] {dag.py:3036} INFO - Sync 1 DAGs
[2026-09-10T06:22:18.848+0000] {logging_mixin.py:188} INFO - [2026-09-10T06:22:18.848+0000] {dag.py:3823} INFO - Setting next_dagrun for weekly_grocery_pipeline to 2026-09-06 00:00:00+00:00, run_after=2026-09-13 00:00:00+00:00
[2026-09-10T06:22:18.855+0000] {processor.py:183} INFO - Processing /opt/airflow/dags/weekly_grocery_pipeline.py took 0.052 seconds
[2026-09-10T06:22:49.186+0000] {processor.py:161} INFO - Started process (PID=659) to work on /opt/airflow/dags/weekly_grocery_pipeline.py
[2026-09-10T06:22:49.187+0000] {processor.py:830} INFO - Processing file /opt/airflow/dags/weekly_grocery_pipeline.py for tasks to queue
[2026-09-10T06:22:49.188+0000] {logging_mixin.py:188} INFO - [2026-09-10T06:22:49.188+0000] {dagbag.py:538} INFO - Filling up the DagBag from /opt/airflow/dags/weekly_grocery_pipeline.py
[2026-09-10T06:22:49.199+0000] {processor.py:840} INFO - DAG(s) 'weekly_grocery_pipeline' retrieved from /opt/airflow/dags/weekly_grocery_pipeline.py
[2026-09-10T06:22:49.217+0000] {logging_mixin.py:188} INFO - [2026-09-10T06:22:49.217+0000] {dag.py:3036} INFO - Sync 1 DAGs
[2026-09-10T06:22:49.228+0000] {logging_mixin.py:188} INFO - [2026-09-10T06:22:49.228+0000] {dag.py:3823} INFO - Setting next_dagrun for weekly_grocery_pipeline to 2026-09-06 00:00:00+00:00, run_after=2026-09-13 00:00:00+00:00
[2026-09-10T06:22:49.234+0000] {processor.py:183} INFO - Processing /opt/airflow/dags/weekly_grocery_pipeline.py took 0.052 seconds
[2026-09-10T06:23:19.583+0000] {processor.py:161} INFO - Started process (PID=664) to work on /opt/airflow/dags/weekly_grocery_pipeline.py
[2026-09-10T06:23:19.584+0000] {processor.py:830} INFO - Processing file /opt/airflow/dags/weekly_grocery_pipeline.py for tasks to queue
[2026-09-10T06:23:19.585+0000] {logging_mixin.py:188} INFO - [2026-09-10T06:23:19.585+0000] {dagbag.py:538} INFO - Filling up the DagBag from /opt/airflow/dags/weekly_grocery_pipeline.py
[2026-09-10T06:23:19.596+0000] {processor.py:840} INFO - DAG(s) 'weekly_grocery_pipeline' retrieved from /opt/airflow/dags/weekly_grocery_pipeline.py
[2026-09-10T06:23:19.615+0000] {logging_mixin.py:188} INFO - [2026-09-10T06:23:19.615+0000] {dag.py:3036} INFO - Sync 1 DAGs
[2026-09-10T06:23:19.625+0000] {logging_mixin.py:188} INFO - [2026-09-10T06:23:19.625+0000] {dag.py:3823} INFO - Setting next_dagrun for weekly_grocery_pipeline to 2026-09-06 00:00:00+00:00, run_after=2026-09-13 00:00:00+00:00
[2026-09-10T06:23:19.632+0000] {processor.py:183} INFO - Processing /opt/airflow/dags/weekly_grocery_pipeline.py took 0.052 seconds
[2026-09-10T06:23:49.978+0000] {processor.py:161} INFO - Started process (PID=669) to work on /opt/airflow/dags/weekly_grocery_pipeline.py
[2026-09-10T06:23:49.979+0000] {processor.py:830} INFO - Processing file /opt/airflow/dags/weekly_grocery_pipeline.py for tasks to queue
[2026-09-10T06:23:49.980+0000] {logging_mixin.py:188} INFO - [2026-09-10T06:23:49.980+0000] {dagbag.py:538} INFO - Filling up the DagBag from /opt/airflow/dags/weekly_grocery_pipeline.py
[2026-09-10T06:23:49.991+0000] {processor.py:840} INFO - DAG(s) 'weekly_grocery_pipeline' retrieved from /opt/airflow/dags/weekly_grocery_pipeline.py
[2026-09-10T06:23:50.010+0000] {logging_mixin.py:188} INFO - [2026-09-10T06:23:50.010+0000] {dag.py:3036} INFO - Sync 1 DAGs
[2026-09-10T06:23:50.021+0000] {logging_mixin.py:188} INFO - [2026-09-10T06:23:50.021+0000] {dag.py:3823} INFO - Setting next_dagrun for weekly_grocery_pipeline to 2026-09-06 00:00:00+00:00, run_after=2026-09-13 00:00:00+00:00
[2026-09-10T06:23:50.028+0000] {processor.py:183} INFO - Processing /opt/airflow/dags/weekly_grocery_pipeline.py took 0.052 seconds
[2026-09-10T06:24:20.351+0000] {processor.py:161} INFO - Started process (PID=674) to work on /opt/airflow/dags/weekly_grocery_pipeline.py
[2026-09-10T06:24:20.352+0000] {processor.py:830} INFO - Processing file /opt/airflow/dags/weekly_grocery_pipeline.py for tasks to queue
[2026-09-10T06:24:20.353+0000] {logging_mixin.py:188} INFO - [2026-09-10T06:24:20.353+0000] {dagbag.py:538} INFO - Filling up the DagBag from /opt/airflow/dags/weekly_grocery_pipeline.py
[2026-09-10T06:24:20.365+0000] {processor.py:840} INFO - DAG(s) 'weekly_grocery_pipeline' retrieved from /opt/airflow/dags/weekly_grocery_pipeline.py
[2026-09-10T06:24:20.384+0000] {logging_mixin.py:188} INFO - [2026-09-10T06:24:20.384+0000] {dag.py:3036} INFO - Sync 1 DAGs
[2026-09-10T06:24:20.395+0000] {logging_mixin.py:188} INFO - [2026-09-10T06:24:20.395+0000] {dag.py:3823} INFO - Setting next_dagrun for weekly_grocery_pipeline to 2026-09-06 00:00:00+00:00, run_after=2026-09-13 00:00:00+00:00
[2026-09-10T06:24:20.401+0000] {processor.py:183} INFO - Processing /opt/airflow/dags/weekly_grocery_pipeline.py took 0.054 seconds
[2026-09-10T06:24:50.752+0000] {processor.py:161} INFO - Started process (PID=679) to work on /opt/airflow/dags/weekly_grocery_pipeline.py
[2026-09-10T06:24:50.753+0000] {processor.py:830} INFO - Processing file /opt/airflow/dags/weekly_grocery_pipeline.py for tasks to queue
[2026-09-10T06:24:50.753+0000] {logging_mixin.py:188} INFO - [2026-09-10T06:24:50.753+0000] {dagbag.py:538} INFO - Filling up the DagBag from /opt/airflow/dags/weekly_grocery_pipeline.py
[2026-09-10T06:24:50.765+0000] {processor.py:840} INFO - DAG(s) 'weekly_grocery_pipeline' retrieved from /opt/airflow/dags/weekly_grocery_pipeline.py
[2026-09-10T06:24:50.784+0000] {logging_mixin.py:188} INFO - [2026-09-10T06:24:50.784+0000] {dag.py:3036} INFO - Sync 1 DAGs
[2026-09-10T06:24:50.794+0000] {logging_mixin.py:188} INFO - [2026-09-10T06:24:50.794+0000] {dag.py:3823} INFO - Setting next_dagrun for weekly_grocery_pipeline to 2026-09-06 00:00:00+00:00, run_after=2026-09-13 00:00:00+00:00
[2026-09-10T06:24:50.800+0000] {processor.py:183} INFO - Processing /opt/airflow/dags/weekly_grocery_pipeline.py took 0.052 seconds
[2026-09-10T06:25:21.072+0000] {processor.py:161} INFO - Started process (PID=684) to work on /opt/airflow/dags/weekly_grocery_pipeline.py
[2026-09-10T06:25:21.073+0000] {processor.py:830} INFO - Processing file /opt/airflow/dags/weekly_grocery_pipeline.py for tasks to queue
[2026-09-10T06:25:21.074+0000] {logging_mixin.py:188} INFO - [2026-09-10T06:25:21.073+0000] {dagbag.py:538} INFO - Filling up the DagBag from /opt/airflow/dags/weekly_grocery_pipeline.py
[2026-09-10T06:25:21.085+0000] {processor.py:840} INFO - DAG(s) 'weekly_grocery_pipeline' retrieved from /opt/airflow/dags/weekly_grocery_pipeline.py
[2026-09-10T06:25:21.104+0000] {logging_mixin.py:188} INFO - [2026-09-10T06:25:21.104+0000] {dag.py:3036} INFO - Sync 1 DAGs
[2026-09-10T06:25:21.115+0000] {logging_mixin.py:188} INFO - [2026-09-10T06:25:21.115+0000] {dag.py:3823} INFO - Setting next_dagrun for weekly_grocery_pipeline to 2026-09-06 00:00:00+00:00, run_after=2026-09-13 00:00:00+00:00
[2026-09-10T06:25:21.122+0000] {processor.py:183} INFO - Processing /opt/airflow/dags/weekly_grocery_pipeline.py took 0.053 seconds
[2026-09-10T06:25:51.420+0000] {processor.py:161} INFO - Started process (PID=689) to work on /opt/airflow/dags/weekly_grocery_pipeline.py
[2026-09-10T06:25:51.421+0000] {processor.py:830} INFO - Processing file /opt/airflow/dags/weekly_grocery_pipeline.py for tasks to queue
[2026-09-10T06:25:51.422+0000] {logging_mixin.py:188} INFO - [2026-09-10T06:25:51.422+0000] {dagbag.py:538} INFO - Filling up the DagBag from /opt/airflow/dags/weekly_grocery_pipeline.py
[2026-09-10T06:25:51.433+0000] {processor.py:840} INFO - DAG(s) 'weekly_grocery_pipeline' retrieved from /opt/airflow/dags/weekly_grocery_pipeline.py
[2026-09-10T06:25:51.451+0000] {logging_mixin.py:188} INFO - [2026-09-10T06:25:51.451+0000] {dag.py:3036} INFO - Sync 1 DAGs
[2026-09-10T06:25:51.462+0000] {logging_mixin.py:188} INFO - [2026-09-10T06:25:51.461+0000] {dag.py:3823} INFO - Setting next_dagrun for weekly_grocery_pipeline to 2026-09-06 00:00:00+00:00, run_after=2026-09-13 00:00:00+00:00
[2026-09-10T06:25:51.468+0000] {processor.py:183} INFO - Processing /opt/airflow/dags/weekly_grocery_pipeline.py took 0.051 seconds
[2026-09-10T06:26:21.803+0000] {processor.py:161} INFO - Started process (PID=694) to work on /opt/airflow/dags/weekly_grocery_pipeline.py
[2026-09-10T06:26:21.805+0000] {processor.py:830} INFO - Processing file /opt/airflow/dags/weekly_grocery_pipeline.py for tasks to queue
[2026-09-10T06:26:21.805+0000] {logging_mixin.py:188} INFO - [2026-09-10T06:26:21.805+0000] {dagbag.py:538} INFO - Filling up the DagBag from /opt/airflow/dags/weekly_grocery_pipeline.py
[2026-09-10T06:26:21.818+0000] {processor.py:840} INFO - DAG(s) 'weekly_grocery_pipeline' retrieved from /opt/airflow/dags/weekly_grocery_pipeline.py
[2026-09-10T06:26:21.839+0000] {logging_mixin.py:188} INFO - [2026-09-10T06:26:21.838+0000] {dag.py:3036} INFO - Sync 1 DAGs
[2026-09-10T06:26:21.850+0000] {logging_mixin.py:188} INFO - [2026-09-10T06:26:21.849+0000] {dag.py:3823} INFO - Setting next_dagrun for weekly_grocery_pipeline to 2026-09-06 00:00:00+00:00, run_after=2026-09-13 00:00:00+00:00
[2026-09-10T06:26:21.856+0000] {processor.py:183} INFO - Processing /opt/airflow/dags/weekly_grocery_pipeline.py took 0.056 seconds
[2026-09-10T06:26:52.204+0000] {processor.py:161} INFO - Started process (PID=699) to work on /opt/airflow/dags/weekly_grocery_pipeline.py
[2026-09-10T06:26:52.205+0000] {processor.py:830} INFO - Processing file /opt/airflow/dags/weekly_grocery_pipeline.py for tasks to queue
[2026-09-10T06:26:52.206+0000] {logging_mixin.py:188} INFO - [2026-09-10T06:26:52.205+0000] {dagbag.py:538} INFO - Filling up the DagBag from /opt/airflow/dags/weekly_grocery_pipeline.py
[2026-09-10T06:26:52.218+0000] {processor.py:840} INFO - DAG(s) 'weekly_grocery_pipeline' retrieved from /opt/airflow/dags/weekly_grocery_pipeline.py
[2026-09-10T06:26:52.237+0000] {logging_mixin.py:188} INFO - [2026-09-10T06:26:52.236+0000] {dag.py:3036} INFO - Sync 1 DAGs
[2026-09-10T06:26:52.247+0000] {logging_mixin.py:188} INFO - [2026-09-10T06:26:52.247+0000] {dag.py:3823} INFO - Setting next_dagrun for weekly_grocery_pipeline to 2026-09-06 00:00:00+00:00, run_after=2026-09-13 00:00:00+00:00
[2026-09-10T06:26:52.254+0000] {processor.py:183} INFO - Processing /opt/airflow/dags/weekly_grocery_pipeline.py took 0.054 seconds
[2026-09-10T06:27:22.599+0000] {processor.py:161} INFO - Started process (PID=704) to work on /opt/airflow/dags/weekly_grocery_pipeline.py
[2026-09-10T06:27:22.600+0000] {processor.py:830} INFO - Processing file /opt/airflow/dags/weekly_grocery_pipeline.py for tasks to queue
[2026-09-10T06:27:22.601+0000] {logging_mixin.py:188} INFO - [2026-09-10T06:27:22.601+0000] {dagbag.py:538} INFO - Filling up the DagBag from /opt/airflow/dags/weekly_grocery_pipeline.py
[2026-09-10T06:27:22.614+0000] {processor.py:840} INFO - DAG(s) 'weekly_grocery_pipeline' retrieved from /opt/airflow/dags/weekly_grocery_pipeline.py
[2026-09-10T06:27:22.633+0000] {logging_mixin.py:188} INFO - [2026-09-10T06:27:22.633+0000] {dag.py:3036} INFO - Sync 1 DAGs
[2026-09-10T06:27:22.643+0000] {logging_mixin.py:188} INFO - [2026-09-10T06:27:22.643+0000] {dag.py:3823} INFO - Setting next_dagrun for weekly_grocery_pipeline to 2026-09-06 00:00:00+00:00, run_after=2026-09-13 00:00:00+00:00
[2026-09-10T06:27:22.650+0000] {processor.py:183} INFO - Processing /opt/airflow/dags/weekly_grocery_pipeline.py took 0.053 seconds
[2026-09-10T06:27:52.997+0000] {processor.py:161} INFO - Started process (PID=709) to work on /opt/airflow/dags/weekly_grocery_pipeline.py
[2026-09-10T06:27:52.998+0000] {processor.py:830} INFO - Processing file /opt/airflow/dags/weekly_grocery_pipeline.py for tasks to queue
[2026-09-10T06:27:52.999+0000] {logging_mixin.py:188} INFO - [2026-09-10T06:27:52.998+0000] {dagbag.py:538} INFO - Filling up the DagBag from /opt/airflow/dags/weekly_grocery_pipeline.py
[2026-09-10T06:27:53.010+0000] {processor.py:840} INFO - DAG(s) 'weekly_grocery_pipeline' retrieved from /opt/airflow/dags/weekly_grocery_pipeline.py
[2026-09-10T06:27:53.028+0000] {logging_mixin.py:188} INFO - [2026-09-10T06:27:53.028+0000] {dag.py:3036} INFO - Sync 1 DAGs
[2026-09-10T06:27:53.041+0000] {logging_mixin.py:188} INFO - [2026-09-10T06:27:53.041+0000] {dag.py:3823} INFO - Setting next_dagrun for weekly_grocery_pipeline to 2026-09-06 00:00:00+00:00, run_after=2026-09-13 00:00:00+00:00
[2026-09-10T06:27:53.047+0000] {processor.py:183} INFO - Processing /opt/airflow/dags/weekly_grocery_pipeline.py took 0.054 seconds
[2026-09-10T06:28:23.359+0000] {processor.py:161} INFO - Started process (PID=714) to work on /opt/airflow/dags/weekly_grocery_pipeline.py
[2026-09-10T06:28:23.360+0000] {processor.py:830} INFO - Processing file /opt/airflow/dags/weekly_grocery_pipeline.py for tasks to queue
[2026-09-10T06:28:23.361+0000] {logging_mixin.py:188} INFO - [2026-09-10T06:28:23.360+0000] {dagbag.py:538} INFO - Filling up the DagBag from /opt/airflow/dags/weekly_grocery_pipeline.py
[2026-09-10T06:28:23.372+0000] {processor.py:840} INFO - DAG(s) 'weekly_grocery_pipeline' retrieved from /opt/airflow/dags/weekly_grocery_pipeline.py
[2026-09-10T06:28:23.390+0000] {logging_mixin.py:188} INFO - [2026-09-10T06:28:23.390+0000] {dag.py:3036} INFO - Sync 1 DAGs
[2026-09-10T06:28:23.401+0000] {logging_mixin.py:188} INFO - [2026-09-10T06:28:23.401+0000] {dag.py:3823} INFO - Setting next_dagrun for weekly_grocery_pipeline to 2026-09-06 00:00:00+00:00, run_after=2026-09-13 00:00:00+00:00
[2026-09-10T06:28:23.408+0000] {processor.py:183} INFO - Processing /opt/airflow/dags/weekly_grocery_pipeline.py took 0.052 seconds
[2026-09-10T06:28:53.736+0000] {processor.py:161} INFO - Started process (PID=719) to work on /opt/airflow/dags/weekly_grocery_pipeline.py
[2026-09-10T06:28:53.737+0000] {processor.py:830} INFO - Processing file /opt/airflow/dags/weekly_grocery_pipeline.py for tasks to queue
[2026-09-10T06:28:53.737+0000] {logging_mixin.py:188} INFO - [2026-09-10T06:28:53.737+0000] {dagbag.py:538} INFO - Filling up the DagBag from /opt/airflow/dags/weekly_grocery_pipeline.py
[2026-09-10T06:28:53.749+0000] {processor.py:840} INFO - DAG(s) 'weekly_grocery_pipeline' retrieved from /opt/airflow/dags/weekly_grocery_pipeline.py
[2026-09-10T06:28:53.767+0000] {logging_mixin.py:188} INFO - [2026-09-10T06:28:53.767+0000] {dag.py:3036} INFO - Sync 1 DAGs
[2026-09-10T06:28:53.778+0000] {logging_mixin.py:188} INFO - [2026-09-10T06:28:53.778+0000] {dag.py:3823} INFO - Setting next_dagrun for weekly_grocery_pipeline to 2026-09-06 00:00:00+00:00, run_after=2026-09-13 00:00:00+00:00
[2026-09-10T06:28:53.785+0000] {processor.py:183} INFO - Processing /opt/airflow/dags/weekly_grocery_pipeline.py took 0.053 seconds
[2026-09-10T06:29:24.118+0000] {processor.py:161} INFO - Started process (PID=724) to work on /opt/airflow/dags/weekly_grocery_pipeline.py
[2026-09-10T06:29:24.119+0000] {processor.py:830} INFO - Processing file /opt/airflow/dags/weekly_grocery_pipeline.py for tasks to queue
[2026-09-10T06:29:24.120+0000] {logging_mixin.py:188} INFO - [2026-09-10T06:29:24.120+0000] {dagbag.py:538} INFO - Filling up the DagBag from /opt/airflow/dags/weekly_grocery_pipeline.py
[2026-09-10T06:29:24.131+0000] {processor.py:840} INFO - DAG(s) 'weekly_grocery_pipeline' retrieved from /opt/airflow/dags/weekly_grocery_pipeline.py
[2026-09-10T06:29:24.150+0000] {logging_mixin.py:188} INFO - [2026-09-10T06:29:24.150+0000] {dag.py:3036} INFO - Sync 1 DAGs
[2026-09-10T06:29:24.161+0000] {logging_mixin.py:188} INFO - [2026-09-10T06:29:24.161+0000] {dag.py:3823} INFO - Setting next_dagrun for weekly_grocery_pipeline to 2026-09-06 00:00:00+00:00, run_after=2026-09-13 00:00:00+00:00
[2026-09-10T06:29:24.170+0000] {processor.py:183} INFO - Processing /opt/airflow/dags/weekly_grocery_pipeline.py took 0.056 seconds
[2026-09-10T06:29:54.453+0000] {processor.py:161} INFO - Started process (PID=729) to work on /opt/airflow/dags/weekly_grocery_pipeline.py
[2026-09-10T06:29:54.458+0000] {processor.py:830} INFO - Processing file /opt/airflow/dags/weekly_grocery_pipeline.py for tasks to queue
[2026-09-10T06:29:54.459+0000] {logging_mixin.py:188} INFO - [2026-09-10T06:29:54.459+0000] {dagbag.py:538} INFO - Filling up the DagBag from /opt/airflow/dags/weekly_grocery_pipeline.py
[2026-09-10T06:29:54.476+0000] {processor.py:840} INFO - DAG(s) 'weekly_grocery_pipeline' retrieved from /opt/airflow/dags/weekly_grocery_pipeline.py
[2026-09-10T06:29:54.505+0000] {logging_mixin.py:188} INFO - [2026-09-10T06:29:54.505+0000] {dag.py:3036} INFO - Sync 1 DAGs
[2026-09-10T06:29:54.517+0000] {logging_mixin.py:188} INFO - [2026-09-10T06:29:54.517+0000] {dag.py:3823} INFO - Setting next_dagrun for weekly_grocery_pipeline to 2026-09-06 00:00:00+00:00, run_after=2026-09-13 00:00:00+00:00
[2026-09-10T06:29:54.528+0000] {processor.py:183} INFO - Processing /opt/airflow/dags/weekly_grocery_pipeline.py took 0.079 seconds
[2026-09-10T06:30:24.768+0000] {processor.py:161} INFO - Started process (PID=734) to work on /opt/airflow/dags/weekly_grocery_pipeline.py
[2026-09-10T06:30:24.771+0000] {processor.py:830} INFO - Processing file /opt/airflow/dags/weekly_grocery_pipeline.py for tasks to queue
[2026-09-10T06:30:24.771+0000] {logging_mixin.py:188} INFO - [2026-09-10T06:30:24.771+0000] {dagbag.py:538} INFO - Filling up the DagBag from /opt/airflow/dags/weekly_grocery_pipeline.py
[2026-09-10T06:30:24.784+0000] {processor.py:840} INFO - DAG(s) 'weekly_grocery_pipeline' retrieved from /opt/airflow/dags/weekly_grocery_pipeline.py
[2026-09-10T06:30:24.803+0000] {logging_mixin.py:188} INFO - [2026-09-10T06:30:24.803+0000] {dag.py:3036} INFO - Sync 1 DAGs
[2026-09-10T06:30:24.815+0000] {logging_mixin.py:188} INFO - [2026-09-10T06:30:24.814+0000] {dag.py:3823} INFO - Setting next_dagrun for weekly_grocery_pipeline to 2026-09-06 00:00:00+00:00, run_after=2026-09-13 00:00:00+00:00
[2026-09-10T06:30:24.822+0000] {processor.py:183} INFO - Processing /opt/airflow/dags/weekly_grocery_pipeline.py took 0.058 seconds
[2026-09-10T06:30:55.060+0000] {processor.py:161} INFO - Started process (PID=739) to work on /opt/airflow/dags/weekly_grocery_pipeline.py
[2026-09-10T06:30:55.061+0000] {processor.py:830} INFO - Processing file /opt/airflow/dags/weekly_grocery_pipeline.py for tasks to queue
[2026-09-10T06:30:55.062+0000] {logging_mixin.py:188} INFO - [2026-09-10T06:30:55.061+0000] {dagbag.py:538} INFO - Filling up the DagBag from /opt/airflow/dags/weekly_grocery_pipeline.py
[2026-09-10T06:30:55.073+0000] {processor.py:840} INFO - DAG(s) 'weekly_grocery_pipeline' retrieved from /opt/airflow/dags/weekly_grocery_pipeline.py
[2026-09-10T06:30:55.092+0000] {logging_mixin.py:188} INFO - [2026-09-10T06:30:55.092+0000] {dag.py:3036} INFO - Sync 1 DAGs
[2026-09-10T06:30:55.103+0000] {logging_mixin.py:188} INFO - [2026-09-10T06:30:55.103+0000] {dag.py:3823} INFO - Setting next_dagrun for weekly_grocery_pipeline to 2026-09-06 00:00:00+00:00, run_after=2026-09-13 00:00:00+00:00
[2026-09-10T06:30:55.110+0000] {processor.py:183} INFO - Processing /opt/airflow/dags/weekly_grocery_pipeline.py took 0.054 seconds
[2026-09-10T06:31:25.432+0000] {processor.py:161} INFO - Started process (PID=744) to work on /opt/airflow/dags/weekly_grocery_pipeline.py
[2026-09-10T06:31:25.433+0000] {processor.py:830} INFO - Processing file /opt/airflow/dags/weekly_grocery_pipeline.py for tasks to queue
[2026-09-10T06:31:25.434+0000] {logging_mixin.py:188} INFO - [2026-09-10T06:31:25.434+0000] {dagbag.py:538} INFO - Filling up the DagBag from /opt/airflow/dags/weekly_grocery_pipeline.py
[2026-09-10T06:31:25.446+0000] {processor.py:840} INFO - DAG(s) 'weekly_grocery_pipeline' retrieved from /opt/airflow/dags/weekly_grocery_pipeline.py
[2026-09-10T06:31:25.464+0000] {logging_mixin.py:188} INFO - [2026-09-10T06:31:25.464+0000] {dag.py:3036} INFO - Sync 1 DAGs
[2026-09-10T06:31:25.475+0000] {logging_mixin.py:188} INFO - [2026-09-10T06:31:25.475+0000] {dag.py:3823} INFO - Setting next_dagrun for weekly_grocery_pipeline to 2026-09-06 00:00:00+00:00, run_after=2026-09-13 00:00:00+00:00
[2026-09-10T06:31:25.482+0000] {processor.py:183} INFO - Processing /opt/airflow/dags/weekly_grocery_pipeline.py took 0.053 seconds
[2026-09-10T06:31:55.863+0000] {processor.py:161} INFO - Started process (PID=749) to work on /opt/airflow/dags/weekly_grocery_pipeline.py
[2026-09-10T06:31:55.864+0000] {processor.py:830} INFO - Processing file /opt/airflow/dags/weekly_grocery_pipeline.py for tasks to queue
[2026-09-10T06:31:55.865+0000] {logging_mixin.py:188} INFO - [2026-09-10T06:31:55.864+0000] {dagbag.py:538} INFO - Filling up the DagBag from /opt/airflow/dags/weekly_grocery_pipeline.py
[2026-09-10T06:31:55.876+0000] {processor.py:840} INFO - DAG(s) 'weekly_grocery_pipeline' retrieved from /opt/airflow/dags/weekly_grocery_pipeline.py
[2026-09-10T06:31:55.895+0000] {logging_mixin.py:188} INFO - [2026-09-10T06:31:55.895+0000] {dag.py:3036} INFO - Sync 1 DAGs
[2026-09-10T06:31:55.906+0000] {logging_mixin.py:188} INFO - [2026-09-10T06:31:55.906+0000] {dag.py:3823} INFO - Setting next_dagrun for weekly_grocery_pipeline to 2026-09-06 00:00:00+00:00, run_after=2026-09-13 00:00:00+00:00
[2026-09-10T06:31:55.912+0000] {processor.py:183} INFO - Processing /opt/airflow/dags/weekly_grocery_pipeline.py took 0.053 seconds
[2026-09-10T06:32:26.195+0000] {processor.py:161} INFO - Started process (PID=754) to work on /opt/airflow/dags/weekly_grocery_pipeline.py
[2026-09-10T06:32:26.196+0000] {processor.py:830} INFO - Processing file /opt/airflow/dags/weekly_grocery_pipeline.py for tasks to queue
[2026-09-10T06:32:26.197+0000] {logging_mixin.py:188} INFO - [2026-09-10T06:32:26.197+0000] {dagbag.py:538} INFO - Filling up the DagBag from /opt/airflow/dags/weekly_grocery_pipeline.py
[2026-09-10T06:32:26.209+0000] {processor.py:840} INFO - DAG(s) 'weekly_grocery_pipeline' retrieved from /opt/airflow/dags/weekly_grocery_pipeline.py
[2026-09-10T06:32:26.229+0000] {logging_mixin.py:188} INFO - [2026-09-10T06:32:26.229+0000] {dag.py:3036} INFO - Sync 1 DAGs
[2026-09-10T06:32:26.239+0000] {logging_mixin.py:188} INFO - [2026-09-10T06:32:26.239+0000] {dag.py:3823} INFO - Setting next_dagrun for weekly_grocery_pipeline to 2026-09-06 00:00:00+00:00, run_after=2026-09-13 00:00:00+00:00
[2026-09-10T06:32:26.245+0000] {processor.py:183} INFO - Processing /opt/airflow/dags/weekly_grocery_pipeline.py took 0.053 seconds
[2026-09-10T06:32:56.596+0000] {processor.py:161} INFO - Started process (PID=759) to work on /opt/airflow/dags/weekly_grocery_pipeline.py
[2026-09-10T06:32:56.597+0000] {processor.py:830} INFO - Processing file /opt/airflow/dags/weekly_grocery_pipeline.py for tasks to queue
[2026-09-10T06:32:56.598+0000] {logging_mixin.py:188} INFO - [2026-09-10T06:32:56.597+0000] {dagbag.py:538} INFO - Filling up the DagBag from /opt/airflow/dags/weekly_grocery_pipeline.py
[2026-09-10T06:32:56.609+0000] {processor.py:840} INFO - DAG(s) 'weekly_grocery_pipeline' retrieved from /opt/airflow/dags/weekly_grocery_pipeline.py
[2026-09-10T06:32:56.628+0000] {logging_mixin.py:188} INFO - [2026-09-10T06:32:56.627+0000] {dag.py:3036} INFO - Sync 1 DAGs
[2026-09-10T06:32:56.638+0000] {logging_mixin.py:188} INFO - [2026-09-10T06:32:56.638+0000] {dag.py:3823} INFO - Setting next_dagrun for weekly_grocery_pipeline to 2026-09-06 00:00:00+00:00, run_after=2026-09-13 00:00:00+00:00
[2026-09-10T06:32:56.646+0000] {processor.py:183} INFO - Processing /opt/airflow/dags/weekly_grocery_pipeline.py took 0.053 seconds
[2026-09-10T06:33:27.027+0000] {processor.py:161} INFO - Started process (PID=764) to work on /opt/airflow/dags/weekly_grocery_pipeline.py
[2026-09-10T06:33:27.028+0000] {processor.py:830} INFO - Processing file /opt/airflow/dags/weekly_grocery_pipeline.py for tasks to queue
[2026-09-10T06:33:27.029+0000] {logging_mixin.py:188} INFO - [2026-09-10T06:33:27.029+0000] {dagbag.py:538} INFO - Filling up the DagBag from /opt/airflow/dags/weekly_grocery_pipeline.py
[2026-09-10T06:33:27.040+0000] {processor.py:840} INFO - DAG(s) 'weekly_grocery_pipeline' retrieved from /opt/airflow/dags/weekly_grocery_pipeline.py
[2026-09-10T06:33:27.059+0000] {logging_mixin.py:188} INFO - [2026-09-10T06:33:27.059+0000] {dag.py:3036} INFO - Sync 1 DAGs
[2026-09-10T06:33:27.069+0000] {logging_mixin.py:188} INFO - [2026-09-10T06:33:27.069+0000] {dag.py:3823} INFO - Setting next_dagrun for weekly_grocery_pipeline to 2026-09-06 00:00:00+00:00, run_after=2026-09-13 00:00:00+00:00
[2026-09-10T06:33:27.076+0000] {processor.py:183} INFO - Processing /opt/airflow/dags/weekly_grocery_pipeline.py took 0.052 seconds
[2026-09-10T06:33:57.439+0000] {processor.py:161} INFO - Started process (PID=769) to work on /opt/airflow/dags/weekly_grocery_pipeline.py
[2026-09-10T06:33:57.440+0000] {processor.py:830} INFO - Processing file /opt/airflow/dags/weekly_grocery_pipeline.py for tasks to queue
[2026-09-10T06:33:57.441+0000] {logging_mixin.py:188} INFO - [2026-09-10T06:33:57.440+0000] {dagbag.py:538} INFO - Filling up the DagBag from /opt/airflow/dags/weekly_grocery_pipeline.py
[2026-09-10T06:33:57.452+0000] {processor.py:840} INFO - DAG(s) 'weekly_grocery_pipeline' retrieved from /opt/airflow/dags/weekly_grocery_pipeline.py
[2026-09-10T06:33:57.471+0000] {logging_mixin.py:188} INFO - [2026-09-10T06:33:57.471+0000] {dag.py:3036} INFO - Sync 1 DAGs
[2026-09-10T06:33:57.481+0000] {logging_mixin.py:188} INFO - [2026-09-10T06:33:57.481+0000] {dag.py:3823} INFO - Setting next_dagrun for weekly_grocery_pipeline to 2026-09-06 00:00:00+00:00, run_after=2026-09-13 00:00:00+00:00
[2026-09-10T06:33:57.489+0000] {processor.py:183} INFO - Processing /opt/airflow/dags/weekly_grocery_pipeline.py took 0.053 seconds
[2026-09-10T06:34:27.817+0000] {processor.py:161} INFO - Started process (PID=774) to work on /opt/airflow/dags/weekly_grocery_pipeline.py
[2026-09-10T06:34:27.818+0000] {processor.py:830} INFO - Processing file /opt/airflow/dags/weekly_grocery_pipeline.py for tasks to queue
[2026-09-10T06:34:27.819+0000] {logging_mixin.py:188} INFO - [2026-09-10T06:34:27.818+0000] {dagbag.py:538} INFO - Filling up the DagBag from /opt/airflow/dags/weekly_grocery_pipeline.py
[2026-09-10T06:34:27.831+0000] {processor.py:840} INFO - DAG(s) 'weekly_grocery_pipeline' retrieved from /opt/airflow/dags/weekly_grocery_pipeline.py
[2026-09-10T06:34:27.850+0000] {logging_mixin.py:188} INFO - [2026-09-10T06:34:27.849+0000] {dag.py:3036} INFO - Sync 1 DAGs
[2026-09-10T06:34:27.861+0000] {logging_mixin.py:188} INFO - [2026-09-10T06:34:27.861+0000] {dag.py:3823} INFO - Setting next_dagrun for weekly_grocery_pipeline to 2026-09-06 00:00:00+00:00, run_after=2026-09-13 00:00:00+00:00
[2026-09-10T06:34:27.868+0000] {processor.py:183} INFO - Processing /opt/airflow/dags/weekly_grocery_pipeline.py took 0.054 seconds
[2026-09-10T06:34:58.060+0000] {processor.py:161} INFO - Started process (PID=779) to work on /opt/airflow/dags/weekly_grocery_pipeline.py
[2026-09-10T06:34:58.061+0000] {processor.py:830} INFO - Processing file /opt/airflow/dags/weekly_grocery_pipeline.py for tasks to queue
[2026-09-10T06:34:58.062+0000] {logging_mixin.py:188} INFO - [2026-09-10T06:34:58.061+0000] {dagbag.py:538} INFO - Filling up the DagBag from /opt/airflow/dags/weekly_grocery_pipeline.py
[2026-09-10T06:34:58.073+0000] {processor.py:840} INFO - DAG(s) 'weekly_grocery_pipeline' retrieved from /opt/airflow/dags/weekly_grocery_pipeline.py
[2026-09-10T06:34:58.091+0000] {logging_mixin.py:188} INFO - [2026-09-10T06:34:58.091+0000] {dag.py:3036} INFO - Sync 1 DAGs
[2026-09-10T06:34:58.101+0000] {logging_mixin.py:188} INFO - [2026-09-10T06:34:58.101+0000] {dag.py:3823} INFO - Setting next_dagrun for weekly_grocery_pipeline to 2026-09-06 00:00:00+00:00, run_after=2026-09-13 00:00:00+00:00
[2026-09-10T06:34:58.108+0000] {processor.py:183} INFO - Processing /opt/airflow/dags/weekly_grocery_pipeline.py took 0.052 seconds
[2026-09-10T06:35:28.353+0000] {processor.py:161} INFO - Started process (PID=784) to work on /opt/airflow/dags/weekly_grocery_pipeline.py
[2026-09-10T06:35:28.353+0000] {processor.py:830} INFO - Processing file /opt/airflow/dags/weekly_grocery_pipeline.py for tasks to queue
[2026-09-10T06:35:28.354+0000] {logging_mixin.py:188} INFO - [2026-09-10T06:35:28.354+0000] {dagbag.py:538} INFO - Filling up the DagBag from /opt/airflow/dags/weekly_grocery_pipeline.py
[2026-09-10T06:35:28.361+0000] {processor.py:840} INFO - DAG(s) 'weekly_grocery_pipeline' retrieved from /opt/airflow/dags/weekly_grocery_pipeline.py
[2026-09-10T06:35:28.376+0000] {logging_mixin.py:188} INFO - [2026-09-10T06:35:28.376+0000] {dag.py:3036} INFO - Sync 1 DAGs
[2026-09-10T06:35:28.385+0000] {logging_mixin.py:188} INFO - [2026-09-10T06:35:28.385+0000] {dag.py:3823} INFO - Setting next_dagrun for weekly_grocery_pipeline to 2026-09-06 00:00:00+00:00, run_after=2026-09-13 00:00:00+00:00
[2026-09-10T06:35:28.391+0000] {processor.py:183} INFO - Processing /opt/airflow/dags/weekly_grocery_pipeline.py took 0.040 seconds
[2026-09-10T06:35:58.725+0000] {processor.py:161} INFO - Started process (PID=789) to work on /opt/airflow/dags/weekly_grocery_pipeline.py
[2026-09-10T06:35:58.726+0000] {processor.py:830} INFO - Processing file /opt/airflow/dags/weekly_grocery_pipeline.py for tasks to queue
[2026-09-10T06:35:58.727+0000] {logging_mixin.py:188} INFO - [2026-09-10T06:35:58.727+0000] {dagbag.py:538} INFO - Filling up the DagBag from /opt/airflow/dags/weekly_grocery_pipeline.py
[2026-09-10T06:35:58.738+0000] {processor.py:840} INFO - DAG(s) 'weekly_grocery_pipeline' retrieved from /opt/airflow/dags/weekly_grocery_pipeline.py
[2026-09-10T06:35:58.756+0000] {logging_mixin.py:188} INFO - [2026-09-10T06:35:58.755+0000] {dag.py:3036} INFO - Sync 1 DAGs
[2026-09-10T06:35:58.766+0000] {logging_mixin.py:188} INFO - [2026-09-10T06:35:58.766+0000] {dag.py:3823} INFO - Setting next_dagrun for weekly_grocery_pipeline to 2026-09-06 00:00:00+00:00, run_after=2026-09-13 00:00:00+00:00
[2026-09-10T06:35:58.772+0000] {processor.py:183} INFO - Processing /opt/airflow/dags/weekly_grocery_pipeline.py took 0.050 seconds
[2026-09-10T06:36:29.029+0000] {processor.py:161} INFO - Started process (PID=794) to work on /opt/airflow/dags/weekly_grocery_pipeline.py
[2026-09-10T06:36:29.031+0000] {processor.py:830} INFO - Processing file /opt/airflow/dags/weekly_grocery_pipeline.py for tasks to queue
[2026-09-10T06:36:29.032+0000] {logging_mixin.py:188} INFO - [2026-09-10T06:36:29.032+0000] {dagbag.py:538} INFO - Filling up the DagBag from /opt/airflow/dags/weekly_grocery_pipeline.py
[2026-09-10T06:36:29.045+0000] {processor.py:840} INFO - DAG(s) 'weekly_grocery_pipeline' retrieved from /opt/airflow/dags/weekly_grocery_pipeline.py
[2026-09-10T06:36:29.061+0000] {logging_mixin.py:188} INFO - [2026-09-10T06:36:29.061+0000] {dag.py:3036} INFO - Sync 1 DAGs
[2026-09-10T06:36:29.071+0000] {logging_mixin.py:188} INFO - [2026-09-10T06:36:29.071+0000] {dag.py:3823} INFO - Setting next_dagrun for weekly_grocery_pipeline to 2026-09-06 00:00:00+00:00, run_after=2026-09-13 00:00:00+00:00
[2026-09-10T06:36:29.078+0000] {processor.py:183} INFO - Processing /opt/airflow/dags/weekly_grocery_pipeline.py took 0.055 seconds
[2026-09-10T06:36:59.415+0000] {processor.py:161} INFO - Started process (PID=799) to work on /opt/airflow/dags/weekly_grocery_pipeline.py
[2026-09-10T06:36:59.415+0000] {processor.py:830} INFO - Processing file /opt/airflow/dags/weekly_grocery_pipeline.py for tasks to queue
[2026-09-10T06:36:59.416+0000] {logging_mixin.py:188} INFO - [2026-09-10T06:36:59.416+0000] {dagbag.py:538} INFO - Filling up the DagBag from /opt/airflow/dags/weekly_grocery_pipeline.py
[2026-09-10T06:36:59.426+0000] {processor.py:840} INFO - DAG(s) 'weekly_grocery_pipeline' retrieved from /opt/airflow/dags/weekly_grocery_pipeline.py
[2026-09-10T06:36:59.443+0000] {logging_mixin.py:188} INFO - [2026-09-10T06:36:59.443+0000] {dag.py:3036} INFO - Sync 1 DAGs
[2026-09-10T06:36:59.453+0000] {logging_mixin.py:188} INFO - [2026-09-10T06:36:59.453+0000] {dag.py:3823} INFO - Setting next_dagrun for weekly_grocery_pipeline to 2026-09-06 00:00:00+00:00, run_after=2026-09-13 00:00:00+00:00
[2026-09-10T06:36:59.459+0000] {processor.py:183} INFO - Processing /opt/airflow/dags/weekly_grocery_pipeline.py took 0.048 seconds
[2026-09-10T06:37:29.795+0000] {processor.py:161} INFO - Started process (PID=804) to work on /opt/airflow/dags/weekly_grocery_pipeline.py
[2026-09-10T06:37:29.796+0000] {processor.py:830} INFO - Processing file /opt/airflow/dags/weekly_grocery_pipeline.py for tasks to queue
[2026-09-10T06:37:29.796+0000] {logging_mixin.py:188} INFO - [2026-09-10T06:37:29.796+0000] {dagbag.py:538} INFO - Filling up the DagBag from /opt/airflow/dags/weekly_grocery_pipeline.py
[2026-09-10T06:37:29.808+0000] {processor.py:840} INFO - DAG(s) 'weekly_grocery_pipeline' retrieved from /opt/airflow/dags/weekly_grocery_pipeline.py
[2026-09-10T06:37:29.827+0000] {logging_mixin.py:188} INFO - [2026-09-10T06:37:29.827+0000] {dag.py:3036} INFO - Sync 1 DAGs
[2026-09-10T06:37:29.838+0000] {logging_mixin.py:188} INFO - [2026-09-10T06:37:29.838+0000] {dag.py:3823} INFO - Setting next_dagrun for weekly_grocery_pipeline to 2026-09-06 00:00:00+00:00, run_after=2026-09-13 00:00:00+00:00
[2026-09-10T06:37:29.845+0000] {processor.py:183} INFO - Processing /opt/airflow/dags/weekly_grocery_pipeline.py took 0.054 seconds
[2026-09-10T06:38:00.201+0000] {processor.py:161} INFO - Started process (PID=809) to work on /opt/airflow/dags/weekly_grocery_pipeline.py
[2026-09-10T06:38:00.202+0000] {processor.py:830} INFO - Processing file /opt/airflow/dags/weekly_grocery_pipeline.py for tasks to queue
[2026-09-10T06:38:00.202+0000] {logging_mixin.py:188} INFO - [2026-09-10T06:38:00.202+0000] {dagbag.py:538} INFO - Filling up the DagBag from /opt/airflow/dags/weekly_grocery_pipeline.py
[2026-09-10T06:38:00.213+0000] {processor.py:840} INFO - DAG(s) 'weekly_grocery_pipeline' retrieved from /opt/airflow/dags/weekly_grocery_pipeline.py
[2026-09-10T06:38:00.231+0000] {logging_mixin.py:188} INFO - [2026-09-10T06:38:00.231+0000] {dag.py:3036} INFO - Sync 1 DAGs
[2026-09-10T06:38:00.241+0000] {logging_mixin.py:188} INFO - [2026-09-10T06:38:00.241+0000] {dag.py:3823} INFO - Setting next_dagrun for weekly_grocery_pipeline to 2026-09-06 00:00:00+00:00, run_after=2026-09-13 00:00:00+00:00
[2026-09-10T06:38:00.248+0000] {processor.py:183} INFO - Processing /opt/airflow/dags/weekly_grocery_pipeline.py took 0.050 seconds
[2026-09-10T06:38:30.579+0000] {processor.py:161} INFO - Started process (PID=814) to work on /opt/airflow/dags/weekly_grocery_pipeline.py
[2026-09-10T06:38:30.580+0000] {processor.py:830} INFO - Processing file /opt/airflow/dags/weekly_grocery_pipeline.py for tasks to queue
[2026-09-10T06:38:30.581+0000] {logging_mixin.py:188} INFO - [2026-09-10T06:38:30.581+0000] {dagbag.py:538} INFO - Filling up the DagBag from /opt/airflow/dags/weekly_grocery_pipeline.py
[2026-09-10T06:38:30.593+0000] {processor.py:840} INFO - DAG(s) 'weekly_grocery_pipeline' retrieved from /opt/airflow/dags/weekly_grocery_pipeline.py
[2026-09-10T06:38:30.611+0000] {logging_mixin.py:188} INFO - [2026-09-10T06:38:30.611+0000] {dag.py:3036} INFO - Sync 1 DAGs
[2026-09-10T06:38:30.622+0000] {logging_mixin.py:188} INFO - [2026-09-10T06:38:30.622+0000] {dag.py:3823} INFO - Setting next_dagrun for weekly_grocery_pipeline to 2026-09-06 00:00:00+00:00, run_after=2026-09-13 00:00:00+00:00
[2026-09-10T06:38:30.628+0000] {processor.py:183} INFO - Processing /opt/airflow/dags/weekly_grocery_pipeline.py took 0.052 seconds
[2026-09-10T06:39:00.980+0000] {processor.py:161} INFO - Started process (PID=819) to work on /opt/airflow/dags/weekly_grocery_pipeline.py
[2026-09-10T06:39:00.981+0000] {processor.py:830} INFO - Processing file /opt/airflow/dags/weekly_grocery_pipeline.py for tasks to queue
[2026-09-10T06:39:00.982+0000] {logging_mixin.py:188} INFO - [2026-09-10T06:39:00.982+0000] {dagbag.py:538} INFO - Filling up the DagBag from /opt/airflow/dags/weekly_grocery_pipeline.py
[2026-09-10T06:39:00.993+0000] {processor.py:840} INFO - DAG(s) 'weekly_grocery_pipeline' retrieved from /opt/airflow/dags/weekly_grocery_pipeline.py
[2026-09-10T06:39:01.012+0000] {logging_mixin.py:188} INFO - [2026-09-10T06:39:01.012+0000] {dag.py:3036} INFO - Sync 1 DAGs
[2026-09-10T06:39:01.024+0000] {logging_mixin.py:188} INFO - [2026-09-10T06:39:01.024+0000] {dag.py:3823} INFO - Setting next_dagrun for weekly_grocery_pipeline to 2026-09-06 00:00:00+00:00, run_after=2026-09-13 00:00:00+00:00
[2026-09-10T06:39:01.030+0000] {processor.py:183} INFO - Processing /opt/airflow/dags/weekly_grocery_pipeline.py took 0.053 seconds
[2026-09-10T06:39:31.323+0000] {processor.py:161} INFO - Started process (PID=824) to work on /opt/airflow/dags/weekly_grocery_pipeline.py
[2026-09-10T06:39:31.324+0000] {processor.py:830} INFO - Processing file /opt/airflow/dags/weekly_grocery_pipeline.py for tasks to queue
[2026-09-10T06:39:31.325+0000] {logging_mixin.py:188} INFO - [2026-09-10T06:39:31.325+0000] {dagbag.py:538} INFO - Filling up the DagBag from /opt/airflow/dags/weekly_grocery_pipeline.py
[2026-09-10T06:39:31.337+0000] {processor.py:840} INFO - DAG(s) 'weekly_grocery_pipeline' retrieved from /opt/airflow/dags/weekly_grocery_pipeline.py
[2026-09-10T06:39:31.356+0000] {logging_mixin.py:188} INFO - [2026-09-10T06:39:31.356+0000] {dag.py:3036} INFO - Sync 1 DAGs
[2026-09-10T06:39:31.367+0000] {logging_mixin.py:188} INFO - [2026-09-10T06:39:31.367+0000] {dag.py:3823} INFO - Setting next_dagrun for weekly_grocery_pipeline to 2026-09-06 00:00:00+00:00, run_after=2026-09-13 00:00:00+00:00
[2026-09-10T06:39:31.374+0000] {processor.py:183} INFO - Processing /opt/airflow/dags/weekly_grocery_pipeline.py took 0.054 seconds
[2026-09-10T06:40:01.643+0000] {processor.py:161} INFO - Started process (PID=829) to work on /opt/airflow/dags/weekly_grocery_pipeline.py
[2026-09-10T06:40:01.644+0000] {processor.py:830} INFO - Processing file /opt/airflow/dags/weekly_grocery_pipeline.py for tasks to queue
[2026-09-10T06:40:01.645+0000] {logging_mixin.py:188} INFO - [2026-09-10T06:40:01.645+0000] {dagbag.py:538} INFO - Filling up the DagBag from /opt/airflow/dags/weekly_grocery_pipeline.py
[2026-09-10T06:40:01.656+0000] {processor.py:840} INFO - DAG(s) 'weekly_grocery_pipeline' retrieved from /opt/airflow/dags/weekly_grocery_pipeline.py
[2026-09-10T06:40:01.675+0000] {logging_mixin.py:188} INFO - [2026-09-10T06:40:01.674+0000] {dag.py:3036} INFO - Sync 1 DAGs
[2026-09-10T06:40:01.685+0000] {logging_mixin.py:188} INFO - [2026-09-10T06:40:01.685+0000] {dag.py:3823} INFO - Setting next_dagrun for weekly_grocery_pipeline to 2026-09-06 00:00:00+00:00, run_after=2026-09-13 00:00:00+00:00
[2026-09-10T06:40:01.692+0000] {processor.py:183} INFO - Processing /opt/airflow/dags/weekly_grocery_pipeline.py took 0.052 seconds
[2026-09-10T06:40:31.941+0000] {processor.py:161} INFO - Started process (PID=834) to work on /opt/airflow/dags/weekly_grocery_pipeline.py
[2026-09-10T06:40:31.944+0000] {processor.py:830} INFO - Processing file /opt/airflow/dags/weekly_grocery_pipeline.py for tasks to queue
[2026-09-10T06:40:31.946+0000] {logging_mixin.py:188} INFO - [2026-09-10T06:40:31.945+0000] {dagbag.py:538} INFO - Filling up the DagBag from /opt/airflow/dags/weekly_grocery_pipeline.py
[2026-09-10T06:40:31.963+0000] {processor.py:840} INFO - DAG(s) 'weekly_grocery_pipeline' retrieved from /opt/airflow/dags/weekly_grocery_pipeline.py
[2026-09-10T06:40:31.982+0000] {logging_mixin.py:188} INFO - [2026-09-10T06:40:31.982+0000] {dag.py:3036} INFO - Sync 1 DAGs
[2026-09-10T06:40:31.992+0000] {logging_mixin.py:188} INFO - [2026-09-10T06:40:31.992+0000] {dag.py:3823} INFO - Setting next_dagrun for weekly_grocery_pipeline to 2026-09-06 00:00:00+00:00, run_after=2026-09-13 00:00:00+00:00
[2026-09-10T06:40:31.999+0000] {processor.py:183} INFO - Processing /opt/airflow/dags/weekly_grocery_pipeline.py took 0.064 seconds
[2026-09-10T06:41:02.290+0000] {processor.py:161} INFO - Started process (PID=839) to work on /opt/airflow/dags/weekly_grocery_pipeline.py
[2026-09-10T06:41:02.291+0000] {processor.py:830} INFO - Processing file /opt/airflow/dags/weekly_grocery_pipeline.py for tasks to queue
[2026-09-10T06:41:02.292+0000] {logging_mixin.py:188} INFO - [2026-09-10T06:41:02.292+0000] {dagbag.py:538} INFO - Filling up the DagBag from /opt/airflow/dags/weekly_grocery_pipeline.py
[2026-09-10T06:41:02.302+0000] {processor.py:840} INFO - DAG(s) 'weekly_grocery_pipeline' retrieved from /opt/airflow/dags/weekly_grocery_pipeline.py
[2026-09-10T06:41:02.320+0000] {logging_mixin.py:188} INFO - [2026-09-10T06:41:02.320+0000] {dag.py:3036} INFO - Sync 1 DAGs
[2026-09-10T06:41:02.330+0000] {logging_mixin.py:188} INFO - [2026-09-10T06:41:02.330+0000] {dag.py:3823} INFO - Setting next_dagrun for weekly_grocery_pipeline to 2026-09-06 00:00:00+00:00, run_after=2026-09-13 00:00:00+00:00
[2026-09-10T06:41:02.336+0000] {processor.py:183} INFO - Processing /opt/airflow/dags/weekly_grocery_pipeline.py took 0.049 seconds
[2026-09-10T06:41:32.685+0000] {processor.py:161} INFO - Started process (PID=844) to work on /opt/airflow/dags/weekly_grocery_pipeline.py
[2026-09-10T06:41:32.687+0000] {processor.py:830} INFO - Processing file /opt/airflow/dags/weekly_grocery_pipeline.py for tasks to queue
[2026-09-10T06:41:32.687+0000] {logging_mixin.py:188} INFO - [2026-09-10T06:41:32.687+0000] {dagbag.py:538} INFO - Filling up the DagBag from /opt/airflow/dags/weekly_grocery_pipeline.py
[2026-09-10T06:41:32.699+0000] {processor.py:840} INFO - DAG(s) 'weekly_grocery_pipeline' retrieved from /opt/airflow/dags/weekly_grocery_pipeline.py
[2026-09-10T06:41:32.718+0000] {logging_mixin.py:188} INFO - [2026-09-10T06:41:32.718+0000] {dag.py:3036} INFO - Sync 1 DAGs
[2026-09-10T06:41:32.728+0000] {logging_mixin.py:188} INFO - [2026-09-10T06:41:32.728+0000] {dag.py:3823} INFO - Setting next_dagrun for weekly_grocery_pipeline to 2026-09-06 00:00:00+00:00, run_after=2026-09-13 00:00:00+00:00
[2026-09-10T06:41:32.735+0000] {processor.py:183} INFO - Processing /opt/airflow/dags/weekly_grocery_pipeline.py took 0.053 seconds
[2026-09-10T06:42:03.086+0000] {processor.py:161} INFO - Started process (PID=849) to work on /opt/airflow/dags/weekly_grocery_pipeline.py
[2026-09-10T06:42:03.086+0000] {processor.py:830} INFO - Processing file /opt/airflow/dags/weekly_grocery_pipeline.py for tasks to queue
[2026-09-10T06:42:03.087+0000] {logging_mixin.py:188} INFO - [2026-09-10T06:42:03.087+0000] {dagbag.py:538} INFO - Filling up the DagBag from /opt/airflow/dags/weekly_grocery_pipeline.py
[2026-09-10T06:42:03.098+0000] {processor.py:840} INFO - DAG(s) 'weekly_grocery_pipeline' retrieved from /opt/airflow/dags/weekly_grocery_pipeline.py
[2026-09-10T06:42:03.117+0000] {logging_mixin.py:188} INFO - [2026-09-10T06:42:03.116+0000] {dag.py:3036} INFO - Sync 1 DAGs
[2026-09-10T06:42:03.127+0000] {logging_mixin.py:188} INFO - [2026-09-10T06:42:03.127+0000] {dag.py:3823} INFO - Setting next_dagrun for weekly_grocery_pipeline to 2026-09-06 00:00:00+00:00, run_after=2026-09-13 00:00:00+00:00
[2026-09-10T06:42:03.134+0000] {processor.py:183} INFO - Processing /opt/airflow/dags/weekly_grocery_pipeline.py took 0.051 seconds
[2026-09-10T06:42:33.439+0000] {processor.py:161} INFO - Started process (PID=854) to work on /opt/airflow/dags/weekly_grocery_pipeline.py
[2026-09-10T06:42:33.440+0000] {processor.py:830} INFO - Processing file /opt/airflow/dags/weekly_grocery_pipeline.py for tasks to queue
[2026-09-10T06:42:33.440+0000] {logging_mixin.py:188} INFO - [2026-09-10T06:42:33.440+0000] {dagbag.py:538} INFO - Filling up the DagBag from /opt/airflow/dags/weekly_grocery_pipeline.py
[2026-09-10T06:42:33.453+0000] {processor.py:840} INFO - DAG(s) 'weekly_grocery_pipeline' retrieved from /opt/airflow/dags/weekly_grocery_pipeline.py
[2026-09-10T06:42:33.475+0000] {logging_mixin.py:188} INFO - [2026-09-10T06:42:33.474+0000] {dag.py:3036} INFO - Sync 1 DAGs
[2026-09-10T06:42:33.487+0000] {logging_mixin.py:188} INFO - [2026-09-10T06:42:33.487+0000] {dag.py:3823} INFO - Setting next_dagrun for weekly_grocery_pipeline to 2026-09-06 00:00:00+00:00, run_after=2026-09-13 00:00:00+00:00
[2026-09-10T06:42:33.494+0000] {processor.py:183} INFO - Processing /opt/airflow/dags/weekly_grocery_pipeline.py took 0.060 seconds
[2026-09-10T06:43:03.794+0000] {processor.py:161} INFO - Started process (PID=859) to work on /opt/airflow/dags/weekly_grocery_pipeline.py
[2026-09-10T06:43:03.795+0000] {processor.py:830} INFO - Processing file /opt/airflow/dags/weekly_grocery_pipeline.py for tasks to queue
[2026-09-10T06:43:03.796+0000] {logging_mixin.py:188} INFO - [2026-09-10T06:43:03.796+0000] {dagbag.py:538} INFO - Filling up the DagBag from /opt/airflow/dags/weekly_grocery_pipeline.py
[2026-09-10T06:43:03.808+0000] {processor.py:840} INFO - DAG(s) 'weekly_grocery_pipeline' retrieved from /opt/airflow/dags/weekly_grocery_pipeline.py
[2026-09-10T06:43:03.827+0000] {logging_mixin.py:188} INFO - [2026-09-10T06:43:03.827+0000] {dag.py:3036} INFO - Sync 1 DAGs
[2026-09-10T06:43:03.838+0000] {logging_mixin.py:188} INFO - [2026-09-10T06:43:03.838+0000] {dag.py:3823} INFO - Setting next_dagrun for weekly_grocery_pipeline to 2026-09-06 00:00:00+00:00, run_after=2026-09-13 00:00:00+00:00
[2026-09-10T06:43:03.844+0000] {processor.py:183} INFO - Processing /opt/airflow/dags/weekly_grocery_pipeline.py took 0.054 seconds
[2026-09-10T06:43:34.180+0000] {processor.py:161} INFO - Started process (PID=864) to work on /opt/airflow/dags/weekly_grocery_pipeline.py
[2026-09-10T06:43:34.181+0000] {processor.py:830} INFO - Processing file /opt/airflow/dags/weekly_grocery_pipeline.py for tasks to queue
[2026-09-10T06:43:34.181+0000] {logging_mixin.py:188} INFO - [2026-09-10T06:43:34.181+0000] {dagbag.py:538} INFO - Filling up the DagBag from /opt/airflow/dags/weekly_grocery_pipeline.py
[2026-09-10T06:43:34.193+0000] {processor.py:840} INFO - DAG(s) 'weekly_grocery_pipeline' retrieved from /opt/airflow/dags/weekly_grocery_pipeline.py
[2026-09-10T06:43:34.213+0000] {logging_mixin.py:188} INFO - [2026-09-10T06:43:34.213+0000] {dag.py:3036} INFO - Sync 1 DAGs
[2026-09-10T06:43:34.224+0000] {logging_mixin.py:188} INFO - [2026-09-10T06:43:34.224+0000] {dag.py:3823} INFO - Setting next_dagrun for weekly_grocery_pipeline to 2026-09-06 00:00:00+00:00, run_after=2026-09-13 00:00:00+00:00
[2026-09-10T06:43:34.231+0000] {processor.py:183} INFO - Processing /opt/airflow/dags/weekly_grocery_pipeline.py took 0.054 seconds
[2026-09-10T06:44:04.467+0000] {processor.py:161} INFO - Started process (PID=869) to work on /opt/airflow/dags/weekly_grocery_pipeline.py
[2026-09-10T06:44:04.468+0000] {processor.py:830} INFO - Processing file /opt/airflow/dags/weekly_grocery_pipeline.py for tasks to queue
[2026-09-10T06:44:04.469+0000] {logging_mixin.py:188} INFO - [2026-09-10T06:44:04.469+0000] {dagbag.py:538} INFO - Filling up the DagBag from /opt/airflow/dags/weekly_grocery_pipeline.py
[2026-09-10T06:44:04.479+0000] {processor.py:840} INFO - DAG(s) 'weekly_grocery_pipeline' retrieved from /opt/airflow/dags/weekly_grocery_pipeline.py
[2026-09-10T06:44:04.497+0000] {logging_mixin.py:188} INFO - [2026-09-10T06:44:04.497+0000] {dag.py:3036} INFO - Sync 1 DAGs
[2026-09-10T06:44:04.507+0000] {logging_mixin.py:188} INFO - [2026-09-10T06:44:04.507+0000] {dag.py:3823} INFO - Setting next_dagrun for weekly_grocery_pipeline to 2026-09-06 00:00:00+00:00, run_after=2026-09-13 00:00:00+00:00
[2026-09-10T06:44:04.513+0000] {processor.py:183} INFO - Processing /opt/airflow/dags/weekly_grocery_pipeline.py took 0.048 seconds
[2026-09-10T06:44:34.830+0000] {processor.py:161} INFO - Started process (PID=874) to work on /opt/airflow/dags/weekly_grocery_pipeline.py
[2026-09-10T06:44:34.831+0000] {processor.py:830} INFO - Processing file /opt/airflow/dags/weekly_grocery_pipeline.py for tasks to queue
[2026-09-10T06:44:34.831+0000] {logging_mixin.py:188} INFO - [2026-09-10T06:44:34.831+0000] {dagbag.py:538} INFO - Filling up the DagBag from /opt/airflow/dags/weekly_grocery_pipeline.py
[2026-09-10T06:44:34.843+0000] {processor.py:840} INFO - DAG(s) 'weekly_grocery_pipeline' retrieved from /opt/airflow/dags/weekly_grocery_pipeline.py
[2026-09-10T06:44:34.862+0000] {logging_mixin.py:188} INFO - [2026-09-10T06:44:34.862+0000] {dag.py:3036} INFO - Sync 1 DAGs
[2026-09-10T06:44:34.873+0000] {logging_mixin.py:188} INFO - [2026-09-10T06:44:34.873+0000] {dag.py:3823} INFO - Setting next_dagrun for weekly_grocery_pipeline to 2026-09-06 00:00:00+00:00, run_after=2026-09-13 00:00:00+00:00
[2026-09-10T06:44:34.882+0000] {processor.py:183} INFO - Processing /opt/airflow/dags/weekly_grocery_pipeline.py took 0.056 seconds
[2026-09-10T06:45:05.230+0000] {processor.py:161} INFO - Started process (PID=879) to work on /opt/airflow/dags/weekly_grocery_pipeline.py
[2026-09-10T06:45:05.231+0000] {processor.py:830} INFO - Processing file /opt/airflow/dags/weekly_grocery_pipeline.py for tasks to queue
[2026-09-10T06:45:05.231+0000] {logging_mixin.py:188} INFO - [2026-09-10T06:45:05.231+0000] {dagbag.py:538} INFO - Filling up the DagBag from /opt/airflow/dags/weekly_grocery_pipeline.py
[2026-09-10T06:45:05.243+0000] {processor.py:840} INFO - DAG(s) 'weekly_grocery_pipeline' retrieved from /opt/airflow/dags/weekly_grocery_pipeline.py
[2026-09-10T06:45:05.262+0000] {logging_mixin.py:188} INFO - [2026-09-10T06:45:05.262+0000] {dag.py:3036} INFO - Sync 1 DAGs
[2026-09-10T06:45:05.272+0000] {logging_mixin.py:188} INFO - [2026-09-10T06:45:05.272+0000] {dag.py:3823} INFO - Setting next_dagrun for weekly_grocery_pipeline to 2026-09-06 00:00:00+00:00, run_after=2026-09-13 00:00:00+00:00
[2026-09-10T06:45:05.279+0000] {processor.py:183} INFO - Processing /opt/airflow/dags/weekly_grocery_pipeline.py took 0.053 seconds
[2026-09-10T06:45:35.570+0000] {processor.py:161} INFO - Started process (PID=884) to work on /opt/airflow/dags/weekly_grocery_pipeline.py
[2026-09-10T06:45:35.572+0000] {processor.py:830} INFO - Processing file /opt/airflow/dags/weekly_grocery_pipeline.py for tasks to queue
[2026-09-10T06:45:35.572+0000] {logging_mixin.py:188} INFO - [2026-09-10T06:45:35.572+0000] {dagbag.py:538} INFO - Filling up the DagBag from /opt/airflow/dags/weekly_grocery_pipeline.py
[2026-09-10T06:45:35.584+0000] {processor.py:840} INFO - DAG(s) 'weekly_grocery_pipeline' retrieved from /opt/airflow/dags/weekly_grocery_pipeline.py
[2026-09-10T06:45:35.601+0000] {logging_mixin.py:188} INFO - [2026-09-10T06:45:35.601+0000] {dag.py:3036} INFO - Sync 1 DAGs
[2026-09-10T06:45:35.612+0000] {logging_mixin.py:188} INFO - [2026-09-10T06:45:35.612+0000] {dag.py:3823} INFO - Setting next_dagrun for weekly_grocery_pipeline to 2026-09-06 00:00:00+00:00, run_after=2026-09-13 00:00:00+00:00
[2026-09-10T06:45:35.618+0000] {processor.py:183} INFO - Processing /opt/airflow/dags/weekly_grocery_pipeline.py took 0.051 seconds
[2026-09-10T06:46:05.933+0000] {processor.py:161} INFO - Started process (PID=889) to work on /opt/airflow/dags/weekly_grocery_pipeline.py
[2026-09-10T06:46:05.934+0000] {processor.py:830} INFO - Processing file /opt/airflow/dags/weekly_grocery_pipeline.py for tasks to queue
[2026-09-10T06:46:05.934+0000] {logging_mixin.py:188} INFO - [2026-09-10T06:46:05.934+0000] {dagbag.py:538} INFO - Filling up the DagBag from /opt/airflow/dags/weekly_grocery_pipeline.py
[2026-09-10T06:46:05.946+0000] {processor.py:840} INFO - DAG(s) 'weekly_grocery_pipeline' retrieved from /opt/airflow/dags/weekly_grocery_pipeline.py
[2026-09-10T06:46:05.965+0000] {logging_mixin.py:188} INFO - [2026-09-10T06:46:05.965+0000] {dag.py:3036} INFO - Sync 1 DAGs
[2026-09-10T06:46:05.976+0000] {logging_mixin.py:188} INFO - [2026-09-10T06:46:05.976+0000] {dag.py:3823} INFO - Setting next_dagrun for weekly_grocery_pipeline to 2026-09-06 00:00:00+00:00, run_after=2026-09-13 00:00:00+00:00
[2026-09-10T06:46:05.983+0000] {processor.py:183} INFO - Processing /opt/airflow/dags/weekly_grocery_pipeline.py took 0.054 seconds
[2026-09-10T06:46:36.306+0000] {processor.py:161} INFO - Started process (PID=894) to work on /opt/airflow/dags/weekly_grocery_pipeline.py
[2026-09-10T06:46:36.307+0000] {processor.py:830} INFO - Processing file /opt/airflow/dags/weekly_grocery_pipeline.py for tasks to queue
[2026-09-10T06:46:36.308+0000] {logging_mixin.py:188} INFO - [2026-09-10T06:46:36.307+0000] {dagbag.py:538} INFO - Filling up the DagBag from /opt/airflow/dags/weekly_grocery_pipeline.py
[2026-09-10T06:46:36.319+0000] {processor.py:840} INFO - DAG(s) 'weekly_grocery_pipeline' retrieved from /opt/airflow/dags/weekly_grocery_pipeline.py
[2026-09-10T06:46:36.337+0000] {logging_mixin.py:188} INFO - [2026-09-10T06:46:36.337+0000] {dag.py:3036} INFO - Sync 1 DAGs
[2026-09-10T06:46:36.348+0000] {logging_mixin.py:188} INFO - [2026-09-10T06:46:36.348+0000] {dag.py:3823} INFO - Setting next_dagrun for weekly_grocery_pipeline to 2026-09-06 00:00:00+00:00, run_after=2026-09-13 00:00:00+00:00
[2026-09-10T06:46:36.355+0000] {processor.py:183} INFO - Processing /opt/airflow/dags/weekly_grocery_pipeline.py took 0.052 seconds
[2026-09-10T06:47:06.660+0000] {processor.py:161} INFO - Started process (PID=899) to work on /opt/airflow/dags/weekly_grocery_pipeline.py
[2026-09-10T06:47:06.661+0000] {processor.py:830} INFO - Processing file /opt/airflow/dags/weekly_grocery_pipeline.py for tasks to queue
[2026-09-10T06:47:06.662+0000] {logging_mixin.py:188} INFO - [2026-09-10T06:47:06.661+0000] {dagbag.py:538} INFO - Filling up the DagBag from /opt/airflow/dags/weekly_grocery_pipeline.py
[2026-09-10T06:47:06.673+0000] {processor.py:840} INFO - DAG(s) 'weekly_grocery_pipeline' retrieved from /opt/airflow/dags/weekly_grocery_pipeline.py
[2026-09-10T06:47:06.692+0000] {logging_mixin.py:188} INFO - [2026-09-10T06:47:06.692+0000] {dag.py:3036} INFO - Sync 1 DAGs
[2026-09-10T06:47:06.702+0000] {logging_mixin.py:188} INFO - [2026-09-10T06:47:06.702+0000] {dag.py:3823} INFO - Setting next_dagrun for weekly_grocery_pipeline to 2026-09-06 00:00:00+00:00, run_after=2026-09-13 00:00:00+00:00
[2026-09-10T06:47:06.709+0000] {processor.py:183} INFO - Processing /opt/airflow/dags/weekly_grocery_pipeline.py took 0.052 seconds
[2026-09-10T06:47:37.025+0000] {processor.py:161} INFO - Started process (PID=904) to work on /opt/airflow/dags/weekly_grocery_pipeline.py
[2026-09-10T06:47:37.025+0000] {processor.py:830} INFO - Processing file /opt/airflow/dags/weekly_grocery_pipeline.py for tasks to queue
[2026-09-10T06:47:37.026+0000] {logging_mixin.py:188} INFO - [2026-09-10T06:47:37.026+0000] {dagbag.py:538} INFO - Filling up the DagBag from /opt/airflow/dags/weekly_grocery_pipeline.py
[2026-09-10T06:47:37.038+0000] {processor.py:840} INFO - DAG(s) 'weekly_grocery_pipeline' retrieved from /opt/airflow/dags/weekly_grocery_pipeline.py
[2026-09-10T06:47:37.058+0000] {logging_mixin.py:188} INFO - [2026-09-10T06:47:37.058+0000] {dag.py:3036} INFO - Sync 1 DAGs
[2026-09-10T06:47:37.070+0000] {logging_mixin.py:188} INFO - [2026-09-10T06:47:37.070+0000] {dag.py:3823} INFO - Setting next_dagrun for weekly_grocery_pipeline to 2026-09-06 00:00:00+00:00, run_after=2026-09-13 00:00:00+00:00
[2026-09-10T06:47:37.077+0000] {processor.py:183} INFO - Processing /opt/airflow/dags/weekly_grocery_pipeline.py took 0.056 seconds
[2026-09-10T06:48:07.352+0000] {processor.py:161} INFO - Started process (PID=909) to work on /opt/airflow/dags/weekly_grocery_pipeline.py
[2026-09-10T06:48:07.353+0000] {processor.py:830} INFO - Processing file /opt/airflow/dags/weekly_grocery_pipeline.py for tasks to queue
[2026-09-10T06:48:07.354+0000] {logging_mixin.py:188} INFO - [2026-09-10T06:48:07.354+0000] {dagbag.py:538} INFO - Filling up the DagBag from /opt/airflow/dags/weekly_grocery_pipeline.py
[2026-09-10T06:48:07.365+0000] {processor.py:840} INFO - DAG(s) 'weekly_grocery_pipeline' retrieved from /opt/airflow/dags/weekly_grocery_pipeline.py
[2026-09-10T06:48:07.383+0000] {logging_mixin.py:188} INFO - [2026-09-10T06:48:07.383+0000] {dag.py:3036} INFO - Sync 1 DAGs
[2026-09-10T06:48:07.394+0000] {logging_mixin.py:188} INFO - [2026-09-10T06:48:07.394+0000] {dag.py:3823} INFO - Setting next_dagrun for weekly_grocery_pipeline to 2026-09-06 00:00:00+00:00, run_after=2026-09-13 00:00:00+00:00
[2026-09-10T06:48:07.403+0000] {processor.py:183} INFO - Processing /opt/airflow/dags/weekly_grocery_pipeline.py took 0.053 seconds
[2026-09-10T06:48:37.706+0000] {processor.py:161} INFO - Started process (PID=914) to work on /opt/airflow/dags/weekly_grocery_pipeline.py
[2026-09-10T06:48:37.707+0000] {processor.py:830} INFO - Processing file /opt/airflow/dags/weekly_grocery_pipeline.py for tasks to queue
[2026-09-10T06:48:37.708+0000] {logging_mixin.py:188} INFO - [2026-09-10T06:48:37.707+0000] {dagbag.py:538} INFO - Filling up the DagBag from /opt/airflow/dags/weekly_grocery_pipeline.py
[2026-09-10T06:48:37.720+0000] {processor.py:840} INFO - DAG(s) 'weekly_grocery_pipeline' retrieved from /opt/airflow/dags/weekly_grocery_pipeline.py
[2026-09-10T06:48:37.739+0000] {logging_mixin.py:188} INFO - [2026-09-10T06:48:37.739+0000] {dag.py:3036} INFO - Sync 1 DAGs
[2026-09-10T06:48:37.750+0000] {logging_mixin.py:188} INFO - [2026-09-10T06:48:37.750+0000] {dag.py:3823} INFO - Setting next_dagrun for weekly_grocery_pipeline to 2026-09-06 00:00:00+00:00, run_after=2026-09-13 00:00:00+00:00
[2026-09-10T06:48:37.757+0000] {processor.py:183} INFO - Processing /opt/airflow/dags/weekly_grocery_pipeline.py took 0.054 seconds
[2026-09-10T06:49:08.107+0000] {processor.py:161} INFO - Started process (PID=919) to work on /opt/airflow/dags/weekly_grocery_pipeline.py
[2026-09-10T06:49:08.108+0000] {processor.py:830} INFO - Processing file /opt/airflow/dags/weekly_grocery_pipeline.py for tasks to queue
[2026-09-10T06:49:08.109+0000] {logging_mixin.py:188} INFO - [2026-09-10T06:49:08.109+0000] {dagbag.py:538} INFO - Filling up the DagBag from /opt/airflow/dags/weekly_grocery_pipeline.py
[2026-09-10T06:49:08.120+0000] {processor.py:840} INFO - DAG(s) 'weekly_grocery_pipeline' retrieved from /opt/airflow/dags/weekly_grocery_pipeline.py
[2026-09-10T06:49:08.139+0000] {logging_mixin.py:188} INFO - [2026-09-10T06:49:08.139+0000] {dag.py:3036} INFO - Sync 1 DAGs
[2026-09-10T06:49:08.149+0000] {logging_mixin.py:188} INFO - [2026-09-10T06:49:08.149+0000] {dag.py:3823} INFO - Setting next_dagrun for weekly_grocery_pipeline to 2026-09-06 00:00:00+00:00, run_after=2026-09-13 00:00:00+00:00
[2026-09-10T06:49:08.156+0000] {processor.py:183} INFO - Processing /opt/airflow/dags/weekly_grocery_pipeline.py took 0.052 seconds
[2026-09-10T06:49:38.455+0000] {processor.py:161} INFO - Started process (PID=924) to work on /opt/airflow/dags/weekly_grocery_pipeline.py
[2026-09-10T06:49:38.456+0000] {processor.py:830} INFO - Processing file /opt/airflow/dags/weekly_grocery_pipeline.py for tasks to queue
[2026-09-10T06:49:38.456+0000] {logging_mixin.py:188} INFO - [2026-09-10T06:49:38.456+0000] {dagbag.py:538} INFO - Filling up the DagBag from /opt/airflow/dags/weekly_grocery_pipeline.py
[2026-09-10T06:49:38.465+0000] {processor.py:840} INFO - DAG(s) 'weekly_grocery_pipeline' retrieved from /opt/airflow/dags/weekly_grocery_pipeline.py
[2026-09-10T06:49:38.479+0000] {logging_mixin.py:188} INFO - [2026-09-10T06:49:38.479+0000] {dag.py:3036} INFO - Sync 1 DAGs
[2026-09-10T06:49:38.488+0000] {logging_mixin.py:188} INFO - [2026-09-10T06:49:38.488+0000] {dag.py:3823} INFO - Setting next_dagrun for weekly_grocery_pipeline to 2026-09-06 00:00:00+00:00, run_after=2026-09-13 00:00:00+00:00
[2026-09-10T06:49:38.496+0000] {processor.py:183} INFO - Processing /opt/airflow/dags/weekly_grocery_pipeline.py took 0.043 seconds
[2026-09-10T06:50:08.893+0000] {processor.py:161} INFO - Started process (PID=929) to work on /opt/airflow/dags/weekly_grocery_pipeline.py
[2026-09-10T06:50:08.900+0000] {processor.py:830} INFO - Processing file /opt/airflow/dags/weekly_grocery_pipeline.py for tasks to queue
[2026-09-10T06:50:08.901+0000] {logging_mixin.py:188} INFO - [2026-09-10T06:50:08.901+0000] {dagbag.py:538} INFO - Filling up the DagBag from /opt/airflow/dags/weekly_grocery_pipeline.py
[2026-09-10T06:50:08.926+0000] {processor.py:840} INFO - DAG(s) 'weekly_grocery_pipeline' retrieved from /opt/airflow/dags/weekly_grocery_pipeline.py
[2026-09-10T06:50:08.954+0000] {logging_mixin.py:188} INFO - [2026-09-10T06:50:08.954+0000] {dag.py:3036} INFO - Sync 1 DAGs
[2026-09-10T06:50:08.967+0000] {logging_mixin.py:188} INFO - [2026-09-10T06:50:08.967+0000] {dag.py:3823} INFO - Setting next_dagrun for weekly_grocery_pipeline to 2026-09-06 00:00:00+00:00, run_after=2026-09-13 00:00:00+00:00
[2026-09-10T06:50:08.974+0000] {processor.py:183} INFO - Processing /opt/airflow/dags/weekly_grocery_pipeline.py took 0.088 seconds
[2026-09-10T06:50:39.283+0000] {processor.py:161} INFO - Started process (PID=934) to work on /opt/airflow/dags/weekly_grocery_pipeline.py
[2026-09-10T06:50:39.284+0000] {processor.py:830} INFO - Processing file /opt/airflow/dags/weekly_grocery_pipeline.py for tasks to queue
[2026-09-10T06:50:39.285+0000] {logging_mixin.py:188} INFO - [2026-09-10T06:50:39.285+0000] {dagbag.py:538} INFO - Filling up the DagBag from /opt/airflow/dags/weekly_grocery_pipeline.py
[2026-09-10T06:50:39.297+0000] {processor.py:840} INFO - DAG(s) 'weekly_grocery_pipeline' retrieved from /opt/airflow/dags/weekly_grocery_pipeline.py
[2026-09-10T06:50:39.316+0000] {logging_mixin.py:188} INFO - [2026-09-10T06:50:39.316+0000] {dag.py:3036} INFO - Sync 1 DAGs
[2026-09-10T06:50:39.327+0000] {logging_mixin.py:188} INFO - [2026-09-10T06:50:39.326+0000] {dag.py:3823} INFO - Setting next_dagrun for weekly_grocery_pipeline to 2026-09-06 00:00:00+00:00, run_after=2026-09-13 00:00:00+00:00
[2026-09-10T06:50:39.333+0000] {processor.py:183} INFO - Processing /opt/airflow/dags/weekly_grocery_pipeline.py took 0.055 seconds
[2026-09-10T06:51:09.588+0000] {processor.py:161} INFO - Started process (PID=939) to work on /opt/airflow/dags/weekly_grocery_pipeline.py
[2026-09-10T06:51:09.589+0000] {processor.py:830} INFO - Processing file /opt/airflow/dags/weekly_grocery_pipeline.py for tasks to queue
[2026-09-10T06:51:09.590+0000] {logging_mixin.py:188} INFO - [2026-09-10T06:51:09.589+0000] {dagbag.py:538} INFO - Filling up the DagBag from /opt/airflow/dags/weekly_grocery_pipeline.py
[2026-09-10T06:51:09.603+0000] {processor.py:840} INFO - DAG(s) 'weekly_grocery_pipeline' retrieved from /opt/airflow/dags/weekly_grocery_pipeline.py
[2026-09-10T06:51:09.620+0000] {logging_mixin.py:188} INFO - [2026-09-10T06:51:09.620+0000] {dag.py:3036} INFO - Sync 1 DAGs
[2026-09-10T06:51:09.631+0000] {logging_mixin.py:188} INFO - [2026-09-10T06:51:09.631+0000] {dag.py:3823} INFO - Setting next_dagrun for weekly_grocery_pipeline to 2026-09-06 00:00:00+00:00, run_after=2026-09-13 00:00:00+00:00
[2026-09-10T06:51:09.637+0000] {processor.py:183} INFO - Processing /opt/airflow/dags/weekly_grocery_pipeline.py took 0.053 seconds
[2026-09-10T06:51:39.921+0000] {processor.py:161} INFO - Started process (PID=944) to work on /opt/airflow/dags/weekly_grocery_pipeline.py
[2026-09-10T06:51:39.922+0000] {processor.py:830} INFO - Processing file /opt/airflow/dags/weekly_grocery_pipeline.py for tasks to queue
[2026-09-10T06:51:39.923+0000] {logging_mixin.py:188} INFO - [2026-09-10T06:51:39.922+0000] {dagbag.py:538} INFO - Filling up the DagBag from /opt/airflow/dags/weekly_grocery_pipeline.py
[2026-09-10T06:51:39.934+0000] {processor.py:840} INFO - DAG(s) 'weekly_grocery_pipeline' retrieved from /opt/airflow/dags/weekly_grocery_pipeline.py
[2026-09-10T06:51:39.954+0000] {logging_mixin.py:188} INFO - [2026-09-10T06:51:39.954+0000] {dag.py:3036} INFO - Sync 1 DAGs
[2026-09-10T06:51:39.966+0000] {logging_mixin.py:188} INFO - [2026-09-10T06:51:39.966+0000] {dag.py:3823} INFO - Setting next_dagrun for weekly_grocery_pipeline to 2026-09-06 00:00:00+00:00, run_after=2026-09-13 00:00:00+00:00
[2026-09-10T06:51:39.973+0000] {processor.py:183} INFO - Processing /opt/airflow/dags/weekly_grocery_pipeline.py took 0.055 seconds
[2026-09-10T06:52:10.313+0000] {processor.py:161} INFO - Started process (PID=949) to work on /opt/airflow/dags/weekly_grocery_pipeline.py
[2026-09-10T06:52:10.314+0000] {processor.py:830} INFO - Processing file /opt/airflow/dags/weekly_grocery_pipeline.py for tasks to queue
[2026-09-10T06:52:10.315+0000] {logging_mixin.py:188} INFO - [2026-09-10T06:52:10.315+0000] {dagbag.py:538} INFO - Filling up the DagBag from /opt/airflow/dags/weekly_grocery_pipeline.py
[2026-09-10T06:52:10.326+0000] {processor.py:840} INFO - DAG(s) 'weekly_grocery_pipeline' retrieved from /opt/airflow/dags/weekly_grocery_pipeline.py
[2026-09-10T06:52:10.346+0000] {logging_mixin.py:188} INFO - [2026-09-10T06:52:10.346+0000] {dag.py:3036} INFO - Sync 1 DAGs
[2026-09-10T06:52:10.359+0000] {logging_mixin.py:188} INFO - [2026-09-10T06:52:10.359+0000] {dag.py:3823} INFO - Setting next_dagrun for weekly_grocery_pipeline to 2026-09-06 00:00:00+00:00, run_after=2026-09-13 00:00:00+00:00
[2026-09-10T06:52:10.367+0000] {processor.py:183} INFO - Processing /opt/airflow/dags/weekly_grocery_pipeline.py took 0.057 seconds
[2026-09-10T06:52:40.694+0000] {processor.py:161} INFO - Started process (PID=954) to work on /opt/airflow/dags/weekly_grocery_pipeline.py
[2026-09-10T06:52:40.694+0000] {processor.py:830} INFO - Processing file /opt/airflow/dags/weekly_grocery_pipeline.py for tasks to queue
[2026-09-10T06:52:40.695+0000] {logging_mixin.py:188} INFO - [2026-09-10T06:52:40.695+0000] {dagbag.py:538} INFO - Filling up the DagBag from /opt/airflow/dags/weekly_grocery_pipeline.py
[2026-09-10T06:52:40.707+0000] {processor.py:840} INFO - DAG(s) 'weekly_grocery_pipeline' retrieved from /opt/airflow/dags/weekly_grocery_pipeline.py
[2026-09-10T06:52:40.725+0000] {logging_mixin.py:188} INFO - [2026-09-10T06:52:40.725+0000] {dag.py:3036} INFO - Sync 1 DAGs
[2026-09-10T06:52:40.735+0000] {logging_mixin.py:188} INFO - [2026-09-10T06:52:40.735+0000] {dag.py:3823} INFO - Setting next_dagrun for weekly_grocery_pipeline to 2026-09-06 00:00:00+00:00, run_after=2026-09-13 00:00:00+00:00
[2026-09-10T06:52:40.742+0000] {processor.py:183} INFO - Processing /opt/airflow/dags/weekly_grocery_pipeline.py took 0.052 seconds
[2026-09-10T06:53:11.092+0000] {processor.py:161} INFO - Started process (PID=959) to work on /opt/airflow/dags/weekly_grocery_pipeline.py
[2026-09-10T06:53:11.094+0000] {processor.py:830} INFO - Processing file /opt/airflow/dags/weekly_grocery_pipeline.py for tasks to queue
[2026-09-10T06:53:11.096+0000] {logging_mixin.py:188} INFO - [2026-09-10T06:53:11.095+0000] {dagbag.py:538} INFO - Filling up the DagBag from /opt/airflow/dags/weekly_grocery_pipeline.py
[2026-09-10T06:53:11.120+0000] {processor.py:840} INFO - DAG(s) 'weekly_grocery_pipeline' retrieved from /opt/airflow/dags/weekly_grocery_pipeline.py
[2026-09-10T06:53:11.147+0000] {logging_mixin.py:188} INFO - [2026-09-10T06:53:11.147+0000] {dag.py:3036} INFO - Sync 1 DAGs
[2026-09-10T06:53:11.161+0000] {logging_mixin.py:188} INFO - [2026-09-10T06:53:11.161+0000] {dag.py:3823} INFO - Setting next_dagrun for weekly_grocery_pipeline to 2026-09-06 00:00:00+00:00, run_after=2026-09-13 00:00:00+00:00
[2026-09-10T06:53:11.168+0000] {processor.py:183} INFO - Processing /opt/airflow/dags/weekly_grocery_pipeline.py took 0.080 seconds
[2026-09-10T06:53:41.460+0000] {processor.py:161} INFO - Started process (PID=964) to work on /opt/airflow/dags/weekly_grocery_pipeline.py
[2026-09-10T06:53:41.461+0000] {processor.py:830} INFO - Processing file /opt/airflow/dags/weekly_grocery_pipeline.py for tasks to queue
[2026-09-10T06:53:41.462+0000] {logging_mixin.py:188} INFO - [2026-09-10T06:53:41.462+0000] {dagbag.py:538} INFO - Filling up the DagBag from /opt/airflow/dags/weekly_grocery_pipeline.py
[2026-09-10T06:53:41.474+0000] {processor.py:840} INFO - DAG(s) 'weekly_grocery_pipeline' retrieved from /opt/airflow/dags/weekly_grocery_pipeline.py
[2026-09-10T06:53:41.494+0000] {logging_mixin.py:188} INFO - [2026-09-10T06:53:41.493+0000] {dag.py:3036} INFO - Sync 1 DAGs
[2026-09-10T06:53:41.505+0000] {logging_mixin.py:188} INFO - [2026-09-10T06:53:41.505+0000] {dag.py:3823} INFO - Setting next_dagrun for weekly_grocery_pipeline to 2026-09-06 00:00:00+00:00, run_after=2026-09-13 00:00:00+00:00
[2026-09-10T06:53:41.511+0000] {processor.py:183} INFO - Processing /opt/airflow/dags/weekly_grocery_pipeline.py took 0.055 seconds
[2026-09-10T06:54:11.867+0000] {processor.py:161} INFO - Started process (PID=969) to work on /opt/airflow/dags/weekly_grocery_pipeline.py
[2026-09-10T06:54:11.868+0000] {processor.py:830} INFO - Processing file /opt/airflow/dags/weekly_grocery_pipeline.py for tasks to queue
[2026-09-10T06:54:11.869+0000] {logging_mixin.py:188} INFO - [2026-09-10T06:54:11.869+0000] {dagbag.py:538} INFO - Filling up the DagBag from /opt/airflow/dags/weekly_grocery_pipeline.py
[2026-09-10T06:54:11.878+0000] {processor.py:840} INFO - DAG(s) 'weekly_grocery_pipeline' retrieved from /opt/airflow/dags/weekly_grocery_pipeline.py
[2026-09-10T06:54:11.896+0000] {logging_mixin.py:188} INFO - [2026-09-10T06:54:11.896+0000] {dag.py:3036} INFO - Sync 1 DAGs
[2026-09-10T06:54:11.905+0000] {logging_mixin.py:188} INFO - [2026-09-10T06:54:11.905+0000] {dag.py:3823} INFO - Setting next_dagrun for weekly_grocery_pipeline to 2026-09-06 00:00:00+00:00, run_after=2026-09-13 00:00:00+00:00
[2026-09-10T06:54:11.912+0000] {processor.py:183} INFO - Processing /opt/airflow/dags/weekly_grocery_pipeline.py took 0.048 seconds
[2026-09-10T06:54:42.212+0000] {processor.py:161} INFO - Started process (PID=974) to work on /opt/airflow/dags/weekly_grocery_pipeline.py
[2026-09-10T06:54:42.214+0000] {processor.py:830} INFO - Processing file /opt/airflow/dags/weekly_grocery_pipeline.py for tasks to queue
[2026-09-10T06:54:42.214+0000] {logging_mixin.py:188} INFO - [2026-09-10T06:54:42.214+0000] {dagbag.py:538} INFO - Filling up the DagBag from /opt/airflow/dags/weekly_grocery_pipeline.py
[2026-09-10T06:54:42.226+0000] {processor.py:840} INFO - DAG(s) 'weekly_grocery_pipeline' retrieved from /opt/airflow/dags/weekly_grocery_pipeline.py
[2026-09-10T06:54:42.246+0000] {logging_mixin.py:188} INFO - [2026-09-10T06:54:42.246+0000] {dag.py:3036} INFO - Sync 1 DAGs
[2026-09-10T06:54:42.257+0000] {logging_mixin.py:188} INFO - [2026-09-10T06:54:42.257+0000] {dag.py:3823} INFO - Setting next_dagrun for weekly_grocery_pipeline to 2026-09-06 00:00:00+00:00, run_after=2026-09-13 00:00:00+00:00
[2026-09-10T06:54:42.264+0000] {processor.py:183} INFO - Processing /opt/airflow/dags/weekly_grocery_pipeline.py took 0.056 seconds
[2026-09-10T06:55:12.580+0000] {processor.py:161} INFO - Started process (PID=979) to work on /opt/airflow/dags/weekly_grocery_pipeline.py
[2026-09-10T06:55:12.581+0000] {processor.py:830} INFO - Processing file /opt/airflow/dags/weekly_grocery_pipeline.py for tasks to queue
[2026-09-10T06:55:12.582+0000] {logging_mixin.py:188} INFO - [2026-09-10T06:55:12.581+0000] {dagbag.py:538} INFO - Filling up the DagBag from /opt/airflow/dags/weekly_grocery_pipeline.py
[2026-09-10T06:55:12.593+0000] {processor.py:840} INFO - DAG(s) 'weekly_grocery_pipeline' retrieved from /opt/airflow/dags/weekly_grocery_pipeline.py
[2026-09-10T06:55:12.612+0000] {logging_mixin.py:188} INFO - [2026-09-10T06:55:12.612+0000] {dag.py:3036} INFO - Sync 1 DAGs
[2026-09-10T06:55:12.624+0000] {logging_mixin.py:188} INFO - [2026-09-10T06:55:12.624+0000] {dag.py:3823} INFO - Setting next_dagrun for weekly_grocery_pipeline to 2026-09-06 00:00:00+00:00, run_after=2026-09-13 00:00:00+00:00
[2026-09-10T06:55:12.632+0000] {processor.py:183} INFO - Processing /opt/airflow/dags/weekly_grocery_pipeline.py took 0.055 seconds
[2026-09-10T06:55:42.878+0000] {processor.py:161} INFO - Started process (PID=984) to work on /opt/airflow/dags/weekly_grocery_pipeline.py
[2026-09-10T06:55:42.879+0000] {processor.py:830} INFO - Processing file /opt/airflow/dags/weekly_grocery_pipeline.py for tasks to queue
[2026-09-10T06:55:42.880+0000] {logging_mixin.py:188} INFO - [2026-09-10T06:55:42.880+0000] {dagbag.py:538} INFO - Filling up the DagBag from /opt/airflow/dags/weekly_grocery_pipeline.py
[2026-09-10T06:55:42.889+0000] {processor.py:840} INFO - DAG(s) 'weekly_grocery_pipeline' retrieved from /opt/airflow/dags/weekly_grocery_pipeline.py
[2026-09-10T06:55:42.905+0000] {logging_mixin.py:188} INFO - [2026-09-10T06:55:42.905+0000] {dag.py:3036} INFO - Sync 1 DAGs
[2026-09-10T06:55:42.914+0000] {logging_mixin.py:188} INFO - [2026-09-10T06:55:42.914+0000] {dag.py:3823} INFO - Setting next_dagrun for weekly_grocery_pipeline to 2026-09-06 00:00:00+00:00, run_after=2026-09-13 00:00:00+00:00
[2026-09-10T06:55:42.921+0000] {processor.py:183} INFO - Processing /opt/airflow/dags/weekly_grocery_pipeline.py took 0.045 seconds
[2026-09-10T06:56:13.132+0000] {processor.py:161} INFO - Started process (PID=989) to work on /opt/airflow/dags/weekly_grocery_pipeline.py
[2026-09-10T06:56:13.133+0000] {processor.py:830} INFO - Processing file /opt/airflow/dags/weekly_grocery_pipeline.py for tasks to queue
[2026-09-10T06:56:13.133+0000] {logging_mixin.py:188} INFO - [2026-09-10T06:56:13.133+0000] {dagbag.py:538} INFO - Filling up the DagBag from /opt/airflow/dags/weekly_grocery_pipeline.py
[2026-09-10T06:56:13.142+0000] {processor.py:840} INFO - DAG(s) 'weekly_grocery_pipeline' retrieved from /opt/airflow/dags/weekly_grocery_pipeline.py
[2026-09-10T06:56:13.156+0000] {logging_mixin.py:188} INFO - [2026-09-10T06:56:13.156+0000] {dag.py:3036} INFO - Sync 1 DAGs
[2026-09-10T06:56:13.165+0000] {logging_mixin.py:188} INFO - [2026-09-10T06:56:13.165+0000] {dag.py:3823} INFO - Setting next_dagrun for weekly_grocery_pipeline to 2026-09-06 00:00:00+00:00, run_after=2026-09-13 00:00:00+00:00
[2026-09-10T06:56:13.172+0000] {processor.py:183} INFO - Processing /opt/airflow/dags/weekly_grocery_pipeline.py took 0.042 seconds
[2026-09-10T06:56:43.477+0000] {processor.py:161} INFO - Started process (PID=994) to work on /opt/airflow/dags/weekly_grocery_pipeline.py
[2026-09-10T06:56:43.478+0000] {processor.py:830} INFO - Processing file /opt/airflow/dags/weekly_grocery_pipeline.py for tasks to queue
[2026-09-10T06:56:43.479+0000] {logging_mixin.py:188} INFO - [2026-09-10T06:56:43.478+0000] {dagbag.py:538} INFO - Filling up the DagBag from /opt/airflow/dags/weekly_grocery_pipeline.py
[2026-09-10T06:56:43.490+0000] {processor.py:840} INFO - DAG(s) 'weekly_grocery_pipeline' retrieved from /opt/airflow/dags/weekly_grocery_pipeline.py
[2026-09-10T06:56:43.510+0000] {logging_mixin.py:188} INFO - [2026-09-10T06:56:43.509+0000] {dag.py:3036} INFO - Sync 1 DAGs
[2026-09-10T06:56:43.520+0000] {logging_mixin.py:188} INFO - [2026-09-10T06:56:43.520+0000] {dag.py:3823} INFO - Setting next_dagrun for weekly_grocery_pipeline to 2026-09-06 00:00:00+00:00, run_after=2026-09-13 00:00:00+00:00
[2026-09-10T06:56:43.527+0000] {processor.py:183} INFO - Processing /opt/airflow/dags/weekly_grocery_pipeline.py took 0.054 seconds
[2026-09-10T06:57:13.862+0000] {processor.py:161} INFO - Started process (PID=999) to work on /opt/airflow/dags/weekly_grocery_pipeline.py
[2026-09-10T06:57:13.863+0000] {processor.py:830} INFO - Processing file /opt/airflow/dags/weekly_grocery_pipeline.py for tasks to queue
[2026-09-10T06:57:13.863+0000] {logging_mixin.py:188} INFO - [2026-09-10T06:57:13.863+0000] {dagbag.py:538} INFO - Filling up the DagBag from /opt/airflow/dags/weekly_grocery_pipeline.py
[2026-09-10T06:57:13.874+0000] {processor.py:840} INFO - DAG(s) 'weekly_grocery_pipeline' retrieved from /opt/airflow/dags/weekly_grocery_pipeline.py
[2026-09-10T06:57:13.893+0000] {logging_mixin.py:188} INFO - [2026-09-10T06:57:13.893+0000] {dag.py:3036} INFO - Sync 1 DAGs
[2026-09-10T06:57:13.903+0000] {logging_mixin.py:188} INFO - [2026-09-10T06:57:13.903+0000] {dag.py:3823} INFO - Setting next_dagrun for weekly_grocery_pipeline to 2026-09-06 00:00:00+00:00, run_after=2026-09-13 00:00:00+00:00
[2026-09-10T06:57:13.910+0000] {processor.py:183} INFO - Processing /opt/airflow/dags/weekly_grocery_pipeline.py took 0.051 seconds
[2026-09-10T06:57:44.247+0000] {processor.py:161} INFO - Started process (PID=1004) to work on /opt/airflow/dags/weekly_grocery_pipeline.py
[2026-09-10T06:57:44.248+0000] {processor.py:830} INFO - Processing file /opt/airflow/dags/weekly_grocery_pipeline.py for tasks to queue
[2026-09-10T06:57:44.249+0000] {logging_mixin.py:188} INFO - [2026-09-10T06:57:44.248+0000] {dagbag.py:538} INFO - Filling up the DagBag from /opt/airflow/dags/weekly_grocery_pipeline.py
[2026-09-10T06:57:44.260+0000] {processor.py:840} INFO - DAG(s) 'weekly_grocery_pipeline' retrieved from /opt/airflow/dags/weekly_grocery_pipeline.py
[2026-09-10T06:57:44.278+0000] {logging_mixin.py:188} INFO - [2026-09-10T06:57:44.278+0000] {dag.py:3036} INFO - Sync 1 DAGs
[2026-09-10T06:57:44.288+0000] {logging_mixin.py:188} INFO - [2026-09-10T06:57:44.288+0000] {dag.py:3823} INFO - Setting next_dagrun for weekly_grocery_pipeline to 2026-09-06 00:00:00+00:00, run_after=2026-09-13 00:00:00+00:00
[2026-09-10T06:57:44.295+0000] {processor.py:183} INFO - Processing /opt/airflow/dags/weekly_grocery_pipeline.py took 0.052 seconds
[2026-09-10T06:58:14.625+0000] {processor.py:161} INFO - Started process (PID=1009) to work on /opt/airflow/dags/weekly_grocery_pipeline.py
[2026-09-10T06:58:14.626+0000] {processor.py:830} INFO - Processing file /opt/airflow/dags/weekly_grocery_pipeline.py for tasks to queue
[2026-09-10T06:58:14.626+0000] {logging_mixin.py:188} INFO - [2026-09-10T06:58:14.626+0000] {dagbag.py:538} INFO - Filling up the DagBag from /opt/airflow/dags/weekly_grocery_pipeline.py
[2026-09-10T06:58:14.637+0000] {processor.py:840} INFO - DAG(s) 'weekly_grocery_pipeline' retrieved from /opt/airflow/dags/weekly_grocery_pipeline.py
[2026-09-10T06:58:14.654+0000] {logging_mixin.py:188} INFO - [2026-09-10T06:58:14.654+0000] {dag.py:3036} INFO - Sync 1 DAGs
[2026-09-10T06:58:14.664+0000] {logging_mixin.py:188} INFO - [2026-09-10T06:58:14.664+0000] {dag.py:3823} INFO - Setting next_dagrun for weekly_grocery_pipeline to 2026-09-06 00:00:00+00:00, run_after=2026-09-13 00:00:00+00:00
[2026-09-10T06:58:14.671+0000] {processor.py:183} INFO - Processing /opt/airflow/dags/weekly_grocery_pipeline.py took 0.049 seconds
[2026-09-10T06:58:45.014+0000] {processor.py:161} INFO - Started process (PID=1014) to work on /opt/airflow/dags/weekly_grocery_pipeline.py
[2026-09-10T06:58:45.015+0000] {processor.py:830} INFO - Processing file /opt/airflow/dags/weekly_grocery_pipeline.py for tasks to queue
[2026-09-10T06:58:45.016+0000] {logging_mixin.py:188} INFO - [2026-09-10T06:58:45.015+0000] {dagbag.py:538} INFO - Filling up the DagBag from /opt/airflow/dags/weekly_grocery_pipeline.py
[2026-09-10T06:58:45.028+0000] {processor.py:840} INFO - DAG(s) 'weekly_grocery_pipeline' retrieved from /opt/airflow/dags/weekly_grocery_pipeline.py
[2026-09-10T06:58:45.047+0000] {logging_mixin.py:188} INFO - [2026-09-10T06:58:45.047+0000] {dag.py:3036} INFO - Sync 1 DAGs
[2026-09-10T06:58:45.058+0000] {logging_mixin.py:188} INFO - [2026-09-10T06:58:45.058+0000] {dag.py:3823} INFO - Setting next_dagrun for weekly_grocery_pipeline to 2026-09-06 00:00:00+00:00, run_after=2026-09-13 00:00:00+00:00
[2026-09-10T06:58:45.065+0000] {processor.py:183} INFO - Processing /opt/airflow/dags/weekly_grocery_pipeline.py took 0.055 seconds
[2026-09-10T06:59:15.393+0000] {processor.py:161} INFO - Started process (PID=1019) to work on /opt/airflow/dags/weekly_grocery_pipeline.py
[2026-09-10T06:59:15.394+0000] {processor.py:830} INFO - Processing file /opt/airflow/dags/weekly_grocery_pipeline.py for tasks to queue
[2026-09-10T06:59:15.395+0000] {logging_mixin.py:188} INFO - [2026-09-10T06:59:15.395+0000] {dagbag.py:538} INFO - Filling up the DagBag from /opt/airflow/dags/weekly_grocery_pipeline.py
[2026-09-10T06:59:15.407+0000] {processor.py:840} INFO - DAG(s) 'weekly_grocery_pipeline' retrieved from /opt/airflow/dags/weekly_grocery_pipeline.py
[2026-09-10T06:59:15.426+0000] {logging_mixin.py:188} INFO - [2026-09-10T06:59:15.426+0000] {dag.py:3036} INFO - Sync 1 DAGs
[2026-09-10T06:59:15.437+0000] {logging_mixin.py:188} INFO - [2026-09-10T06:59:15.437+0000] {dag.py:3823} INFO - Setting next_dagrun for weekly_grocery_pipeline to 2026-09-06 00:00:00+00:00, run_after=2026-09-13 00:00:00+00:00
[2026-09-10T06:59:15.443+0000] {processor.py:183} INFO - Processing /opt/airflow/dags/weekly_grocery_pipeline.py took 0.054 seconds
[2026-09-10T06:59:45.716+0000] {processor.py:161} INFO - Started process (PID=1024) to work on /opt/airflow/dags/weekly_grocery_pipeline.py
[2026-09-10T06:59:45.717+0000] {processor.py:830} INFO - Processing file /opt/airflow/dags/weekly_grocery_pipeline.py for tasks to queue
[2026-09-10T06:59:45.718+0000] {logging_mixin.py:188} INFO - [2026-09-10T06:59:45.718+0000] {dagbag.py:538} INFO - Filling up the DagBag from /opt/airflow/dags/weekly_grocery_pipeline.py
[2026-09-10T06:59:45.729+0000] {processor.py:840} INFO - DAG(s) 'weekly_grocery_pipeline' retrieved from /opt/airflow/dags/weekly_grocery_pipeline.py
[2026-09-10T06:59:45.748+0000] {logging_mixin.py:188} INFO - [2026-09-10T06:59:45.748+0000] {dag.py:3036} INFO - Sync 1 DAGs
[2026-09-10T06:59:45.759+0000] {logging_mixin.py:188} INFO - [2026-09-10T06:59:45.759+0000] {dag.py:3823} INFO - Setting next_dagrun for weekly_grocery_pipeline to 2026-09-06 00:00:00+00:00, run_after=2026-09-13 00:00:00+00:00
[2026-09-10T06:59:45.766+0000] {processor.py:183} INFO - Processing /opt/airflow/dags/weekly_grocery_pipeline.py took 0.053 seconds
[2026-09-10T07:00:16.123+0000] {processor.py:161} INFO - Started process (PID=1029) to work on /opt/airflow/dags/weekly_grocery_pipeline.py
[2026-09-10T07:00:16.125+0000] {processor.py:830} INFO - Processing file /opt/airflow/dags/weekly_grocery_pipeline.py for tasks to queue
[2026-09-10T07:00:16.126+0000] {logging_mixin.py:188} INFO - [2026-09-10T07:00:16.126+0000] {dagbag.py:538} INFO - Filling up the DagBag from /opt/airflow/dags/weekly_grocery_pipeline.py
[2026-09-10T07:00:16.153+0000] {processor.py:840} INFO - DAG(s) 'weekly_grocery_pipeline' retrieved from /opt/airflow/dags/weekly_grocery_pipeline.py
[2026-09-10T07:00:16.183+0000] {logging_mixin.py:188} INFO - [2026-09-10T07:00:16.183+0000] {dag.py:3036} INFO - Sync 1 DAGs
[2026-09-10T07:00:16.203+0000] {logging_mixin.py:188} INFO - [2026-09-10T07:00:16.203+0000] {dag.py:3823} INFO - Setting next_dagrun for weekly_grocery_pipeline to 2026-09-06 00:00:00+00:00, run_after=2026-09-13 00:00:00+00:00
[2026-09-10T07:00:16.211+0000] {processor.py:183} INFO - Processing /opt/airflow/dags/weekly_grocery_pipeline.py took 0.094 seconds
[2026-09-10T07:00:46.525+0000] {processor.py:161} INFO - Started process (PID=1034) to work on /opt/airflow/dags/weekly_grocery_pipeline.py
[2026-09-10T07:00:46.526+0000] {processor.py:830} INFO - Processing file /opt/airflow/dags/weekly_grocery_pipeline.py for tasks to queue
[2026-09-10T07:00:46.527+0000] {logging_mixin.py:188} INFO - [2026-09-10T07:00:46.527+0000] {dagbag.py:538} INFO - Filling up the DagBag from /opt/airflow/dags/weekly_grocery_pipeline.py
[2026-09-10T07:00:46.539+0000] {processor.py:840} INFO - DAG(s) 'weekly_grocery_pipeline' retrieved from /opt/airflow/dags/weekly_grocery_pipeline.py
[2026-09-10T07:00:46.558+0000] {logging_mixin.py:188} INFO - [2026-09-10T07:00:46.557+0000] {dag.py:3036} INFO - Sync 1 DAGs
[2026-09-10T07:00:46.568+0000] {logging_mixin.py:188} INFO - [2026-09-10T07:00:46.568+0000] {dag.py:3823} INFO - Setting next_dagrun for weekly_grocery_pipeline to 2026-09-06 00:00:00+00:00, run_after=2026-09-13 00:00:00+00:00
[2026-09-10T07:00:46.576+0000] {processor.py:183} INFO - Processing /opt/airflow/dags/weekly_grocery_pipeline.py took 0.056 seconds
[2026-09-10T07:01:16.866+0000] {processor.py:161} INFO - Started process (PID=1039) to work on /opt/airflow/dags/weekly_grocery_pipeline.py
[2026-09-10T07:01:16.867+0000] {processor.py:830} INFO - Processing file /opt/airflow/dags/weekly_grocery_pipeline.py for tasks to queue
[2026-09-10T07:01:16.868+0000] {logging_mixin.py:188} INFO - [2026-09-10T07:01:16.867+0000] {dagbag.py:538} INFO - Filling up the DagBag from /opt/airflow/dags/weekly_grocery_pipeline.py
[2026-09-10T07:01:16.879+0000] {processor.py:840} INFO - DAG(s) 'weekly_grocery_pipeline' retrieved from /opt/airflow/dags/weekly_grocery_pipeline.py
[2026-09-10T07:01:16.898+0000] {logging_mixin.py:188} INFO - [2026-09-10T07:01:16.898+0000] {dag.py:3036} INFO - Sync 1 DAGs
[2026-09-10T07:01:16.908+0000] {logging_mixin.py:188} INFO - [2026-09-10T07:01:16.908+0000] {dag.py:3823} INFO - Setting next_dagrun for weekly_grocery_pipeline to 2026-09-06 00:00:00+00:00, run_after=2026-09-13 00:00:00+00:00
[2026-09-10T07:01:16.914+0000] {processor.py:183} INFO - Processing /opt/airflow/dags/weekly_grocery_pipeline.py took 0.052 seconds
[2026-09-10T07:01:47.261+0000] {processor.py:161} INFO - Started process (PID=1044) to work on /opt/airflow/dags/weekly_grocery_pipeline.py
[2026-09-10T07:01:47.262+0000] {processor.py:830} INFO - Processing file /opt/airflow/dags/weekly_grocery_pipeline.py for tasks to queue
[2026-09-10T07:01:47.263+0000] {logging_mixin.py:188} INFO - [2026-09-10T07:01:47.262+0000] {dagbag.py:538} INFO - Filling up the DagBag from /opt/airflow/dags/weekly_grocery_pipeline.py
[2026-09-10T07:01:47.274+0000] {processor.py:840} INFO - DAG(s) 'weekly_grocery_pipeline' retrieved from /opt/airflow/dags/weekly_grocery_pipeline.py
[2026-09-10T07:01:47.294+0000] {logging_mixin.py:188} INFO - [2026-09-10T07:01:47.294+0000] {dag.py:3036} INFO - Sync 1 DAGs
[2026-09-10T07:01:47.308+0000] {logging_mixin.py:188} INFO - [2026-09-10T07:01:47.308+0000] {dag.py:3823} INFO - Setting next_dagrun for weekly_grocery_pipeline to 2026-09-06 00:00:00+00:00, run_after=2026-09-13 00:00:00+00:00
[2026-09-10T07:01:47.317+0000] {processor.py:183} INFO - Processing /opt/airflow/dags/weekly_grocery_pipeline.py took 0.059 seconds
[2026-09-10T07:02:17.609+0000] {processor.py:161} INFO - Started process (PID=1049) to work on /opt/airflow/dags/weekly_grocery_pipeline.py
[2026-09-10T07:02:17.611+0000] {processor.py:830} INFO - Processing file /opt/airflow/dags/weekly_grocery_pipeline.py for tasks to queue
[2026-09-10T07:02:17.612+0000] {logging_mixin.py:188} INFO - [2026-09-10T07:02:17.612+0000] {dagbag.py:538} INFO - Filling up the DagBag from /opt/airflow/dags/weekly_grocery_pipeline.py
[2026-09-10T07:02:17.624+0000] {processor.py:840} INFO - DAG(s) 'weekly_grocery_pipeline' retrieved from /opt/airflow/dags/weekly_grocery_pipeline.py
[2026-09-10T07:02:17.642+0000] {logging_mixin.py:188} INFO - [2026-09-10T07:02:17.642+0000] {dag.py:3036} INFO - Sync 1 DAGs
[2026-09-10T07:02:17.652+0000] {logging_mixin.py:188} INFO - [2026-09-10T07:02:17.652+0000] {dag.py:3823} INFO - Setting next_dagrun for weekly_grocery_pipeline to 2026-09-06 00:00:00+00:00, run_after=2026-09-13 00:00:00+00:00
[2026-09-10T07:02:17.659+0000] {processor.py:183} INFO - Processing /opt/airflow/dags/weekly_grocery_pipeline.py took 0.053 seconds
[2026-09-10T07:02:48.002+0000] {processor.py:161} INFO - Started process (PID=1054) to work on /opt/airflow/dags/weekly_grocery_pipeline.py
[2026-09-10T07:02:48.003+0000] {processor.py:830} INFO - Processing file /opt/airflow/dags/weekly_grocery_pipeline.py for tasks to queue
[2026-09-10T07:02:48.003+0000] {logging_mixin.py:188} INFO - [2026-09-10T07:02:48.003+0000] {dagbag.py:538} INFO - Filling up the DagBag from /opt/airflow/dags/weekly_grocery_pipeline.py
[2026-09-10T07:02:48.014+0000] {processor.py:840} INFO - DAG(s) 'weekly_grocery_pipeline' retrieved from /opt/airflow/dags/weekly_grocery_pipeline.py
[2026-09-10T07:02:48.034+0000] {logging_mixin.py:188} INFO - [2026-09-10T07:02:48.034+0000] {dag.py:3036} INFO - Sync 1 DAGs
[2026-09-10T07:02:48.045+0000] {logging_mixin.py:188} INFO - [2026-09-10T07:02:48.045+0000] {dag.py:3823} INFO - Setting next_dagrun for weekly_grocery_pipeline to 2026-09-06 00:00:00+00:00, run_after=2026-09-13 00:00:00+00:00
[2026-09-10T07:02:48.052+0000] {processor.py:183} INFO - Processing /opt/airflow/dags/weekly_grocery_pipeline.py took 0.053 seconds
[2026-09-10T07:03:18.386+0000] {processor.py:161} INFO - Started process (PID=1059) to work on /opt/airflow/dags/weekly_grocery_pipeline.py
[2026-09-10T07:03:18.392+0000] {processor.py:830} INFO - Processing file /opt/airflow/dags/weekly_grocery_pipeline.py for tasks to queue
[2026-09-10T07:03:18.394+0000] {logging_mixin.py:188} INFO - [2026-09-10T07:03:18.393+0000] {dagbag.py:538} INFO - Filling up the DagBag from /opt/airflow/dags/weekly_grocery_pipeline.py
[2026-09-10T07:03:18.409+0000] {processor.py:840} INFO - DAG(s) 'weekly_grocery_pipeline' retrieved from /opt/airflow/dags/weekly_grocery_pipeline.py
[2026-09-10T07:03:18.446+0000] {logging_mixin.py:188} INFO - [2026-09-10T07:03:18.445+0000] {dag.py:3036} INFO - Sync 1 DAGs
[2026-09-10T07:03:18.461+0000] {logging_mixin.py:188} INFO - [2026-09-10T07:03:18.460+0000] {dag.py:3823} INFO - Setting next_dagrun for weekly_grocery_pipeline to 2026-09-06 00:00:00+00:00, run_after=2026-09-13 00:00:00+00:00
[2026-09-10T07:03:18.468+0000] {processor.py:183} INFO - Processing /opt/airflow/dags/weekly_grocery_pipeline.py took 0.088 seconds
[2026-09-10T07:03:48.698+0000] {processor.py:161} INFO - Started process (PID=1064) to work on /opt/airflow/dags/weekly_grocery_pipeline.py
[2026-09-10T07:03:48.699+0000] {processor.py:830} INFO - Processing file /opt/airflow/dags/weekly_grocery_pipeline.py for tasks to queue
[2026-09-10T07:03:48.699+0000] {logging_mixin.py:188} INFO - [2026-09-10T07:03:48.699+0000] {dagbag.py:538} INFO - Filling up the DagBag from /opt/airflow/dags/weekly_grocery_pipeline.py
[2026-09-10T07:03:48.709+0000] {processor.py:840} INFO - DAG(s) 'weekly_grocery_pipeline' retrieved from /opt/airflow/dags/weekly_grocery_pipeline.py
[2026-09-10T07:03:48.726+0000] {logging_mixin.py:188} INFO - [2026-09-10T07:03:48.726+0000] {dag.py:3036} INFO - Sync 1 DAGs
[2026-09-10T07:03:48.735+0000] {logging_mixin.py:188} INFO - [2026-09-10T07:03:48.735+0000] {dag.py:3823} INFO - Setting next_dagrun for weekly_grocery_pipeline to 2026-09-06 00:00:00+00:00, run_after=2026-09-13 00:00:00+00:00
[2026-09-10T07:03:48.742+0000] {processor.py:183} INFO - Processing /opt/airflow/dags/weekly_grocery_pipeline.py took 0.046 seconds
[2026-09-10T07:04:18.987+0000] {processor.py:161} INFO - Started process (PID=1069) to work on /opt/airflow/dags/weekly_grocery_pipeline.py
[2026-09-10T07:04:18.991+0000] {processor.py:830} INFO - Processing file /opt/airflow/dags/weekly_grocery_pipeline.py for tasks to queue
[2026-09-10T07:04:18.991+0000] {logging_mixin.py:188} INFO - [2026-09-10T07:04:18.991+0000] {dagbag.py:538} INFO - Filling up the DagBag from /opt/airflow/dags/weekly_grocery_pipeline.py
[2026-09-10T07:04:19.004+0000] {processor.py:840} INFO - DAG(s) 'weekly_grocery_pipeline' retrieved from /opt/airflow/dags/weekly_grocery_pipeline.py
[2026-09-10T07:04:19.021+0000] {logging_mixin.py:188} INFO - [2026-09-10T07:04:19.021+0000] {dag.py:3036} INFO - Sync 1 DAGs
[2026-09-10T07:04:19.031+0000] {logging_mixin.py:188} INFO - [2026-09-10T07:04:19.031+0000] {dag.py:3823} INFO - Setting next_dagrun for weekly_grocery_pipeline to 2026-09-06 00:00:00+00:00, run_after=2026-09-13 00:00:00+00:00
[2026-09-10T07:04:19.038+0000] {processor.py:183} INFO - Processing /opt/airflow/dags/weekly_grocery_pipeline.py took 0.055 seconds
[2026-09-10T07:04:49.389+0000] {processor.py:161} INFO - Started process (PID=1074) to work on /opt/airflow/dags/weekly_grocery_pipeline.py
[2026-09-10T07:04:49.390+0000] {processor.py:830} INFO - Processing file /opt/airflow/dags/weekly_grocery_pipeline.py for tasks to queue
[2026-09-10T07:04:49.391+0000] {logging_mixin.py:188} INFO - [2026-09-10T07:04:49.391+0000] {dagbag.py:538} INFO - Filling up the DagBag from /opt/airflow/dags/weekly_grocery_pipeline.py
[2026-09-10T07:04:49.402+0000] {processor.py:840} INFO - DAG(s) 'weekly_grocery_pipeline' retrieved from /opt/airflow/dags/weekly_grocery_pipeline.py
[2026-09-10T07:04:49.420+0000] {logging_mixin.py:188} INFO - [2026-09-10T07:04:49.420+0000] {dag.py:3036} INFO - Sync 1 DAGs
[2026-09-10T07:04:49.431+0000] {logging_mixin.py:188} INFO - [2026-09-10T07:04:49.431+0000] {dag.py:3823} INFO - Setting next_dagrun for weekly_grocery_pipeline to 2026-09-06 00:00:00+00:00, run_after=2026-09-13 00:00:00+00:00
[2026-09-10T07:04:49.438+0000] {processor.py:183} INFO - Processing /opt/airflow/dags/weekly_grocery_pipeline.py took 0.052 seconds
[2026-09-10T07:05:19.776+0000] {processor.py:161} INFO - Started process (PID=1079) to work on /opt/airflow/dags/weekly_grocery_pipeline.py
[2026-09-10T07:05:19.777+0000] {processor.py:830} INFO - Processing file /opt/airflow/dags/weekly_grocery_pipeline.py for tasks to queue
[2026-09-10T07:05:19.778+0000] {logging_mixin.py:188} INFO - [2026-09-10T07:05:19.777+0000] {dagbag.py:538} INFO - Filling up the DagBag from /opt/airflow/dags/weekly_grocery_pipeline.py
[2026-09-10T07:05:19.788+0000] {processor.py:840} INFO - DAG(s) 'weekly_grocery_pipeline' retrieved from /opt/airflow/dags/weekly_grocery_pipeline.py
[2026-09-10T07:05:19.807+0000] {logging_mixin.py:188} INFO - [2026-09-10T07:05:19.806+0000] {dag.py:3036} INFO - Sync 1 DAGs
[2026-09-10T07:05:19.818+0000] {logging_mixin.py:188} INFO - [2026-09-10T07:05:19.817+0000] {dag.py:3823} INFO - Setting next_dagrun for weekly_grocery_pipeline to 2026-09-06 00:00:00+00:00, run_after=2026-09-13 00:00:00+00:00
[2026-09-10T07:05:19.824+0000] {processor.py:183} INFO - Processing /opt/airflow/dags/weekly_grocery_pipeline.py took 0.051 seconds
[2026-09-10T07:05:50.164+0000] {processor.py:161} INFO - Started process (PID=1084) to work on /opt/airflow/dags/weekly_grocery_pipeline.py
[2026-09-10T07:05:50.165+0000] {processor.py:830} INFO - Processing file /opt/airflow/dags/weekly_grocery_pipeline.py for tasks to queue
[2026-09-10T07:05:50.166+0000] {logging_mixin.py:188} INFO - [2026-09-10T07:05:50.166+0000] {dagbag.py:538} INFO - Filling up the DagBag from /opt/airflow/dags/weekly_grocery_pipeline.py
[2026-09-10T07:05:50.177+0000] {processor.py:840} INFO - DAG(s) 'weekly_grocery_pipeline' retrieved from /opt/airflow/dags/weekly_grocery_pipeline.py
[2026-09-10T07:05:50.197+0000] {logging_mixin.py:188} INFO - [2026-09-10T07:05:50.197+0000] {dag.py:3036} INFO - Sync 1 DAGs
[2026-09-10T07:05:50.209+0000] {logging_mixin.py:188} INFO - [2026-09-10T07:05:50.209+0000] {dag.py:3823} INFO - Setting next_dagrun for weekly_grocery_pipeline to 2026-09-06 00:00:00+00:00, run_after=2026-09-13 00:00:00+00:00
[2026-09-10T07:05:50.215+0000] {processor.py:183} INFO - Processing /opt/airflow/dags/weekly_grocery_pipeline.py took 0.055 seconds
[2026-09-10T07:06:20.539+0000] {processor.py:161} INFO - Started process (PID=1089) to work on /opt/airflow/dags/weekly_grocery_pipeline.py
[2026-09-10T07:06:20.540+0000] {processor.py:830} INFO - Processing file /opt/airflow/dags/weekly_grocery_pipeline.py for tasks to queue
[2026-09-10T07:06:20.540+0000] {logging_mixin.py:188} INFO - [2026-09-10T07:06:20.540+0000] {dagbag.py:538} INFO - Filling up the DagBag from /opt/airflow/dags/weekly_grocery_pipeline.py
[2026-09-10T07:06:20.552+0000] {processor.py:840} INFO - DAG(s) 'weekly_grocery_pipeline' retrieved from /opt/airflow/dags/weekly_grocery_pipeline.py
[2026-09-10T07:06:20.571+0000] {logging_mixin.py:188} INFO - [2026-09-10T07:06:20.571+0000] {dag.py:3036} INFO - Sync 1 DAGs
[2026-09-10T07:06:20.581+0000] {logging_mixin.py:188} INFO - [2026-09-10T07:06:20.581+0000] {dag.py:3823} INFO - Setting next_dagrun for weekly_grocery_pipeline to 2026-09-06 00:00:00+00:00, run_after=2026-09-13 00:00:00+00:00
[2026-09-10T07:06:20.589+0000] {processor.py:183} INFO - Processing /opt/airflow/dags/weekly_grocery_pipeline.py took 0.054 seconds
[2026-09-10T07:06:50.923+0000] {processor.py:161} INFO - Started process (PID=1094) to work on /opt/airflow/dags/weekly_grocery_pipeline.py
[2026-09-10T07:06:50.924+0000] {processor.py:830} INFO - Processing file /opt/airflow/dags/weekly_grocery_pipeline.py for tasks to queue
[2026-09-10T07:06:50.925+0000] {logging_mixin.py:188} INFO - [2026-09-10T07:06:50.925+0000] {dagbag.py:538} INFO - Filling up the DagBag from /opt/airflow/dags/weekly_grocery_pipeline.py
[2026-09-10T07:06:50.937+0000] {processor.py:840} INFO - DAG(s) 'weekly_grocery_pipeline' retrieved from /opt/airflow/dags/weekly_grocery_pipeline.py
[2026-09-10T07:06:50.955+0000] {logging_mixin.py:188} INFO - [2026-09-10T07:06:50.955+0000] {dag.py:3036} INFO - Sync 1 DAGs
[2026-09-10T07:06:50.966+0000] {logging_mixin.py:188} INFO - [2026-09-10T07:06:50.966+0000] {dag.py:3823} INFO - Setting next_dagrun for weekly_grocery_pipeline to 2026-09-06 00:00:00+00:00, run_after=2026-09-13 00:00:00+00:00
[2026-09-10T07:06:50.973+0000] {processor.py:183} INFO - Processing /opt/airflow/dags/weekly_grocery_pipeline.py took 0.053 seconds
[2026-09-10T07:07:21.209+0000] {processor.py:161} INFO - Started process (PID=1099) to work on /opt/airflow/dags/weekly_grocery_pipeline.py
[2026-09-10T07:07:21.210+0000] {processor.py:830} INFO - Processing file /opt/airflow/dags/weekly_grocery_pipeline.py for tasks to queue
[2026-09-10T07:07:21.211+0000] {logging_mixin.py:188} INFO - [2026-09-10T07:07:21.211+0000] {dagbag.py:538} INFO - Filling up the DagBag from /opt/airflow/dags/weekly_grocery_pipeline.py
[2026-09-10T07:07:21.222+0000] {processor.py:840} INFO - DAG(s) 'weekly_grocery_pipeline' retrieved from /opt/airflow/dags/weekly_grocery_pipeline.py
[2026-09-10T07:07:21.240+0000] {logging_mixin.py:188} INFO - [2026-09-10T07:07:21.240+0000] {dag.py:3036} INFO - Sync 1 DAGs
[2026-09-10T07:07:21.251+0000] {logging_mixin.py:188} INFO - [2026-09-10T07:07:21.250+0000] {dag.py:3823} INFO - Setting next_dagrun for weekly_grocery_pipeline to 2026-09-06 00:00:00+00:00, run_after=2026-09-13 00:00:00+00:00
[2026-09-10T07:07:21.257+0000] {processor.py:183} INFO - Processing /opt/airflow/dags/weekly_grocery_pipeline.py took 0.051 seconds
[2026-09-10T07:07:51.577+0000] {processor.py:161} INFO - Started process (PID=1104) to work on /opt/airflow/dags/weekly_grocery_pipeline.py
[2026-09-10T07:07:51.578+0000] {processor.py:830} INFO - Processing file /opt/airflow/dags/weekly_grocery_pipeline.py for tasks to queue
[2026-09-10T07:07:51.578+0000] {logging_mixin.py:188} INFO - [2026-09-10T07:07:51.578+0000] {dagbag.py:538} INFO - Filling up the DagBag from /opt/airflow/dags/weekly_grocery_pipeline.py
[2026-09-10T07:07:51.590+0000] {processor.py:840} INFO - DAG(s) 'weekly_grocery_pipeline' retrieved from /opt/airflow/dags/weekly_grocery_pipeline.py
[2026-09-10T07:07:51.609+0000] {logging_mixin.py:188} INFO - [2026-09-10T07:07:51.609+0000] {dag.py:3036} INFO - Sync 1 DAGs
[2026-09-10T07:07:51.620+0000] {logging_mixin.py:188} INFO - [2026-09-10T07:07:51.620+0000] {dag.py:3823} INFO - Setting next_dagrun for weekly_grocery_pipeline to 2026-09-06 00:00:00+00:00, run_after=2026-09-13 00:00:00+00:00
[2026-09-10T07:07:51.627+0000] {processor.py:183} INFO - Processing /opt/airflow/dags/weekly_grocery_pipeline.py took 0.053 seconds
[2026-09-10T07:08:21.962+0000] {processor.py:161} INFO - Started process (PID=1109) to work on /opt/airflow/dags/weekly_grocery_pipeline.py
[2026-09-10T07:08:21.963+0000] {processor.py:830} INFO - Processing file /opt/airflow/dags/weekly_grocery_pipeline.py for tasks to queue
[2026-09-10T07:08:21.964+0000] {logging_mixin.py:188} INFO - [2026-09-10T07:08:21.963+0000] {dagbag.py:538} INFO - Filling up the DagBag from /opt/airflow/dags/weekly_grocery_pipeline.py
[2026-09-10T07:08:21.975+0000] {processor.py:840} INFO - DAG(s) 'weekly_grocery_pipeline' retrieved from /opt/airflow/dags/weekly_grocery_pipeline.py
[2026-09-10T07:08:21.993+0000] {logging_mixin.py:188} INFO - [2026-09-10T07:08:21.993+0000] {dag.py:3036} INFO - Sync 1 DAGs
[2026-09-10T07:08:22.004+0000] {logging_mixin.py:188} INFO - [2026-09-10T07:08:22.004+0000] {dag.py:3823} INFO - Setting next_dagrun for weekly_grocery_pipeline to 2026-09-06 00:00:00+00:00, run_after=2026-09-13 00:00:00+00:00
[2026-09-10T07:08:22.011+0000] {processor.py:183} INFO - Processing /opt/airflow/dags/weekly_grocery_pipeline.py took 0.052 seconds
[2026-09-10T07:08:52.335+0000] {processor.py:161} INFO - Started process (PID=1114) to work on /opt/airflow/dags/weekly_grocery_pipeline.py
[2026-09-10T07:08:52.336+0000] {processor.py:830} INFO - Processing file /opt/airflow/dags/weekly_grocery_pipeline.py for tasks to queue
[2026-09-10T07:08:52.336+0000] {logging_mixin.py:188} INFO - [2026-09-10T07:08:52.336+0000] {dagbag.py:538} INFO - Filling up the DagBag from /opt/airflow/dags/weekly_grocery_pipeline.py
[2026-09-10T07:08:52.348+0000] {processor.py:840} INFO - DAG(s) 'weekly_grocery_pipeline' retrieved from /opt/airflow/dags/weekly_grocery_pipeline.py
[2026-09-10T07:08:52.368+0000] {logging_mixin.py:188} INFO - [2026-09-10T07:08:52.368+0000] {dag.py:3036} INFO - Sync 1 DAGs
[2026-09-10T07:08:52.380+0000] {logging_mixin.py:188} INFO - [2026-09-10T07:08:52.379+0000] {dag.py:3823} INFO - Setting next_dagrun for weekly_grocery_pipeline to 2026-09-06 00:00:00+00:00, run_after=2026-09-13 00:00:00+00:00
[2026-09-10T07:08:52.387+0000] {processor.py:183} INFO - Processing /opt/airflow/dags/weekly_grocery_pipeline.py took 0.055 seconds
[2026-09-10T07:09:22.667+0000] {processor.py:161} INFO - Started process (PID=1119) to work on /opt/airflow/dags/weekly_grocery_pipeline.py
[2026-09-10T07:09:22.669+0000] {processor.py:830} INFO - Processing file /opt/airflow/dags/weekly_grocery_pipeline.py for tasks to queue
[2026-09-10T07:09:22.670+0000] {logging_mixin.py:188} INFO - [2026-09-10T07:09:22.670+0000] {dagbag.py:538} INFO - Filling up the DagBag from /opt/airflow/dags/weekly_grocery_pipeline.py
[2026-09-10T07:09:22.678+0000] {processor.py:840} INFO - DAG(s) 'weekly_grocery_pipeline' retrieved from /opt/airflow/dags/weekly_grocery_pipeline.py
[2026-09-10T07:09:22.692+0000] {logging_mixin.py:188} INFO - [2026-09-10T07:09:22.692+0000] {dag.py:3036} INFO - Sync 1 DAGs
[2026-09-10T07:09:22.701+0000] {logging_mixin.py:188} INFO - [2026-09-10T07:09:22.701+0000] {dag.py:3823} INFO - Setting next_dagrun for weekly_grocery_pipeline to 2026-09-06 00:00:00+00:00, run_after=2026-09-13 00:00:00+00:00
[2026-09-10T07:09:22.706+0000] {processor.py:183} INFO - Processing /opt/airflow/dags/weekly_grocery_pipeline.py took 0.042 seconds
[2026-09-10T07:09:53.077+0000] {processor.py:161} INFO - Started process (PID=1124) to work on /opt/airflow/dags/weekly_grocery_pipeline.py
[2026-09-10T07:09:53.078+0000] {processor.py:830} INFO - Processing file /opt/airflow/dags/weekly_grocery_pipeline.py for tasks to queue
[2026-09-10T07:09:53.079+0000] {logging_mixin.py:188} INFO - [2026-09-10T07:09:53.078+0000] {dagbag.py:538} INFO - Filling up the DagBag from /opt/airflow/dags/weekly_grocery_pipeline.py
[2026-09-10T07:09:53.090+0000] {processor.py:840} INFO - DAG(s) 'weekly_grocery_pipeline' retrieved from /opt/airflow/dags/weekly_grocery_pipeline.py
[2026-09-10T07:09:53.110+0000] {logging_mixin.py:188} INFO - [2026-09-10T07:09:53.109+0000] {dag.py:3036} INFO - Sync 1 DAGs
[2026-09-10T07:09:53.120+0000] {logging_mixin.py:188} INFO - [2026-09-10T07:09:53.120+0000] {dag.py:3823} INFO - Setting next_dagrun for weekly_grocery_pipeline to 2026-09-06 00:00:00+00:00, run_after=2026-09-13 00:00:00+00:00
[2026-09-10T07:09:53.127+0000] {processor.py:183} INFO - Processing /opt/airflow/dags/weekly_grocery_pipeline.py took 0.053 seconds
[2026-09-10T07:10:23.416+0000] {processor.py:161} INFO - Started process (PID=1129) to work on /opt/airflow/dags/weekly_grocery_pipeline.py
[2026-09-10T07:10:23.417+0000] {processor.py:830} INFO - Processing file /opt/airflow/dags/weekly_grocery_pipeline.py for tasks to queue
[2026-09-10T07:10:23.417+0000] {logging_mixin.py:188} INFO - [2026-09-10T07:10:23.417+0000] {dagbag.py:538} INFO - Filling up the DagBag from /opt/airflow/dags/weekly_grocery_pipeline.py
[2026-09-10T07:10:23.429+0000] {processor.py:840} INFO - DAG(s) 'weekly_grocery_pipeline' retrieved from /opt/airflow/dags/weekly_grocery_pipeline.py
[2026-09-10T07:10:23.447+0000] {logging_mixin.py:188} INFO - [2026-09-10T07:10:23.447+0000] {dag.py:3036} INFO - Sync 1 DAGs
[2026-09-10T07:10:23.458+0000] {logging_mixin.py:188} INFO - [2026-09-10T07:10:23.458+0000] {dag.py:3823} INFO - Setting next_dagrun for weekly_grocery_pipeline to 2026-09-06 00:00:00+00:00, run_after=2026-09-13 00:00:00+00:00
[2026-09-10T07:10:23.465+0000] {processor.py:183} INFO - Processing /opt/airflow/dags/weekly_grocery_pipeline.py took 0.053 seconds
[2026-09-10T07:10:53.784+0000] {processor.py:161} INFO - Started process (PID=1134) to work on /opt/airflow/dags/weekly_grocery_pipeline.py
[2026-09-10T07:10:53.785+0000] {processor.py:830} INFO - Processing file /opt/airflow/dags/weekly_grocery_pipeline.py for tasks to queue
[2026-09-10T07:10:53.786+0000] {logging_mixin.py:188} INFO - [2026-09-10T07:10:53.786+0000] {dagbag.py:538} INFO - Filling up the DagBag from /opt/airflow/dags/weekly_grocery_pipeline.py
[2026-09-10T07:10:53.802+0000] {processor.py:840} INFO - DAG(s) 'weekly_grocery_pipeline' retrieved from /opt/airflow/dags/weekly_grocery_pipeline.py
[2026-09-10T07:10:53.824+0000] {logging_mixin.py:188} INFO - [2026-09-10T07:10:53.824+0000] {dag.py:3036} INFO - Sync 1 DAGs
[2026-09-10T07:10:53.836+0000] {logging_mixin.py:188} INFO - [2026-09-10T07:10:53.836+0000] {dag.py:3823} INFO - Setting next_dagrun for weekly_grocery_pipeline to 2026-09-06 00:00:00+00:00, run_after=2026-09-13 00:00:00+00:00
[2026-09-10T07:10:53.843+0000] {processor.py:183} INFO - Processing /opt/airflow/dags/weekly_grocery_pipeline.py took 0.063 seconds
[2026-09-10T07:11:24.123+0000] {processor.py:161} INFO - Started process (PID=1139) to work on /opt/airflow/dags/weekly_grocery_pipeline.py
[2026-09-10T07:11:24.127+0000] {processor.py:830} INFO - Processing file /opt/airflow/dags/weekly_grocery_pipeline.py for tasks to queue
[2026-09-10T07:11:24.129+0000] {logging_mixin.py:188} INFO - [2026-09-10T07:11:24.128+0000] {dagbag.py:538} INFO - Filling up the DagBag from /opt/airflow/dags/weekly_grocery_pipeline.py
[2026-09-10T07:11:24.157+0000] {processor.py:840} INFO - DAG(s) 'weekly_grocery_pipeline' retrieved from /opt/airflow/dags/weekly_grocery_pipeline.py
[2026-09-10T07:11:24.183+0000] {logging_mixin.py:188} INFO - [2026-09-10T07:11:24.183+0000] {dag.py:3036} INFO - Sync 1 DAGs
[2026-09-10T07:11:24.197+0000] {logging_mixin.py:188} INFO - [2026-09-10T07:11:24.196+0000] {dag.py:3823} INFO - Setting next_dagrun for weekly_grocery_pipeline to 2026-09-06 00:00:00+00:00, run_after=2026-09-13 00:00:00+00:00
[2026-09-10T07:11:24.204+0000] {processor.py:183} INFO - Processing /opt/airflow/dags/weekly_grocery_pipeline.py took 0.088 seconds
[2026-09-10T07:11:54.496+0000] {processor.py:161} INFO - Started process (PID=1144) to work on /opt/airflow/dags/weekly_grocery_pipeline.py
[2026-09-10T07:11:54.497+0000] {processor.py:830} INFO - Processing file /opt/airflow/dags/weekly_grocery_pipeline.py for tasks to queue
[2026-09-10T07:11:54.498+0000] {logging_mixin.py:188} INFO - [2026-09-10T07:11:54.498+0000] {dagbag.py:538} INFO - Filling up the DagBag from /opt/airflow/dags/weekly_grocery_pipeline.py
[2026-09-10T07:11:54.509+0000] {processor.py:840} INFO - DAG(s) 'weekly_grocery_pipeline' retrieved from /opt/airflow/dags/weekly_grocery_pipeline.py
[2026-09-10T07:11:54.528+0000] {logging_mixin.py:188} INFO - [2026-09-10T07:11:54.528+0000] {dag.py:3036} INFO - Sync 1 DAGs
[2026-09-10T07:11:54.538+0000] {logging_mixin.py:188} INFO - [2026-09-10T07:11:54.538+0000] {dag.py:3823} INFO - Setting next_dagrun for weekly_grocery_pipeline to 2026-09-06 00:00:00+00:00, run_after=2026-09-13 00:00:00+00:00
[2026-09-10T07:11:54.545+0000] {processor.py:183} INFO - Processing /opt/airflow/dags/weekly_grocery_pipeline.py took 0.056 seconds
[2026-09-10T07:12:24.913+0000] {processor.py:161} INFO - Started process (PID=1149) to work on /opt/airflow/dags/weekly_grocery_pipeline.py
[2026-09-10T07:12:24.914+0000] {processor.py:830} INFO - Processing file /opt/airflow/dags/weekly_grocery_pipeline.py for tasks to queue
[2026-09-10T07:12:24.915+0000] {logging_mixin.py:188} INFO - [2026-09-10T07:12:24.914+0000] {dagbag.py:538} INFO - Filling up the DagBag from /opt/airflow/dags/weekly_grocery_pipeline.py
[2026-09-10T07:12:24.926+0000] {processor.py:840} INFO - DAG(s) 'weekly_grocery_pipeline' retrieved from /opt/airflow/dags/weekly_grocery_pipeline.py
[2026-09-10T07:12:24.944+0000] {logging_mixin.py:188} INFO - [2026-09-10T07:12:24.944+0000] {dag.py:3036} INFO - Sync 1 DAGs
[2026-09-10T07:12:24.955+0000] {logging_mixin.py:188} INFO - [2026-09-10T07:12:24.955+0000] {dag.py:3823} INFO - Setting next_dagrun for weekly_grocery_pipeline to 2026-09-06 00:00:00+00:00, run_after=2026-09-13 00:00:00+00:00
[2026-09-10T07:12:24.961+0000] {processor.py:183} INFO - Processing /opt/airflow/dags/weekly_grocery_pipeline.py took 0.051 seconds
[2026-09-10T07:12:55.269+0000] {processor.py:161} INFO - Started process (PID=1154) to work on /opt/airflow/dags/weekly_grocery_pipeline.py
[2026-09-10T07:12:55.270+0000] {processor.py:830} INFO - Processing file /opt/airflow/dags/weekly_grocery_pipeline.py for tasks to queue
[2026-09-10T07:12:55.271+0000] {logging_mixin.py:188} INFO - [2026-09-10T07:12:55.271+0000] {dagbag.py:538} INFO - Filling up the DagBag from /opt/airflow/dags/weekly_grocery_pipeline.py
[2026-09-10T07:12:55.284+0000] {processor.py:840} INFO - DAG(s) 'weekly_grocery_pipeline' retrieved from /opt/airflow/dags/weekly_grocery_pipeline.py
[2026-09-10T07:12:55.303+0000] {logging_mixin.py:188} INFO - [2026-09-10T07:12:55.303+0000] {dag.py:3036} INFO - Sync 1 DAGs
[2026-09-10T07:12:55.315+0000] {logging_mixin.py:188} INFO - [2026-09-10T07:12:55.314+0000] {dag.py:3823} INFO - Setting next_dagrun for weekly_grocery_pipeline to 2026-09-06 00:00:00+00:00, run_after=2026-09-13 00:00:00+00:00
[2026-09-10T07:12:55.321+0000] {processor.py:183} INFO - Processing /opt/airflow/dags/weekly_grocery_pipeline.py took 0.055 seconds
[2026-09-10T07:13:25.608+0000] {processor.py:161} INFO - Started process (PID=1159) to work on /opt/airflow/dags/weekly_grocery_pipeline.py
[2026-09-10T07:13:25.609+0000] {processor.py:830} INFO - Processing file /opt/airflow/dags/weekly_grocery_pipeline.py for tasks to queue
[2026-09-10T07:13:25.610+0000] {logging_mixin.py:188} INFO - [2026-09-10T07:13:25.610+0000] {dagbag.py:538} INFO - Filling up the DagBag from /opt/airflow/dags/weekly_grocery_pipeline.py
[2026-09-10T07:13:25.622+0000] {processor.py:840} INFO - DAG(s) 'weekly_grocery_pipeline' retrieved from /opt/airflow/dags/weekly_grocery_pipeline.py
[2026-09-10T07:13:25.642+0000] {logging_mixin.py:188} INFO - [2026-09-10T07:13:25.641+0000] {dag.py:3036} INFO - Sync 1 DAGs
[2026-09-10T07:13:25.653+0000] {logging_mixin.py:188} INFO - [2026-09-10T07:13:25.652+0000] {dag.py:3823} INFO - Setting next_dagrun for weekly_grocery_pipeline to 2026-09-06 00:00:00+00:00, run_after=2026-09-13 00:00:00+00:00
[2026-09-10T07:13:25.659+0000] {processor.py:183} INFO - Processing /opt/airflow/dags/weekly_grocery_pipeline.py took 0.055 seconds
[2026-09-10T07:13:56.015+0000] {processor.py:161} INFO - Started process (PID=1164) to work on /opt/airflow/dags/weekly_grocery_pipeline.py
[2026-09-10T07:13:56.016+0000] {processor.py:830} INFO - Processing file /opt/airflow/dags/weekly_grocery_pipeline.py for tasks to queue
[2026-09-10T07:13:56.016+0000] {logging_mixin.py:188} INFO - [2026-09-10T07:13:56.016+0000] {dagbag.py:538} INFO - Filling up the DagBag from /opt/airflow/dags/weekly_grocery_pipeline.py
[2026-09-10T07:13:56.028+0000] {processor.py:840} INFO - DAG(s) 'weekly_grocery_pipeline' retrieved from /opt/airflow/dags/weekly_grocery_pipeline.py
[2026-09-10T07:13:56.047+0000] {logging_mixin.py:188} INFO - [2026-09-10T07:13:56.047+0000] {dag.py:3036} INFO - Sync 1 DAGs
[2026-09-10T07:13:56.058+0000] {logging_mixin.py:188} INFO - [2026-09-10T07:13:56.058+0000] {dag.py:3823} INFO - Setting next_dagrun for weekly_grocery_pipeline to 2026-09-06 00:00:00+00:00, run_after=2026-09-13 00:00:00+00:00
[2026-09-10T07:13:56.064+0000] {processor.py:183} INFO - Processing /opt/airflow/dags/weekly_grocery_pipeline.py took 0.053 seconds
[2026-09-10T07:14:26.398+0000] {processor.py:161} INFO - Started process (PID=1169) to work on /opt/airflow/dags/weekly_grocery_pipeline.py
[2026-09-10T07:14:26.399+0000] {processor.py:830} INFO - Processing file /opt/airflow/dags/weekly_grocery_pipeline.py for tasks to queue
[2026-09-10T07:14:26.400+0000] {logging_mixin.py:188} INFO - [2026-09-10T07:14:26.400+0000] {dagbag.py:538} INFO - Filling up the DagBag from /opt/airflow/dags/weekly_grocery_pipeline.py
[2026-09-10T07:14:26.412+0000] {processor.py:840} INFO - DAG(s) 'weekly_grocery_pipeline' retrieved from /opt/airflow/dags/weekly_grocery_pipeline.py
[2026-09-10T07:14:26.430+0000] {logging_mixin.py:188} INFO - [2026-09-10T07:14:26.430+0000] {dag.py:3036} INFO - Sync 1 DAGs
[2026-09-10T07:14:26.440+0000] {logging_mixin.py:188} INFO - [2026-09-10T07:14:26.440+0000] {dag.py:3823} INFO - Setting next_dagrun for weekly_grocery_pipeline to 2026-09-06 00:00:00+00:00, run_after=2026-09-13 00:00:00+00:00
[2026-09-10T07:14:26.447+0000] {processor.py:183} INFO - Processing /opt/airflow/dags/weekly_grocery_pipeline.py took 0.052 seconds
[2026-09-10T07:14:56.646+0000] {processor.py:161} INFO - Started process (PID=1174) to work on /opt/airflow/dags/weekly_grocery_pipeline.py
[2026-09-10T07:14:56.647+0000] {processor.py:830} INFO - Processing file /opt/airflow/dags/weekly_grocery_pipeline.py for tasks to queue
[2026-09-10T07:14:56.648+0000] {logging_mixin.py:188} INFO - [2026-09-10T07:14:56.648+0000] {dagbag.py:538} INFO - Filling up the DagBag from /opt/airflow/dags/weekly_grocery_pipeline.py
[2026-09-10T07:14:56.658+0000] {processor.py:840} INFO - DAG(s) 'weekly_grocery_pipeline' retrieved from /opt/airflow/dags/weekly_grocery_pipeline.py
[2026-09-10T07:14:56.673+0000] {logging_mixin.py:188} INFO - [2026-09-10T07:14:56.673+0000] {dag.py:3036} INFO - Sync 1 DAGs
[2026-09-10T07:14:56.682+0000] {logging_mixin.py:188} INFO - [2026-09-10T07:14:56.682+0000] {dag.py:3823} INFO - Setting next_dagrun for weekly_grocery_pipeline to 2026-09-06 00:00:00+00:00, run_after=2026-09-13 00:00:00+00:00
[2026-09-10T07:14:56.689+0000] {processor.py:183} INFO - Processing /opt/airflow/dags/weekly_grocery_pipeline.py took 0.045 seconds
[2026-09-10T07:15:27.070+0000] {processor.py:161} INFO - Started process (PID=1179) to work on /opt/airflow/dags/weekly_grocery_pipeline.py
[2026-09-10T07:15:27.080+0000] {processor.py:830} INFO - Processing file /opt/airflow/dags/weekly_grocery_pipeline.py for tasks to queue
[2026-09-10T07:15:27.082+0000] {logging_mixin.py:188} INFO - [2026-09-10T07:15:27.081+0000] {dagbag.py:538} INFO - Filling up the DagBag from /opt/airflow/dags/weekly_grocery_pipeline.py
[2026-09-10T07:15:27.102+0000] {processor.py:840} INFO - DAG(s) 'weekly_grocery_pipeline' retrieved from /opt/airflow/dags/weekly_grocery_pipeline.py
[2026-09-10T07:15:27.131+0000] {logging_mixin.py:188} INFO - [2026-09-10T07:15:27.130+0000] {dag.py:3036} INFO - Sync 1 DAGs
[2026-09-10T07:15:27.144+0000] {logging_mixin.py:188} INFO - [2026-09-10T07:15:27.144+0000] {dag.py:3823} INFO - Setting next_dagrun for weekly_grocery_pipeline to 2026-09-06 00:00:00+00:00, run_after=2026-09-13 00:00:00+00:00
[2026-09-10T07:15:27.153+0000] {processor.py:183} INFO - Processing /opt/airflow/dags/weekly_grocery_pipeline.py took 0.087 seconds
[2026-09-10T07:15:57.418+0000] {processor.py:161} INFO - Started process (PID=1184) to work on /opt/airflow/dags/weekly_grocery_pipeline.py
[2026-09-10T07:15:57.419+0000] {processor.py:830} INFO - Processing file /opt/airflow/dags/weekly_grocery_pipeline.py for tasks to queue
[2026-09-10T07:15:57.422+0000] {logging_mixin.py:188} INFO - [2026-09-10T07:15:57.422+0000] {dagbag.py:538} INFO - Filling up the DagBag from /opt/airflow/dags/weekly_grocery_pipeline.py
[2026-09-10T07:15:57.435+0000] {processor.py:840} INFO - DAG(s) 'weekly_grocery_pipeline' retrieved from /opt/airflow/dags/weekly_grocery_pipeline.py
[2026-09-10T07:15:57.453+0000] {logging_mixin.py:188} INFO - [2026-09-10T07:15:57.453+0000] {dag.py:3036} INFO - Sync 1 DAGs
[2026-09-10T07:15:57.464+0000] {logging_mixin.py:188} INFO - [2026-09-10T07:15:57.464+0000] {dag.py:3823} INFO - Setting next_dagrun for weekly_grocery_pipeline to 2026-09-06 00:00:00+00:00, run_after=2026-09-13 00:00:00+00:00
[2026-09-10T07:15:57.471+0000] {processor.py:183} INFO - Processing /opt/airflow/dags/weekly_grocery_pipeline.py took 0.059 seconds
[2026-09-10T07:16:27.835+0000] {processor.py:161} INFO - Started process (PID=1189) to work on /opt/airflow/dags/weekly_grocery_pipeline.py
[2026-09-10T07:16:27.836+0000] {processor.py:830} INFO - Processing file /opt/airflow/dags/weekly_grocery_pipeline.py for tasks to queue
[2026-09-10T07:16:27.837+0000] {logging_mixin.py:188} INFO - [2026-09-10T07:16:27.837+0000] {dagbag.py:538} INFO - Filling up the DagBag from /opt/airflow/dags/weekly_grocery_pipeline.py
[2026-09-10T07:16:27.848+0000] {processor.py:840} INFO - DAG(s) 'weekly_grocery_pipeline' retrieved from /opt/airflow/dags/weekly_grocery_pipeline.py
[2026-09-10T07:16:27.866+0000] {logging_mixin.py:188} INFO - [2026-09-10T07:16:27.866+0000] {dag.py:3036} INFO - Sync 1 DAGs
[2026-09-10T07:16:27.877+0000] {logging_mixin.py:188} INFO - [2026-09-10T07:16:27.877+0000] {dag.py:3823} INFO - Setting next_dagrun for weekly_grocery_pipeline to 2026-09-06 00:00:00+00:00, run_after=2026-09-13 00:00:00+00:00
[2026-09-10T07:16:27.883+0000] {processor.py:183} INFO - Processing /opt/airflow/dags/weekly_grocery_pipeline.py took 0.052 seconds
[2026-09-10T07:16:58.218+0000] {processor.py:161} INFO - Started process (PID=1194) to work on /opt/airflow/dags/weekly_grocery_pipeline.py
[2026-09-10T07:16:58.219+0000] {processor.py:830} INFO - Processing file /opt/airflow/dags/weekly_grocery_pipeline.py for tasks to queue
[2026-09-10T07:16:58.219+0000] {logging_mixin.py:188} INFO - [2026-09-10T07:16:58.219+0000] {dagbag.py:538} INFO - Filling up the DagBag from /opt/airflow/dags/weekly_grocery_pipeline.py
[2026-09-10T07:16:58.231+0000] {processor.py:840} INFO - DAG(s) 'weekly_grocery_pipeline' retrieved from /opt/airflow/dags/weekly_grocery_pipeline.py
[2026-09-10T07:16:58.250+0000] {logging_mixin.py:188} INFO - [2026-09-10T07:16:58.250+0000] {dag.py:3036} INFO - Sync 1 DAGs
[2026-09-10T07:16:58.261+0000] {logging_mixin.py:188} INFO - [2026-09-10T07:16:58.261+0000] {dag.py:3823} INFO - Setting next_dagrun for weekly_grocery_pipeline to 2026-09-06 00:00:00+00:00, run_after=2026-09-13 00:00:00+00:00
[2026-09-10T07:16:58.268+0000] {processor.py:183} INFO - Processing /opt/airflow/dags/weekly_grocery_pipeline.py took 0.053 seconds
[2026-09-10T07:17:28.596+0000] {processor.py:161} INFO - Started process (PID=1199) to work on /opt/airflow/dags/weekly_grocery_pipeline.py
[2026-09-10T07:17:28.597+0000] {processor.py:830} INFO - Processing file /opt/airflow/dags/weekly_grocery_pipeline.py for tasks to queue
[2026-09-10T07:17:28.598+0000] {logging_mixin.py:188} INFO - [2026-09-10T07:17:28.598+0000] {dagbag.py:538} INFO - Filling up the DagBag from /opt/airflow/dags/weekly_grocery_pipeline.py
[2026-09-10T07:17:28.609+0000] {processor.py:840} INFO - DAG(s) 'weekly_grocery_pipeline' retrieved from /opt/airflow/dags/weekly_grocery_pipeline.py
[2026-09-10T07:17:28.627+0000] {logging_mixin.py:188} INFO - [2026-09-10T07:17:28.627+0000] {dag.py:3036} INFO - Sync 1 DAGs
[2026-09-10T07:17:28.637+0000] {logging_mixin.py:188} INFO - [2026-09-10T07:17:28.637+0000] {dag.py:3823} INFO - Setting next_dagrun for weekly_grocery_pipeline to 2026-09-06 00:00:00+00:00, run_after=2026-09-13 00:00:00+00:00
[2026-09-10T07:17:28.644+0000] {processor.py:183} INFO - Processing /opt/airflow/dags/weekly_grocery_pipeline.py took 0.050 seconds
[2026-09-10T07:17:58.948+0000] {processor.py:161} INFO - Started process (PID=1204) to work on /opt/airflow/dags/weekly_grocery_pipeline.py
[2026-09-10T07:17:58.949+0000] {processor.py:830} INFO - Processing file /opt/airflow/dags/weekly_grocery_pipeline.py for tasks to queue
[2026-09-10T07:17:58.950+0000] {logging_mixin.py:188} INFO - [2026-09-10T07:17:58.949+0000] {dagbag.py:538} INFO - Filling up the DagBag from /opt/airflow/dags/weekly_grocery_pipeline.py
[2026-09-10T07:17:58.961+0000] {processor.py:840} INFO - DAG(s) 'weekly_grocery_pipeline' retrieved from /opt/airflow/dags/weekly_grocery_pipeline.py
[2026-09-10T07:17:58.980+0000] {logging_mixin.py:188} INFO - [2026-09-10T07:17:58.980+0000] {dag.py:3036} INFO - Sync 1 DAGs
[2026-09-10T07:17:58.991+0000] {logging_mixin.py:188} INFO - [2026-09-10T07:17:58.990+0000] {dag.py:3823} INFO - Setting next_dagrun for weekly_grocery_pipeline to 2026-09-06 00:00:00+00:00, run_after=2026-09-13 00:00:00+00:00
[2026-09-10T07:17:58.997+0000] {processor.py:183} INFO - Processing /opt/airflow/dags/weekly_grocery_pipeline.py took 0.053 seconds
[2026-09-10T07:18:29.384+0000] {processor.py:161} INFO - Started process (PID=1209) to work on /opt/airflow/dags/weekly_grocery_pipeline.py
[2026-09-10T07:18:29.386+0000] {processor.py:830} INFO - Processing file /opt/airflow/dags/weekly_grocery_pipeline.py for tasks to queue
[2026-09-10T07:18:29.387+0000] {logging_mixin.py:188} INFO - [2026-09-10T07:18:29.386+0000] {dagbag.py:538} INFO - Filling up the DagBag from /opt/airflow/dags/weekly_grocery_pipeline.py
[2026-09-10T07:18:29.401+0000] {processor.py:840} INFO - DAG(s) 'weekly_grocery_pipeline' retrieved from /opt/airflow/dags/weekly_grocery_pipeline.py
[2026-09-10T07:18:29.422+0000] {logging_mixin.py:188} INFO - [2026-09-10T07:18:29.422+0000] {dag.py:3036} INFO - Sync 1 DAGs
[2026-09-10T07:18:29.435+0000] {logging_mixin.py:188} INFO - [2026-09-10T07:18:29.435+0000] {dag.py:3823} INFO - Setting next_dagrun for weekly_grocery_pipeline to 2026-09-06 00:00:00+00:00, run_after=2026-09-13 00:00:00+00:00
[2026-09-10T07:18:29.442+0000] {processor.py:183} INFO - Processing /opt/airflow/dags/weekly_grocery_pipeline.py took 0.064 seconds
[2026-09-10T07:18:59.738+0000] {processor.py:161} INFO - Started process (PID=1214) to work on /opt/airflow/dags/weekly_grocery_pipeline.py
[2026-09-10T07:18:59.742+0000] {processor.py:830} INFO - Processing file /opt/airflow/dags/weekly_grocery_pipeline.py for tasks to queue
[2026-09-10T07:18:59.743+0000] {logging_mixin.py:188} INFO - [2026-09-10T07:18:59.743+0000] {dagbag.py:538} INFO - Filling up the DagBag from /opt/airflow/dags/weekly_grocery_pipeline.py
[2026-09-10T07:18:59.754+0000] {processor.py:840} INFO - DAG(s) 'weekly_grocery_pipeline' retrieved from /opt/airflow/dags/weekly_grocery_pipeline.py
[2026-09-10T07:18:59.770+0000] {logging_mixin.py:188} INFO - [2026-09-10T07:18:59.770+0000] {dag.py:3036} INFO - Sync 1 DAGs
[2026-09-10T07:18:59.780+0000] {logging_mixin.py:188} INFO - [2026-09-10T07:18:59.780+0000] {dag.py:3823} INFO - Setting next_dagrun for weekly_grocery_pipeline to 2026-09-06 00:00:00+00:00, run_after=2026-09-13 00:00:00+00:00
[2026-09-10T07:18:59.788+0000] {processor.py:183} INFO - Processing /opt/airflow/dags/weekly_grocery_pipeline.py took 0.053 seconds
[2026-09-10T07:19:30.064+0000] {processor.py:161} INFO - Started process (PID=1219) to work on /opt/airflow/dags/weekly_grocery_pipeline.py
[2026-09-10T07:19:30.064+0000] {processor.py:830} INFO - Processing file /opt/airflow/dags/weekly_grocery_pipeline.py for tasks to queue
[2026-09-10T07:19:30.065+0000] {logging_mixin.py:188} INFO - [2026-09-10T07:19:30.065+0000] {dagbag.py:538} INFO - Filling up the DagBag from /opt/airflow/dags/weekly_grocery_pipeline.py
[2026-09-10T07:19:30.077+0000] {processor.py:840} INFO - DAG(s) 'weekly_grocery_pipeline' retrieved from /opt/airflow/dags/weekly_grocery_pipeline.py
[2026-09-10T07:19:30.096+0000] {logging_mixin.py:188} INFO - [2026-09-10T07:19:30.096+0000] {dag.py:3036} INFO - Sync 1 DAGs
[2026-09-10T07:19:30.107+0000] {logging_mixin.py:188} INFO - [2026-09-10T07:19:30.107+0000] {dag.py:3823} INFO - Setting next_dagrun for weekly_grocery_pipeline to 2026-09-06 00:00:00+00:00, run_after=2026-09-13 00:00:00+00:00
[2026-09-10T07:19:30.116+0000] {processor.py:183} INFO - Processing /opt/airflow/dags/weekly_grocery_pipeline.py took 0.055 seconds
[2026-09-10T07:20:00.462+0000] {processor.py:161} INFO - Started process (PID=1224) to work on /opt/airflow/dags/weekly_grocery_pipeline.py
[2026-09-10T07:20:00.463+0000] {processor.py:830} INFO - Processing file /opt/airflow/dags/weekly_grocery_pipeline.py for tasks to queue
[2026-09-10T07:20:00.464+0000] {logging_mixin.py:188} INFO - [2026-09-10T07:20:00.464+0000] {dagbag.py:538} INFO - Filling up the DagBag from /opt/airflow/dags/weekly_grocery_pipeline.py
[2026-09-10T07:20:00.476+0000] {processor.py:840} INFO - DAG(s) 'weekly_grocery_pipeline' retrieved from /opt/airflow/dags/weekly_grocery_pipeline.py
[2026-09-10T07:20:00.495+0000] {logging_mixin.py:188} INFO - [2026-09-10T07:20:00.495+0000] {dag.py:3036} INFO - Sync 1 DAGs
[2026-09-10T07:20:00.506+0000] {logging_mixin.py:188} INFO - [2026-09-10T07:20:00.506+0000] {dag.py:3823} INFO - Setting next_dagrun for weekly_grocery_pipeline to 2026-09-06 00:00:00+00:00, run_after=2026-09-13 00:00:00+00:00
[2026-09-10T07:20:00.512+0000] {processor.py:183} INFO - Processing /opt/airflow/dags/weekly_grocery_pipeline.py took 0.054 seconds
[2026-09-10T07:20:30.848+0000] {processor.py:161} INFO - Started process (PID=1229) to work on /opt/airflow/dags/weekly_grocery_pipeline.py
[2026-09-10T07:20:30.849+0000] {processor.py:830} INFO - Processing file /opt/airflow/dags/weekly_grocery_pipeline.py for tasks to queue
[2026-09-10T07:20:30.850+0000] {logging_mixin.py:188} INFO - [2026-09-10T07:20:30.850+0000] {dagbag.py:538} INFO - Filling up the DagBag from /opt/airflow/dags/weekly_grocery_pipeline.py
[2026-09-10T07:20:30.861+0000] {processor.py:840} INFO - DAG(s) 'weekly_grocery_pipeline' retrieved from /opt/airflow/dags/weekly_grocery_pipeline.py
[2026-09-10T07:20:30.880+0000] {logging_mixin.py:188} INFO - [2026-09-10T07:20:30.880+0000] {dag.py:3036} INFO - Sync 1 DAGs
[2026-09-10T07:20:30.890+0000] {logging_mixin.py:188} INFO - [2026-09-10T07:20:30.890+0000] {dag.py:3823} INFO - Setting next_dagrun for weekly_grocery_pipeline to 2026-09-06 00:00:00+00:00, run_after=2026-09-13 00:00:00+00:00
[2026-09-10T07:20:30.896+0000] {processor.py:183} INFO - Processing /opt/airflow/dags/weekly_grocery_pipeline.py took 0.051 seconds
[2026-09-10T07:21:01.204+0000] {processor.py:161} INFO - Started process (PID=1234) to work on /opt/airflow/dags/weekly_grocery_pipeline.py
[2026-09-10T07:21:01.205+0000] {processor.py:830} INFO - Processing file /opt/airflow/dags/weekly_grocery_pipeline.py for tasks to queue
[2026-09-10T07:21:01.206+0000] {logging_mixin.py:188} INFO - [2026-09-10T07:21:01.205+0000] {dagbag.py:538} INFO - Filling up the DagBag from /opt/airflow/dags/weekly_grocery_pipeline.py
[2026-09-10T07:21:01.218+0000] {processor.py:840} INFO - DAG(s) 'weekly_grocery_pipeline' retrieved from /opt/airflow/dags/weekly_grocery_pipeline.py
[2026-09-10T07:21:01.237+0000] {logging_mixin.py:188} INFO - [2026-09-10T07:21:01.237+0000] {dag.py:3036} INFO - Sync 1 DAGs
[2026-09-10T07:21:01.248+0000] {logging_mixin.py:188} INFO - [2026-09-10T07:21:01.248+0000] {dag.py:3823} INFO - Setting next_dagrun for weekly_grocery_pipeline to 2026-09-06 00:00:00+00:00, run_after=2026-09-13 00:00:00+00:00
[2026-09-10T07:21:01.255+0000] {processor.py:183} INFO - Processing /opt/airflow/dags/weekly_grocery_pipeline.py took 0.054 seconds
[2026-09-10T07:21:31.594+0000] {processor.py:161} INFO - Started process (PID=1239) to work on /opt/airflow/dags/weekly_grocery_pipeline.py
[2026-09-10T07:21:31.595+0000] {processor.py:830} INFO - Processing file /opt/airflow/dags/weekly_grocery_pipeline.py for tasks to queue
[2026-09-10T07:21:31.595+0000] {logging_mixin.py:188} INFO - [2026-09-10T07:21:31.595+0000] {dagbag.py:538} INFO - Filling up the DagBag from /opt/airflow/dags/weekly_grocery_pipeline.py
[2026-09-10T07:21:31.607+0000] {processor.py:840} INFO - DAG(s) 'weekly_grocery_pipeline' retrieved from /opt/airflow/dags/weekly_grocery_pipeline.py
[2026-09-10T07:21:31.625+0000] {logging_mixin.py:188} INFO - [2026-09-10T07:21:31.625+0000] {dag.py:3036} INFO - Sync 1 DAGs
[2026-09-10T07:21:31.636+0000] {logging_mixin.py:188} INFO - [2026-09-10T07:21:31.636+0000] {dag.py:3823} INFO - Setting next_dagrun for weekly_grocery_pipeline to 2026-09-06 00:00:00+00:00, run_after=2026-09-13 00:00:00+00:00
[2026-09-10T07:21:31.643+0000] {processor.py:183} INFO - Processing /opt/airflow/dags/weekly_grocery_pipeline.py took 0.052 seconds
[2026-09-10T07:22:01.972+0000] {processor.py:161} INFO - Started process (PID=1244) to work on /opt/airflow/dags/weekly_grocery_pipeline.py
[2026-09-10T07:22:01.973+0000] {processor.py:830} INFO - Processing file /opt/airflow/dags/weekly_grocery_pipeline.py for tasks to queue
[2026-09-10T07:22:01.973+0000] {logging_mixin.py:188} INFO - [2026-09-10T07:22:01.973+0000] {dagbag.py:538} INFO - Filling up the DagBag from /opt/airflow/dags/weekly_grocery_pipeline.py
[2026-09-10T07:22:01.985+0000] {processor.py:840} INFO - DAG(s) 'weekly_grocery_pipeline' retrieved from /opt/airflow/dags/weekly_grocery_pipeline.py
[2026-09-10T07:22:02.004+0000] {logging_mixin.py:188} INFO - [2026-09-10T07:22:02.004+0000] {dag.py:3036} INFO - Sync 1 DAGs
[2026-09-10T07:22:02.015+0000] {logging_mixin.py:188} INFO - [2026-09-10T07:22:02.015+0000] {dag.py:3823} INFO - Setting next_dagrun for weekly_grocery_pipeline to 2026-09-06 00:00:00+00:00, run_after=2026-09-13 00:00:00+00:00
[2026-09-10T07:22:02.021+0000] {processor.py:183} INFO - Processing /opt/airflow/dags/weekly_grocery_pipeline.py took 0.053 seconds
[2026-09-10T07:22:32.228+0000] {processor.py:161} INFO - Started process (PID=1249) to work on /opt/airflow/dags/weekly_grocery_pipeline.py
[2026-09-10T07:22:32.229+0000] {processor.py:830} INFO - Processing file /opt/airflow/dags/weekly_grocery_pipeline.py for tasks to queue
[2026-09-10T07:22:32.230+0000] {logging_mixin.py:188} INFO - [2026-09-10T07:22:32.229+0000] {dagbag.py:538} INFO - Filling up the DagBag from /opt/airflow/dags/weekly_grocery_pipeline.py
[2026-09-10T07:22:32.241+0000] {processor.py:840} INFO - DAG(s) 'weekly_grocery_pipeline' retrieved from /opt/airflow/dags/weekly_grocery_pipeline.py
[2026-09-10T07:22:32.260+0000] {logging_mixin.py:188} INFO - [2026-09-10T07:22:32.260+0000] {dag.py:3036} INFO - Sync 1 DAGs
[2026-09-10T07:22:32.271+0000] {logging_mixin.py:188} INFO - [2026-09-10T07:22:32.271+0000] {dag.py:3823} INFO - Setting next_dagrun for weekly_grocery_pipeline to 2026-09-06 00:00:00+00:00, run_after=2026-09-13 00:00:00+00:00
[2026-09-10T07:22:32.278+0000] {processor.py:183} INFO - Processing /opt/airflow/dags/weekly_grocery_pipeline.py took 0.055 seconds
[2026-09-10T07:23:02.489+0000] {processor.py:161} INFO - Started process (PID=1254) to work on /opt/airflow/dags/weekly_grocery_pipeline.py
[2026-09-10T07:23:02.489+0000] {processor.py:830} INFO - Processing file /opt/airflow/dags/weekly_grocery_pipeline.py for tasks to queue
[2026-09-10T07:23:02.490+0000] {logging_mixin.py:188} INFO - [2026-09-10T07:23:02.490+0000] {dagbag.py:538} INFO - Filling up the DagBag from /opt/airflow/dags/weekly_grocery_pipeline.py
[2026-09-10T07:23:02.502+0000] {processor.py:840} INFO - DAG(s) 'weekly_grocery_pipeline' retrieved from /opt/airflow/dags/weekly_grocery_pipeline.py
[2026-09-10T07:23:02.520+0000] {logging_mixin.py:188} INFO - [2026-09-10T07:23:02.520+0000] {dag.py:3036} INFO - Sync 1 DAGs
[2026-09-10T07:23:02.530+0000] {logging_mixin.py:188} INFO - [2026-09-10T07:23:02.530+0000] {dag.py:3823} INFO - Setting next_dagrun for weekly_grocery_pipeline to 2026-09-06 00:00:00+00:00, run_after=2026-09-13 00:00:00+00:00
[2026-09-10T07:23:02.537+0000] {processor.py:183} INFO - Processing /opt/airflow/dags/weekly_grocery_pipeline.py took 0.052 seconds
[2026-09-10T07:23:32.917+0000] {processor.py:161} INFO - Started process (PID=1259) to work on /opt/airflow/dags/weekly_grocery_pipeline.py
[2026-09-10T07:23:32.918+0000] {processor.py:830} INFO - Processing file /opt/airflow/dags/weekly_grocery_pipeline.py for tasks to queue
[2026-09-10T07:23:32.918+0000] {logging_mixin.py:188} INFO - [2026-09-10T07:23:32.918+0000] {dagbag.py:538} INFO - Filling up the DagBag from /opt/airflow/dags/weekly_grocery_pipeline.py
[2026-09-10T07:23:32.930+0000] {processor.py:840} INFO - DAG(s) 'weekly_grocery_pipeline' retrieved from /opt/airflow/dags/weekly_grocery_pipeline.py
[2026-09-10T07:23:32.949+0000] {logging_mixin.py:188} INFO - [2026-09-10T07:23:32.949+0000] {dag.py:3036} INFO - Sync 1 DAGs
[2026-09-10T07:23:32.961+0000] {logging_mixin.py:188} INFO - [2026-09-10T07:23:32.961+0000] {dag.py:3823} INFO - Setting next_dagrun for weekly_grocery_pipeline to 2026-09-06 00:00:00+00:00, run_after=2026-09-13 00:00:00+00:00
[2026-09-10T07:23:32.968+0000] {processor.py:183} INFO - Processing /opt/airflow/dags/weekly_grocery_pipeline.py took 0.054 seconds
[2026-09-10T07:24:03.331+0000] {processor.py:161} INFO - Started process (PID=1264) to work on /opt/airflow/dags/weekly_grocery_pipeline.py
[2026-09-10T07:24:03.332+0000] {processor.py:830} INFO - Processing file /opt/airflow/dags/weekly_grocery_pipeline.py for tasks to queue
[2026-09-10T07:24:03.333+0000] {logging_mixin.py:188} INFO - [2026-09-10T07:24:03.333+0000] {dagbag.py:538} INFO - Filling up the DagBag from /opt/airflow/dags/weekly_grocery_pipeline.py
[2026-09-10T07:24:03.344+0000] {processor.py:840} INFO - DAG(s) 'weekly_grocery_pipeline' retrieved from /opt/airflow/dags/weekly_grocery_pipeline.py
[2026-09-10T07:24:03.363+0000] {logging_mixin.py:188} INFO - [2026-09-10T07:24:03.363+0000] {dag.py:3036} INFO - Sync 1 DAGs
[2026-09-10T07:24:03.375+0000] {logging_mixin.py:188} INFO - [2026-09-10T07:24:03.375+0000] {dag.py:3823} INFO - Setting next_dagrun for weekly_grocery_pipeline to 2026-09-06 00:00:00+00:00, run_after=2026-09-13 00:00:00+00:00
[2026-09-10T07:24:03.382+0000] {processor.py:183} INFO - Processing /opt/airflow/dags/weekly_grocery_pipeline.py took 0.053 seconds
[2026-09-10T07:24:33.701+0000] {processor.py:161} INFO - Started process (PID=1269) to work on /opt/airflow/dags/weekly_grocery_pipeline.py
[2026-09-10T07:24:33.702+0000] {processor.py:830} INFO - Processing file /opt/airflow/dags/weekly_grocery_pipeline.py for tasks to queue
[2026-09-10T07:24:33.703+0000] {logging_mixin.py:188} INFO - [2026-09-10T07:24:33.702+0000] {dagbag.py:538} INFO - Filling up the DagBag from /opt/airflow/dags/weekly_grocery_pipeline.py
[2026-09-10T07:24:33.714+0000] {processor.py:840} INFO - DAG(s) 'weekly_grocery_pipeline' retrieved from /opt/airflow/dags/weekly_grocery_pipeline.py
[2026-09-10T07:24:33.732+0000] {logging_mixin.py:188} INFO - [2026-09-10T07:24:33.732+0000] {dag.py:3036} INFO - Sync 1 DAGs
[2026-09-10T07:24:33.742+0000] {logging_mixin.py:188} INFO - [2026-09-10T07:24:33.742+0000] {dag.py:3823} INFO - Setting next_dagrun for weekly_grocery_pipeline to 2026-09-06 00:00:00+00:00, run_after=2026-09-13 00:00:00+00:00
[2026-09-10T07:24:33.751+0000] {processor.py:183} INFO - Processing /opt/airflow/dags/weekly_grocery_pipeline.py took 0.054 seconds
[2026-09-10T07:25:04.073+0000] {processor.py:161} INFO - Started process (PID=1274) to work on /opt/airflow/dags/weekly_grocery_pipeline.py
[2026-09-10T07:25:04.074+0000] {processor.py:830} INFO - Processing file /opt/airflow/dags/weekly_grocery_pipeline.py for tasks to queue
[2026-09-10T07:25:04.075+0000] {logging_mixin.py:188} INFO - [2026-09-10T07:25:04.074+0000] {dagbag.py:538} INFO - Filling up the DagBag from /opt/airflow/dags/weekly_grocery_pipeline.py
[2026-09-10T07:25:04.087+0000] {processor.py:840} INFO - DAG(s) 'weekly_grocery_pipeline' retrieved from /opt/airflow/dags/weekly_grocery_pipeline.py
[2026-09-10T07:25:04.106+0000] {logging_mixin.py:188} INFO - [2026-09-10T07:25:04.106+0000] {dag.py:3036} INFO - Sync 1 DAGs
[2026-09-10T07:25:04.117+0000] {logging_mixin.py:188} INFO - [2026-09-10T07:25:04.117+0000] {dag.py:3823} INFO - Setting next_dagrun for weekly_grocery_pipeline to 2026-09-06 00:00:00+00:00, run_after=2026-09-13 00:00:00+00:00
[2026-09-10T07:25:04.123+0000] {processor.py:183} INFO - Processing /opt/airflow/dags/weekly_grocery_pipeline.py took 0.053 seconds
[2026-09-10T07:25:34.511+0000] {processor.py:161} INFO - Started process (PID=1279) to work on /opt/airflow/dags/weekly_grocery_pipeline.py
[2026-09-10T07:25:34.516+0000] {processor.py:830} INFO - Processing file /opt/airflow/dags/weekly_grocery_pipeline.py for tasks to queue
[2026-09-10T07:25:34.520+0000] {logging_mixin.py:188} INFO - [2026-09-10T07:25:34.518+0000] {dagbag.py:538} INFO - Filling up the DagBag from /opt/airflow/dags/weekly_grocery_pipeline.py
[2026-09-10T07:25:34.547+0000] {processor.py:840} INFO - DAG(s) 'weekly_grocery_pipeline' retrieved from /opt/airflow/dags/weekly_grocery_pipeline.py
[2026-09-10T07:25:34.573+0000] {logging_mixin.py:188} INFO - [2026-09-10T07:25:34.573+0000] {dag.py:3036} INFO - Sync 1 DAGs
[2026-09-10T07:25:34.585+0000] {logging_mixin.py:188} INFO - [2026-09-10T07:25:34.585+0000] {dag.py:3823} INFO - Setting next_dagrun for weekly_grocery_pipeline to 2026-09-06 00:00:00+00:00, run_after=2026-09-13 00:00:00+00:00
[2026-09-10T07:25:34.593+0000] {processor.py:183} INFO - Processing /opt/airflow/dags/weekly_grocery_pipeline.py took 0.091 seconds
[2026-09-10T07:26:04.864+0000] {processor.py:161} INFO - Started process (PID=1284) to work on /opt/airflow/dags/weekly_grocery_pipeline.py
[2026-09-10T07:26:04.865+0000] {processor.py:830} INFO - Processing file /opt/airflow/dags/weekly_grocery_pipeline.py for tasks to queue
[2026-09-10T07:26:04.866+0000] {logging_mixin.py:188} INFO - [2026-09-10T07:26:04.866+0000] {dagbag.py:538} INFO - Filling up the DagBag from /opt/airflow/dags/weekly_grocery_pipeline.py
[2026-09-10T07:26:04.879+0000] {processor.py:840} INFO - DAG(s) 'weekly_grocery_pipeline' retrieved from /opt/airflow/dags/weekly_grocery_pipeline.py
[2026-09-10T07:26:04.899+0000] {logging_mixin.py:188} INFO - [2026-09-10T07:26:04.899+0000] {dag.py:3036} INFO - Sync 1 DAGs
[2026-09-10T07:26:04.909+0000] {logging_mixin.py:188} INFO - [2026-09-10T07:26:04.909+0000] {dag.py:3823} INFO - Setting next_dagrun for weekly_grocery_pipeline to 2026-09-06 00:00:00+00:00, run_after=2026-09-13 00:00:00+00:00
[2026-09-10T07:26:04.916+0000] {processor.py:183} INFO - Processing /opt/airflow/dags/weekly_grocery_pipeline.py took 0.055 seconds
[2026-09-10T07:26:35.255+0000] {processor.py:161} INFO - Started process (PID=1289) to work on /opt/airflow/dags/weekly_grocery_pipeline.py
[2026-09-10T07:26:35.256+0000] {processor.py:830} INFO - Processing file /opt/airflow/dags/weekly_grocery_pipeline.py for tasks to queue
[2026-09-10T07:26:35.258+0000] {logging_mixin.py:188} INFO - [2026-09-10T07:26:35.257+0000] {dagbag.py:538} INFO - Filling up the DagBag from /opt/airflow/dags/weekly_grocery_pipeline.py
[2026-09-10T07:26:35.271+0000] {processor.py:840} INFO - DAG(s) 'weekly_grocery_pipeline' retrieved from /opt/airflow/dags/weekly_grocery_pipeline.py
[2026-09-10T07:26:35.290+0000] {logging_mixin.py:188} INFO - [2026-09-10T07:26:35.290+0000] {dag.py:3036} INFO - Sync 1 DAGs
[2026-09-10T07:26:35.302+0000] {logging_mixin.py:188} INFO - [2026-09-10T07:26:35.301+0000] {dag.py:3823} INFO - Setting next_dagrun for weekly_grocery_pipeline to 2026-09-06 00:00:00+00:00, run_after=2026-09-13 00:00:00+00:00
[2026-09-10T07:26:35.310+0000] {processor.py:183} INFO - Processing /opt/airflow/dags/weekly_grocery_pipeline.py took 0.058 seconds
[2026-09-10T07:27:05.644+0000] {processor.py:161} INFO - Started process (PID=1294) to work on /opt/airflow/dags/weekly_grocery_pipeline.py
[2026-09-10T07:27:05.645+0000] {processor.py:830} INFO - Processing file /opt/airflow/dags/weekly_grocery_pipeline.py for tasks to queue
[2026-09-10T07:27:05.646+0000] {logging_mixin.py:188} INFO - [2026-09-10T07:27:05.645+0000] {dagbag.py:538} INFO - Filling up the DagBag from /opt/airflow/dags/weekly_grocery_pipeline.py
[2026-09-10T07:27:05.657+0000] {processor.py:840} INFO - DAG(s) 'weekly_grocery_pipeline' retrieved from /opt/airflow/dags/weekly_grocery_pipeline.py
[2026-09-10T07:27:05.676+0000] {logging_mixin.py:188} INFO - [2026-09-10T07:27:05.676+0000] {dag.py:3036} INFO - Sync 1 DAGs
[2026-09-10T07:27:05.688+0000] {logging_mixin.py:188} INFO - [2026-09-10T07:27:05.688+0000] {dag.py:3823} INFO - Setting next_dagrun for weekly_grocery_pipeline to 2026-09-06 00:00:00+00:00, run_after=2026-09-13 00:00:00+00:00
[2026-09-10T07:27:05.695+0000] {processor.py:183} INFO - Processing /opt/airflow/dags/weekly_grocery_pipeline.py took 0.054 seconds
[2026-09-10T07:27:36.052+0000] {processor.py:161} INFO - Started process (PID=1299) to work on /opt/airflow/dags/weekly_grocery_pipeline.py
[2026-09-10T07:27:36.053+0000] {processor.py:830} INFO - Processing file /opt/airflow/dags/weekly_grocery_pipeline.py for tasks to queue
[2026-09-10T07:27:36.054+0000] {logging_mixin.py:188} INFO - [2026-09-10T07:27:36.054+0000] {dagbag.py:538} INFO - Filling up the DagBag from /opt/airflow/dags/weekly_grocery_pipeline.py
[2026-09-10T07:27:36.065+0000] {processor.py:840} INFO - DAG(s) 'weekly_grocery_pipeline' retrieved from /opt/airflow/dags/weekly_grocery_pipeline.py
[2026-09-10T07:27:36.083+0000] {logging_mixin.py:188} INFO - [2026-09-10T07:27:36.083+0000] {dag.py:3036} INFO - Sync 1 DAGs
[2026-09-10T07:27:36.094+0000] {logging_mixin.py:188} INFO - [2026-09-10T07:27:36.094+0000] {dag.py:3823} INFO - Setting next_dagrun for weekly_grocery_pipeline to 2026-09-06 00:00:00+00:00, run_after=2026-09-13 00:00:00+00:00
[2026-09-10T07:27:36.100+0000] {processor.py:183} INFO - Processing /opt/airflow/dags/weekly_grocery_pipeline.py took 0.051 seconds
[2026-09-10T07:28:06.454+0000] {processor.py:161} INFO - Started process (PID=1304) to work on /opt/airflow/dags/weekly_grocery_pipeline.py
[2026-09-10T07:28:06.455+0000] {processor.py:830} INFO - Processing file /opt/airflow/dags/weekly_grocery_pipeline.py for tasks to queue
[2026-09-10T07:28:06.456+0000] {logging_mixin.py:188} INFO - [2026-09-10T07:28:06.456+0000] {dagbag.py:538} INFO - Filling up the DagBag from /opt/airflow/dags/weekly_grocery_pipeline.py
[2026-09-10T07:28:06.468+0000] {processor.py:840} INFO - DAG(s) 'weekly_grocery_pipeline' retrieved from /opt/airflow/dags/weekly_grocery_pipeline.py
[2026-09-10T07:28:06.488+0000] {logging_mixin.py:188} INFO - [2026-09-10T07:28:06.488+0000] {dag.py:3036} INFO - Sync 1 DAGs
[2026-09-10T07:28:06.498+0000] {logging_mixin.py:188} INFO - [2026-09-10T07:28:06.498+0000] {dag.py:3823} INFO - Setting next_dagrun for weekly_grocery_pipeline to 2026-09-06 00:00:00+00:00, run_after=2026-09-13 00:00:00+00:00
[2026-09-10T07:28:06.505+0000] {processor.py:183} INFO - Processing /opt/airflow/dags/weekly_grocery_pipeline.py took 0.054 seconds
[2026-09-10T07:28:36.856+0000] {processor.py:161} INFO - Started process (PID=1309) to work on /opt/airflow/dags/weekly_grocery_pipeline.py
[2026-09-10T07:28:36.857+0000] {processor.py:830} INFO - Processing file /opt/airflow/dags/weekly_grocery_pipeline.py for tasks to queue
[2026-09-10T07:28:36.859+0000] {logging_mixin.py:188} INFO - [2026-09-10T07:28:36.858+0000] {dagbag.py:538} INFO - Filling up the DagBag from /opt/airflow/dags/weekly_grocery_pipeline.py
[2026-09-10T07:28:36.874+0000] {processor.py:840} INFO - DAG(s) 'weekly_grocery_pipeline' retrieved from /opt/airflow/dags/weekly_grocery_pipeline.py
[2026-09-10T07:28:36.893+0000] {logging_mixin.py:188} INFO - [2026-09-10T07:28:36.892+0000] {dag.py:3036} INFO - Sync 1 DAGs
[2026-09-10T07:28:36.902+0000] {logging_mixin.py:188} INFO - [2026-09-10T07:28:36.902+0000] {dag.py:3823} INFO - Setting next_dagrun for weekly_grocery_pipeline to 2026-09-06 00:00:00+00:00, run_after=2026-09-13 00:00:00+00:00
[2026-09-10T07:28:36.909+0000] {processor.py:183} INFO - Processing /opt/airflow/dags/weekly_grocery_pipeline.py took 0.057 seconds
[2026-09-10T07:29:07.170+0000] {processor.py:161} INFO - Started process (PID=1314) to work on /opt/airflow/dags/weekly_grocery_pipeline.py
[2026-09-10T07:29:07.172+0000] {processor.py:830} INFO - Processing file /opt/airflow/dags/weekly_grocery_pipeline.py for tasks to queue
[2026-09-10T07:29:07.172+0000] {logging_mixin.py:188} INFO - [2026-09-10T07:29:07.172+0000] {dagbag.py:538} INFO - Filling up the DagBag from /opt/airflow/dags/weekly_grocery_pipeline.py
[2026-09-10T07:29:07.185+0000] {processor.py:840} INFO - DAG(s) 'weekly_grocery_pipeline' retrieved from /opt/airflow/dags/weekly_grocery_pipeline.py
[2026-09-10T07:29:07.208+0000] {logging_mixin.py:188} INFO - [2026-09-10T07:29:07.208+0000] {dag.py:3036} INFO - Sync 1 DAGs
[2026-09-10T07:29:07.221+0000] {logging_mixin.py:188} INFO - [2026-09-10T07:29:07.221+0000] {dag.py:3823} INFO - Setting next_dagrun for weekly_grocery_pipeline to 2026-09-06 00:00:00+00:00, run_after=2026-09-13 00:00:00+00:00
[2026-09-10T07:29:07.228+0000] {processor.py:183} INFO - Processing /opt/airflow/dags/weekly_grocery_pipeline.py took 0.061 seconds
[2026-09-10T07:29:37.567+0000] {processor.py:161} INFO - Started process (PID=1319) to work on /opt/airflow/dags/weekly_grocery_pipeline.py
[2026-09-10T07:29:37.568+0000] {processor.py:830} INFO - Processing file /opt/airflow/dags/weekly_grocery_pipeline.py for tasks to queue
[2026-09-10T07:29:37.569+0000] {logging_mixin.py:188} INFO - [2026-09-10T07:29:37.569+0000] {dagbag.py:538} INFO - Filling up the DagBag from /opt/airflow/dags/weekly_grocery_pipeline.py
[2026-09-10T07:29:37.580+0000] {processor.py:840} INFO - DAG(s) 'weekly_grocery_pipeline' retrieved from /opt/airflow/dags/weekly_grocery_pipeline.py
[2026-09-10T07:29:37.599+0000] {logging_mixin.py:188} INFO - [2026-09-10T07:29:37.599+0000] {dag.py:3036} INFO - Sync 1 DAGs
[2026-09-10T07:29:37.610+0000] {logging_mixin.py:188} INFO - [2026-09-10T07:29:37.610+0000] {dag.py:3823} INFO - Setting next_dagrun for weekly_grocery_pipeline to 2026-09-06 00:00:00+00:00, run_after=2026-09-13 00:00:00+00:00
[2026-09-10T07:29:37.619+0000] {processor.py:183} INFO - Processing /opt/airflow/dags/weekly_grocery_pipeline.py took 0.055 seconds
[2026-09-10T07:30:07.941+0000] {processor.py:161} INFO - Started process (PID=1324) to work on /opt/airflow/dags/weekly_grocery_pipeline.py
[2026-09-10T07:30:07.942+0000] {processor.py:830} INFO - Processing file /opt/airflow/dags/weekly_grocery_pipeline.py for tasks to queue
[2026-09-10T07:30:07.943+0000] {logging_mixin.py:188} INFO - [2026-09-10T07:30:07.942+0000] {dagbag.py:538} INFO - Filling up the DagBag from /opt/airflow/dags/weekly_grocery_pipeline.py
[2026-09-10T07:30:07.954+0000] {processor.py:840} INFO - DAG(s) 'weekly_grocery_pipeline' retrieved from /opt/airflow/dags/weekly_grocery_pipeline.py
[2026-09-10T07:30:07.973+0000] {logging_mixin.py:188} INFO - [2026-09-10T07:30:07.973+0000] {dag.py:3036} INFO - Sync 1 DAGs
[2026-09-10T07:30:07.983+0000] {logging_mixin.py:188} INFO - [2026-09-10T07:30:07.983+0000] {dag.py:3823} INFO - Setting next_dagrun for weekly_grocery_pipeline to 2026-09-06 00:00:00+00:00, run_after=2026-09-13 00:00:00+00:00
[2026-09-10T07:30:07.993+0000] {processor.py:183} INFO - Processing /opt/airflow/dags/weekly_grocery_pipeline.py took 0.056 seconds
[2026-09-10T07:30:38.228+0000] {processor.py:161} INFO - Started process (PID=1329) to work on /opt/airflow/dags/weekly_grocery_pipeline.py
[2026-09-10T07:30:38.230+0000] {processor.py:830} INFO - Processing file /opt/airflow/dags/weekly_grocery_pipeline.py for tasks to queue
[2026-09-10T07:30:38.231+0000] {logging_mixin.py:188} INFO - [2026-09-10T07:30:38.230+0000] {dagbag.py:538} INFO - Filling up the DagBag from /opt/airflow/dags/weekly_grocery_pipeline.py
[2026-09-10T07:30:38.246+0000] {processor.py:840} INFO - DAG(s) 'weekly_grocery_pipeline' retrieved from /opt/airflow/dags/weekly_grocery_pipeline.py
[2026-09-10T07:30:38.265+0000] {logging_mixin.py:188} INFO - [2026-09-10T07:30:38.264+0000] {dag.py:3036} INFO - Sync 1 DAGs
[2026-09-10T07:30:38.275+0000] {logging_mixin.py:188} INFO - [2026-09-10T07:30:38.275+0000] {dag.py:3823} INFO - Setting next_dagrun for weekly_grocery_pipeline to 2026-09-06 00:00:00+00:00, run_after=2026-09-13 00:00:00+00:00
[2026-09-10T07:30:38.282+0000] {processor.py:183} INFO - Processing /opt/airflow/dags/weekly_grocery_pipeline.py took 0.058 seconds
[2026-09-10T07:31:08.618+0000] {processor.py:161} INFO - Started process (PID=1334) to work on /opt/airflow/dags/weekly_grocery_pipeline.py
[2026-09-10T07:31:08.619+0000] {processor.py:830} INFO - Processing file /opt/airflow/dags/weekly_grocery_pipeline.py for tasks to queue
[2026-09-10T07:31:08.619+0000] {logging_mixin.py:188} INFO - [2026-09-10T07:31:08.619+0000] {dagbag.py:538} INFO - Filling up the DagBag from /opt/airflow/dags/weekly_grocery_pipeline.py
[2026-09-10T07:31:08.627+0000] {processor.py:840} INFO - DAG(s) 'weekly_grocery_pipeline' retrieved from /opt/airflow/dags/weekly_grocery_pipeline.py
[2026-09-10T07:31:08.641+0000] {logging_mixin.py:188} INFO - [2026-09-10T07:31:08.641+0000] {dag.py:3036} INFO - Sync 1 DAGs
[2026-09-10T07:31:08.650+0000] {logging_mixin.py:188} INFO - [2026-09-10T07:31:08.650+0000] {dag.py:3823} INFO - Setting next_dagrun for weekly_grocery_pipeline to 2026-09-06 00:00:00+00:00, run_after=2026-09-13 00:00:00+00:00
[2026-09-10T07:31:08.656+0000] {processor.py:183} INFO - Processing /opt/airflow/dags/weekly_grocery_pipeline.py took 0.040 seconds
[2026-09-10T07:31:39.036+0000] {processor.py:161} INFO - Started process (PID=1339) to work on /opt/airflow/dags/weekly_grocery_pipeline.py
[2026-09-10T07:31:39.037+0000] {processor.py:830} INFO - Processing file /opt/airflow/dags/weekly_grocery_pipeline.py for tasks to queue
[2026-09-10T07:31:39.037+0000] {logging_mixin.py:188} INFO - [2026-09-10T07:31:39.037+0000] {dagbag.py:538} INFO - Filling up the DagBag from /opt/airflow/dags/weekly_grocery_pipeline.py
[2026-09-10T07:31:39.046+0000] {processor.py:840} INFO - DAG(s) 'weekly_grocery_pipeline' retrieved from /opt/airflow/dags/weekly_grocery_pipeline.py
[2026-09-10T07:31:39.063+0000] {logging_mixin.py:188} INFO - [2026-09-10T07:31:39.063+0000] {dag.py:3036} INFO - Sync 1 DAGs
[2026-09-10T07:31:39.073+0000] {logging_mixin.py:188} INFO - [2026-09-10T07:31:39.073+0000] {dag.py:3823} INFO - Setting next_dagrun for weekly_grocery_pipeline to 2026-09-06 00:00:00+00:00, run_after=2026-09-13 00:00:00+00:00
[2026-09-10T07:31:39.079+0000] {processor.py:183} INFO - Processing /opt/airflow/dags/weekly_grocery_pipeline.py took 0.046 seconds
[2026-09-10T07:32:09.429+0000] {processor.py:161} INFO - Started process (PID=1344) to work on /opt/airflow/dags/weekly_grocery_pipeline.py
[2026-09-10T07:32:09.430+0000] {processor.py:830} INFO - Processing file /opt/airflow/dags/weekly_grocery_pipeline.py for tasks to queue
[2026-09-10T07:32:09.430+0000] {logging_mixin.py:188} INFO - [2026-09-10T07:32:09.430+0000] {dagbag.py:538} INFO - Filling up the DagBag from /opt/airflow/dags/weekly_grocery_pipeline.py
[2026-09-10T07:32:09.438+0000] {processor.py:840} INFO - DAG(s) 'weekly_grocery_pipeline' retrieved from /opt/airflow/dags/weekly_grocery_pipeline.py
[2026-09-10T07:32:09.452+0000] {logging_mixin.py:188} INFO - [2026-09-10T07:32:09.452+0000] {dag.py:3036} INFO - Sync 1 DAGs
[2026-09-10T07:32:09.461+0000] {logging_mixin.py:188} INFO - [2026-09-10T07:32:09.461+0000] {dag.py:3823} INFO - Setting next_dagrun for weekly_grocery_pipeline to 2026-09-06 00:00:00+00:00, run_after=2026-09-13 00:00:00+00:00
[2026-09-10T07:32:09.468+0000] {processor.py:183} INFO - Processing /opt/airflow/dags/weekly_grocery_pipeline.py took 0.040 seconds
[2026-09-10T07:32:39.756+0000] {processor.py:161} INFO - Started process (PID=1349) to work on /opt/airflow/dags/weekly_grocery_pipeline.py
[2026-09-10T07:32:39.757+0000] {processor.py:830} INFO - Processing file /opt/airflow/dags/weekly_grocery_pipeline.py for tasks to queue
[2026-09-10T07:32:39.758+0000] {logging_mixin.py:188} INFO - [2026-09-10T07:32:39.758+0000] {dagbag.py:538} INFO - Filling up the DagBag from /opt/airflow/dags/weekly_grocery_pipeline.py
[2026-09-10T07:32:39.768+0000] {processor.py:840} INFO - DAG(s) 'weekly_grocery_pipeline' retrieved from /opt/airflow/dags/weekly_grocery_pipeline.py
[2026-09-10T07:32:39.784+0000] {logging_mixin.py:188} INFO - [2026-09-10T07:32:39.784+0000] {dag.py:3036} INFO - Sync 1 DAGs
[2026-09-10T07:32:39.794+0000] {logging_mixin.py:188} INFO - [2026-09-10T07:32:39.794+0000] {dag.py:3823} INFO - Setting next_dagrun for weekly_grocery_pipeline to 2026-09-06 00:00:00+00:00, run_after=2026-09-13 00:00:00+00:00
[2026-09-10T07:32:39.800+0000] {processor.py:183} INFO - Processing /opt/airflow/dags/weekly_grocery_pipeline.py took 0.046 seconds
[2026-09-10T07:33:10.118+0000] {processor.py:161} INFO - Started process (PID=1354) to work on /opt/airflow/dags/weekly_grocery_pipeline.py
[2026-09-10T07:33:10.120+0000] {processor.py:830} INFO - Processing file /opt/airflow/dags/weekly_grocery_pipeline.py for tasks to queue
[2026-09-10T07:33:10.120+0000] {logging_mixin.py:188} INFO - [2026-09-10T07:33:10.120+0000] {dagbag.py:538} INFO - Filling up the DagBag from /opt/airflow/dags/weekly_grocery_pipeline.py
[2026-09-10T07:33:10.131+0000] {processor.py:840} INFO - DAG(s) 'weekly_grocery_pipeline' retrieved from /opt/airflow/dags/weekly_grocery_pipeline.py
[2026-09-10T07:33:10.147+0000] {logging_mixin.py:188} INFO - [2026-09-10T07:33:10.146+0000] {dag.py:3036} INFO - Sync 1 DAGs
[2026-09-10T07:33:10.158+0000] {logging_mixin.py:188} INFO - [2026-09-10T07:33:10.157+0000] {dag.py:3823} INFO - Setting next_dagrun for weekly_grocery_pipeline to 2026-09-06 00:00:00+00:00, run_after=2026-09-13 00:00:00+00:00
[2026-09-10T07:33:10.164+0000] {processor.py:183} INFO - Processing /opt/airflow/dags/weekly_grocery_pipeline.py took 0.050 seconds
[2026-09-10T07:33:40.486+0000] {processor.py:161} INFO - Started process (PID=1359) to work on /opt/airflow/dags/weekly_grocery_pipeline.py
[2026-09-10T07:33:40.488+0000] {processor.py:830} INFO - Processing file /opt/airflow/dags/weekly_grocery_pipeline.py for tasks to queue
[2026-09-10T07:33:40.488+0000] {logging_mixin.py:188} INFO - [2026-09-10T07:33:40.488+0000] {dagbag.py:538} INFO - Filling up the DagBag from /opt/airflow/dags/weekly_grocery_pipeline.py
[2026-09-10T07:33:40.500+0000] {processor.py:840} INFO - DAG(s) 'weekly_grocery_pipeline' retrieved from /opt/airflow/dags/weekly_grocery_pipeline.py
[2026-09-10T07:33:40.518+0000] {logging_mixin.py:188} INFO - [2026-09-10T07:33:40.518+0000] {dag.py:3036} INFO - Sync 1 DAGs
[2026-09-10T07:33:40.529+0000] {logging_mixin.py:188} INFO - [2026-09-10T07:33:40.529+0000] {dag.py:3823} INFO - Setting next_dagrun for weekly_grocery_pipeline to 2026-09-06 00:00:00+00:00, run_after=2026-09-13 00:00:00+00:00
[2026-09-10T07:33:40.535+0000] {processor.py:183} INFO - Processing /opt/airflow/dags/weekly_grocery_pipeline.py took 0.052 seconds
[2026-09-10T07:34:10.793+0000] {processor.py:161} INFO - Started process (PID=1364) to work on /opt/airflow/dags/weekly_grocery_pipeline.py
[2026-09-10T07:34:10.794+0000] {processor.py:830} INFO - Processing file /opt/airflow/dags/weekly_grocery_pipeline.py for tasks to queue
[2026-09-10T07:34:10.794+0000] {logging_mixin.py:188} INFO - [2026-09-10T07:34:10.794+0000] {dagbag.py:538} INFO - Filling up the DagBag from /opt/airflow/dags/weekly_grocery_pipeline.py
[2026-09-10T07:34:10.805+0000] {processor.py:840} INFO - DAG(s) 'weekly_grocery_pipeline' retrieved from /opt/airflow/dags/weekly_grocery_pipeline.py
[2026-09-10T07:34:10.823+0000] {logging_mixin.py:188} INFO - [2026-09-10T07:34:10.823+0000] {dag.py:3036} INFO - Sync 1 DAGs
[2026-09-10T07:34:10.833+0000] {logging_mixin.py:188} INFO - [2026-09-10T07:34:10.833+0000] {dag.py:3823} INFO - Setting next_dagrun for weekly_grocery_pipeline to 2026-09-06 00:00:00+00:00, run_after=2026-09-13 00:00:00+00:00
[2026-09-10T07:34:10.840+0000] {processor.py:183} INFO - Processing /opt/airflow/dags/weekly_grocery_pipeline.py took 0.050 seconds
[2026-09-10T07:34:41.094+0000] {processor.py:161} INFO - Started process (PID=1369) to work on /opt/airflow/dags/weekly_grocery_pipeline.py
[2026-09-10T07:34:41.095+0000] {processor.py:830} INFO - Processing file /opt/airflow/dags/weekly_grocery_pipeline.py for tasks to queue
[2026-09-10T07:34:41.095+0000] {logging_mixin.py:188} INFO - [2026-09-10T07:34:41.095+0000] {dagbag.py:538} INFO - Filling up the DagBag from /opt/airflow/dags/weekly_grocery_pipeline.py
[2026-09-10T07:34:41.106+0000] {processor.py:840} INFO - DAG(s) 'weekly_grocery_pipeline' retrieved from /opt/airflow/dags/weekly_grocery_pipeline.py
[2026-09-10T07:34:41.124+0000] {logging_mixin.py:188} INFO - [2026-09-10T07:34:41.124+0000] {dag.py:3036} INFO - Sync 1 DAGs
[2026-09-10T07:34:41.135+0000] {logging_mixin.py:188} INFO - [2026-09-10T07:34:41.135+0000] {dag.py:3823} INFO - Setting next_dagrun for weekly_grocery_pipeline to 2026-09-06 00:00:00+00:00, run_after=2026-09-13 00:00:00+00:00
[2026-09-10T07:34:41.141+0000] {processor.py:183} INFO - Processing /opt/airflow/dags/weekly_grocery_pipeline.py took 0.051 seconds
[2026-09-10T07:35:11.367+0000] {processor.py:161} INFO - Started process (PID=1374) to work on /opt/airflow/dags/weekly_grocery_pipeline.py
[2026-09-10T07:35:11.368+0000] {processor.py:830} INFO - Processing file /opt/airflow/dags/weekly_grocery_pipeline.py for tasks to queue
[2026-09-10T07:35:11.369+0000] {logging_mixin.py:188} INFO - [2026-09-10T07:35:11.368+0000] {dagbag.py:538} INFO - Filling up the DagBag from /opt/airflow/dags/weekly_grocery_pipeline.py
[2026-09-10T07:35:11.380+0000] {processor.py:840} INFO - DAG(s) 'weekly_grocery_pipeline' retrieved from /opt/airflow/dags/weekly_grocery_pipeline.py
[2026-09-10T07:35:11.398+0000] {logging_mixin.py:188} INFO - [2026-09-10T07:35:11.398+0000] {dag.py:3036} INFO - Sync 1 DAGs
[2026-09-10T07:35:11.408+0000] {logging_mixin.py:188} INFO - [2026-09-10T07:35:11.408+0000] {dag.py:3823} INFO - Setting next_dagrun for weekly_grocery_pipeline to 2026-09-06 00:00:00+00:00, run_after=2026-09-13 00:00:00+00:00
[2026-09-10T07:35:11.415+0000] {processor.py:183} INFO - Processing /opt/airflow/dags/weekly_grocery_pipeline.py took 0.051 seconds
[2026-09-10T07:35:41.680+0000] {processor.py:161} INFO - Started process (PID=1379) to work on /opt/airflow/dags/weekly_grocery_pipeline.py
[2026-09-10T07:35:41.681+0000] {processor.py:830} INFO - Processing file /opt/airflow/dags/weekly_grocery_pipeline.py for tasks to queue
[2026-09-10T07:35:41.682+0000] {logging_mixin.py:188} INFO - [2026-09-10T07:35:41.682+0000] {dagbag.py:538} INFO - Filling up the DagBag from /opt/airflow/dags/weekly_grocery_pipeline.py
[2026-09-10T07:35:41.693+0000] {processor.py:840} INFO - DAG(s) 'weekly_grocery_pipeline' retrieved from /opt/airflow/dags/weekly_grocery_pipeline.py
[2026-09-10T07:35:41.712+0000] {logging_mixin.py:188} INFO - [2026-09-10T07:35:41.712+0000] {dag.py:3036} INFO - Sync 1 DAGs
[2026-09-10T07:35:41.723+0000] {logging_mixin.py:188} INFO - [2026-09-10T07:35:41.723+0000] {dag.py:3823} INFO - Setting next_dagrun for weekly_grocery_pipeline to 2026-09-06 00:00:00+00:00, run_after=2026-09-13 00:00:00+00:00
[2026-09-10T07:35:41.730+0000] {processor.py:183} INFO - Processing /opt/airflow/dags/weekly_grocery_pipeline.py took 0.053 seconds
[2026-09-10T07:36:12.039+0000] {processor.py:161} INFO - Started process (PID=1384) to work on /opt/airflow/dags/weekly_grocery_pipeline.py
[2026-09-10T07:36:12.040+0000] {processor.py:830} INFO - Processing file /opt/airflow/dags/weekly_grocery_pipeline.py for tasks to queue
[2026-09-10T07:36:12.042+0000] {logging_mixin.py:188} INFO - [2026-09-10T07:36:12.041+0000] {dagbag.py:538} INFO - Filling up the DagBag from /opt/airflow/dags/weekly_grocery_pipeline.py
[2026-09-10T07:36:12.069+0000] {processor.py:840} INFO - DAG(s) 'weekly_grocery_pipeline' retrieved from /opt/airflow/dags/weekly_grocery_pipeline.py
[2026-09-10T07:36:12.101+0000] {logging_mixin.py:188} INFO - [2026-09-10T07:36:12.101+0000] {dag.py:3036} INFO - Sync 1 DAGs
[2026-09-10T07:36:12.114+0000] {logging_mixin.py:188} INFO - [2026-09-10T07:36:12.114+0000] {dag.py:3823} INFO - Setting next_dagrun for weekly_grocery_pipeline to 2026-09-06 00:00:00+00:00, run_after=2026-09-13 00:00:00+00:00
[2026-09-10T07:36:12.121+0000] {processor.py:183} INFO - Processing /opt/airflow/dags/weekly_grocery_pipeline.py took 0.089 seconds
[2026-09-10T07:36:42.335+0000] {processor.py:161} INFO - Started process (PID=1389) to work on /opt/airflow/dags/weekly_grocery_pipeline.py
[2026-09-10T07:36:42.336+0000] {processor.py:830} INFO - Processing file /opt/airflow/dags/weekly_grocery_pipeline.py for tasks to queue
[2026-09-10T07:36:42.337+0000] {logging_mixin.py:188} INFO - [2026-09-10T07:36:42.337+0000] {dagbag.py:538} INFO - Filling up the DagBag from /opt/airflow/dags/weekly_grocery_pipeline.py
[2026-09-10T07:36:42.348+0000] {processor.py:840} INFO - DAG(s) 'weekly_grocery_pipeline' retrieved from /opt/airflow/dags/weekly_grocery_pipeline.py
[2026-09-10T07:36:42.370+0000] {logging_mixin.py:188} INFO - [2026-09-10T07:36:42.370+0000] {dag.py:3036} INFO - Sync 1 DAGs
[2026-09-10T07:36:42.380+0000] {logging_mixin.py:188} INFO - [2026-09-10T07:36:42.380+0000] {dag.py:3823} INFO - Setting next_dagrun for weekly_grocery_pipeline to 2026-09-06 00:00:00+00:00, run_after=2026-09-13 00:00:00+00:00
[2026-09-10T07:36:42.387+0000] {processor.py:183} INFO - Processing /opt/airflow/dags/weekly_grocery_pipeline.py took 0.055 seconds
[2026-09-10T07:37:12.664+0000] {processor.py:161} INFO - Started process (PID=1394) to work on /opt/airflow/dags/weekly_grocery_pipeline.py
[2026-09-10T07:37:12.665+0000] {processor.py:830} INFO - Processing file /opt/airflow/dags/weekly_grocery_pipeline.py for tasks to queue
[2026-09-10T07:37:12.666+0000] {logging_mixin.py:188} INFO - [2026-09-10T07:37:12.666+0000] {dagbag.py:538} INFO - Filling up the DagBag from /opt/airflow/dags/weekly_grocery_pipeline.py
[2026-09-10T07:37:12.678+0000] {processor.py:840} INFO - DAG(s) 'weekly_grocery_pipeline' retrieved from /opt/airflow/dags/weekly_grocery_pipeline.py
[2026-09-10T07:37:12.697+0000] {logging_mixin.py:188} INFO - [2026-09-10T07:37:12.697+0000] {dag.py:3036} INFO - Sync 1 DAGs
[2026-09-10T07:37:12.708+0000] {logging_mixin.py:188} INFO - [2026-09-10T07:37:12.708+0000] {dag.py:3823} INFO - Setting next_dagrun for weekly_grocery_pipeline to 2026-09-06 00:00:00+00:00, run_after=2026-09-13 00:00:00+00:00
[2026-09-10T07:37:12.715+0000] {processor.py:183} INFO - Processing /opt/airflow/dags/weekly_grocery_pipeline.py took 0.054 seconds
[2026-09-10T07:37:42.901+0000] {processor.py:161} INFO - Started process (PID=1399) to work on /opt/airflow/dags/weekly_grocery_pipeline.py
[2026-09-10T07:37:42.902+0000] {processor.py:830} INFO - Processing file /opt/airflow/dags/weekly_grocery_pipeline.py for tasks to queue
[2026-09-10T07:37:42.903+0000] {logging_mixin.py:188} INFO - [2026-09-10T07:37:42.902+0000] {dagbag.py:538} INFO - Filling up the DagBag from /opt/airflow/dags/weekly_grocery_pipeline.py
[2026-09-10T07:37:42.913+0000] {processor.py:840} INFO - DAG(s) 'weekly_grocery_pipeline' retrieved from /opt/airflow/dags/weekly_grocery_pipeline.py
[2026-09-10T07:37:42.930+0000] {logging_mixin.py:188} INFO - [2026-09-10T07:37:42.930+0000] {dag.py:3036} INFO - Sync 1 DAGs
[2026-09-10T07:37:42.940+0000] {logging_mixin.py:188} INFO - [2026-09-10T07:37:42.940+0000] {dag.py:3823} INFO - Setting next_dagrun for weekly_grocery_pipeline to 2026-09-06 00:00:00+00:00, run_after=2026-09-13 00:00:00+00:00
[2026-09-10T07:37:42.946+0000] {processor.py:183} INFO - Processing /opt/airflow/dags/weekly_grocery_pipeline.py took 0.049 seconds
[2026-09-10T07:38:13.138+0000] {processor.py:161} INFO - Started process (PID=1404) to work on /opt/airflow/dags/weekly_grocery_pipeline.py
[2026-09-10T07:38:13.139+0000] {processor.py:830} INFO - Processing file /opt/airflow/dags/weekly_grocery_pipeline.py for tasks to queue
[2026-09-10T07:38:13.140+0000] {logging_mixin.py:188} INFO - [2026-09-10T07:38:13.140+0000] {dagbag.py:538} INFO - Filling up the DagBag from /opt/airflow/dags/weekly_grocery_pipeline.py
[2026-09-10T07:38:13.151+0000] {processor.py:840} INFO - DAG(s) 'weekly_grocery_pipeline' retrieved from /opt/airflow/dags/weekly_grocery_pipeline.py
[2026-09-10T07:38:13.170+0000] {logging_mixin.py:188} INFO - [2026-09-10T07:38:13.170+0000] {dag.py:3036} INFO - Sync 1 DAGs
[2026-09-10T07:38:13.180+0000] {logging_mixin.py:188} INFO - [2026-09-10T07:38:13.180+0000] {dag.py:3823} INFO - Setting next_dagrun for weekly_grocery_pipeline to 2026-09-06 00:00:00+00:00, run_after=2026-09-13 00:00:00+00:00
[2026-09-10T07:38:13.187+0000] {processor.py:183} INFO - Processing /opt/airflow/dags/weekly_grocery_pipeline.py took 0.052 seconds
[2026-09-10T07:38:43.386+0000] {processor.py:161} INFO - Started process (PID=1409) to work on /opt/airflow/dags/weekly_grocery_pipeline.py
[2026-09-10T07:38:43.387+0000] {processor.py:830} INFO - Processing file /opt/airflow/dags/weekly_grocery_pipeline.py for tasks to queue
[2026-09-10T07:38:43.388+0000] {logging_mixin.py:188} INFO - [2026-09-10T07:38:43.388+0000] {dagbag.py:538} INFO - Filling up the DagBag from /opt/airflow/dags/weekly_grocery_pipeline.py
[2026-09-10T07:38:43.399+0000] {processor.py:840} INFO - DAG(s) 'weekly_grocery_pipeline' retrieved from /opt/airflow/dags/weekly_grocery_pipeline.py
[2026-09-10T07:38:43.418+0000] {logging_mixin.py:188} INFO - [2026-09-10T07:38:43.418+0000] {dag.py:3036} INFO - Sync 1 DAGs
[2026-09-10T07:38:43.428+0000] {logging_mixin.py:188} INFO - [2026-09-10T07:38:43.428+0000] {dag.py:3823} INFO - Setting next_dagrun for weekly_grocery_pipeline to 2026-09-06 00:00:00+00:00, run_after=2026-09-13 00:00:00+00:00
[2026-09-10T07:38:43.435+0000] {processor.py:183} INFO - Processing /opt/airflow/dags/weekly_grocery_pipeline.py took 0.053 seconds
[2026-09-10T07:39:13.775+0000] {processor.py:161} INFO - Started process (PID=1414) to work on /opt/airflow/dags/weekly_grocery_pipeline.py
[2026-09-10T07:39:13.776+0000] {processor.py:830} INFO - Processing file /opt/airflow/dags/weekly_grocery_pipeline.py for tasks to queue
[2026-09-10T07:39:13.777+0000] {logging_mixin.py:188} INFO - [2026-09-10T07:39:13.777+0000] {dagbag.py:538} INFO - Filling up the DagBag from /opt/airflow/dags/weekly_grocery_pipeline.py
[2026-09-10T07:39:13.792+0000] {processor.py:840} INFO - DAG(s) 'weekly_grocery_pipeline' retrieved from /opt/airflow/dags/weekly_grocery_pipeline.py
[2026-09-10T07:39:13.814+0000] {logging_mixin.py:188} INFO - [2026-09-10T07:39:13.814+0000] {dag.py:3036} INFO - Sync 1 DAGs
[2026-09-10T07:39:13.826+0000] {logging_mixin.py:188} INFO - [2026-09-10T07:39:13.826+0000] {dag.py:3823} INFO - Setting next_dagrun for weekly_grocery_pipeline to 2026-09-06 00:00:00+00:00, run_after=2026-09-13 00:00:00+00:00
[2026-09-10T07:39:13.833+0000] {processor.py:183} INFO - Processing /opt/airflow/dags/weekly_grocery_pipeline.py took 0.063 seconds
[2026-09-10T07:39:44.104+0000] {processor.py:161} INFO - Started process (PID=1419) to work on /opt/airflow/dags/weekly_grocery_pipeline.py
[2026-09-10T07:39:44.104+0000] {processor.py:830} INFO - Processing file /opt/airflow/dags/weekly_grocery_pipeline.py for tasks to queue
[2026-09-10T07:39:44.105+0000] {logging_mixin.py:188} INFO - [2026-09-10T07:39:44.105+0000] {dagbag.py:538} INFO - Filling up the DagBag from /opt/airflow/dags/weekly_grocery_pipeline.py
[2026-09-10T07:39:44.114+0000] {processor.py:840} INFO - DAG(s) 'weekly_grocery_pipeline' retrieved from /opt/airflow/dags/weekly_grocery_pipeline.py
[2026-09-10T07:39:44.131+0000] {logging_mixin.py:188} INFO - [2026-09-10T07:39:44.131+0000] {dag.py:3036} INFO - Sync 1 DAGs
[2026-09-10T07:39:44.143+0000] {logging_mixin.py:188} INFO - [2026-09-10T07:39:44.142+0000] {dag.py:3823} INFO - Setting next_dagrun for weekly_grocery_pipeline to 2026-09-06 00:00:00+00:00, run_after=2026-09-13 00:00:00+00:00
[2026-09-10T07:39:44.150+0000] {processor.py:183} INFO - Processing /opt/airflow/dags/weekly_grocery_pipeline.py took 0.049 seconds
[2026-09-10T07:40:14.476+0000] {processor.py:161} INFO - Started process (PID=1424) to work on /opt/airflow/dags/weekly_grocery_pipeline.py
[2026-09-10T07:40:14.477+0000] {processor.py:830} INFO - Processing file /opt/airflow/dags/weekly_grocery_pipeline.py for tasks to queue
[2026-09-10T07:40:14.477+0000] {logging_mixin.py:188} INFO - [2026-09-10T07:40:14.477+0000] {dagbag.py:538} INFO - Filling up the DagBag from /opt/airflow/dags/weekly_grocery_pipeline.py
[2026-09-10T07:40:14.490+0000] {processor.py:840} INFO - DAG(s) 'weekly_grocery_pipeline' retrieved from /opt/airflow/dags/weekly_grocery_pipeline.py
[2026-09-10T07:40:14.510+0000] {logging_mixin.py:188} INFO - [2026-09-10T07:40:14.510+0000] {dag.py:3036} INFO - Sync 1 DAGs
[2026-09-10T07:40:14.521+0000] {logging_mixin.py:188} INFO - [2026-09-10T07:40:14.521+0000] {dag.py:3823} INFO - Setting next_dagrun for weekly_grocery_pipeline to 2026-09-06 00:00:00+00:00, run_after=2026-09-13 00:00:00+00:00
[2026-09-10T07:40:14.528+0000] {processor.py:183} INFO - Processing /opt/airflow/dags/weekly_grocery_pipeline.py took 0.056 seconds
[2026-09-10T07:40:44.948+0000] {processor.py:161} INFO - Started process (PID=1429) to work on /opt/airflow/dags/weekly_grocery_pipeline.py
[2026-09-10T07:40:44.950+0000] {processor.py:830} INFO - Processing file /opt/airflow/dags/weekly_grocery_pipeline.py for tasks to queue
[2026-09-10T07:40:44.951+0000] {logging_mixin.py:188} INFO - [2026-09-10T07:40:44.950+0000] {dagbag.py:538} INFO - Filling up the DagBag from /opt/airflow/dags/weekly_grocery_pipeline.py
[2026-09-10T07:40:44.978+0000] {processor.py:840} INFO - DAG(s) 'weekly_grocery_pipeline' retrieved from /opt/airflow/dags/weekly_grocery_pipeline.py
[2026-09-10T07:40:45.007+0000] {logging_mixin.py:188} INFO - [2026-09-10T07:40:45.007+0000] {dag.py:3036} INFO - Sync 1 DAGs
[2026-09-10T07:40:45.019+0000] {logging_mixin.py:188} INFO - [2026-09-10T07:40:45.019+0000] {dag.py:3823} INFO - Setting next_dagrun for weekly_grocery_pipeline to 2026-09-06 00:00:00+00:00, run_after=2026-09-13 00:00:00+00:00
[2026-09-10T07:40:45.027+0000] {processor.py:183} INFO - Processing /opt/airflow/dags/weekly_grocery_pipeline.py took 0.086 seconds
[2026-09-10T07:41:15.315+0000] {processor.py:161} INFO - Started process (PID=1434) to work on /opt/airflow/dags/weekly_grocery_pipeline.py
[2026-09-10T07:41:15.316+0000] {processor.py:830} INFO - Processing file /opt/airflow/dags/weekly_grocery_pipeline.py for tasks to queue
[2026-09-10T07:41:15.317+0000] {logging_mixin.py:188} INFO - [2026-09-10T07:41:15.317+0000] {dagbag.py:538} INFO - Filling up the DagBag from /opt/airflow/dags/weekly_grocery_pipeline.py
[2026-09-10T07:41:15.329+0000] {processor.py:840} INFO - DAG(s) 'weekly_grocery_pipeline' retrieved from /opt/airflow/dags/weekly_grocery_pipeline.py
[2026-09-10T07:41:15.348+0000] {logging_mixin.py:188} INFO - [2026-09-10T07:41:15.348+0000] {dag.py:3036} INFO - Sync 1 DAGs
[2026-09-10T07:41:15.360+0000] {logging_mixin.py:188} INFO - [2026-09-10T07:41:15.360+0000] {dag.py:3823} INFO - Setting next_dagrun for weekly_grocery_pipeline to 2026-09-06 00:00:00+00:00, run_after=2026-09-13 00:00:00+00:00
[2026-09-10T07:41:15.368+0000] {processor.py:183} INFO - Processing /opt/airflow/dags/weekly_grocery_pipeline.py took 0.057 seconds
[2026-09-10T07:41:45.678+0000] {processor.py:161} INFO - Started process (PID=1439) to work on /opt/airflow/dags/weekly_grocery_pipeline.py
[2026-09-10T07:41:45.679+0000] {processor.py:830} INFO - Processing file /opt/airflow/dags/weekly_grocery_pipeline.py for tasks to queue
[2026-09-10T07:41:45.680+0000] {logging_mixin.py:188} INFO - [2026-09-10T07:41:45.680+0000] {dagbag.py:538} INFO - Filling up the DagBag from /opt/airflow/dags/weekly_grocery_pipeline.py
[2026-09-10T07:41:45.691+0000] {processor.py:840} INFO - DAG(s) 'weekly_grocery_pipeline' retrieved from /opt/airflow/dags/weekly_grocery_pipeline.py
[2026-09-10T07:41:45.709+0000] {logging_mixin.py:188} INFO - [2026-09-10T07:41:45.709+0000] {dag.py:3036} INFO - Sync 1 DAGs
[2026-09-10T07:41:45.721+0000] {logging_mixin.py:188} INFO - [2026-09-10T07:41:45.721+0000] {dag.py:3823} INFO - Setting next_dagrun for weekly_grocery_pipeline to 2026-09-06 00:00:00+00:00, run_after=2026-09-13 00:00:00+00:00
[2026-09-10T07:41:45.729+0000] {processor.py:183} INFO - Processing /opt/airflow/dags/weekly_grocery_pipeline.py took 0.054 seconds
[2026-09-10T07:42:16.011+0000] {processor.py:161} INFO - Started process (PID=1444) to work on /opt/airflow/dags/weekly_grocery_pipeline.py
[2026-09-10T07:42:16.012+0000] {processor.py:830} INFO - Processing file /opt/airflow/dags/weekly_grocery_pipeline.py for tasks to queue
[2026-09-10T07:42:16.013+0000] {logging_mixin.py:188} INFO - [2026-09-10T07:42:16.013+0000] {dagbag.py:538} INFO - Filling up the DagBag from /opt/airflow/dags/weekly_grocery_pipeline.py
[2026-09-10T07:42:16.025+0000] {processor.py:840} INFO - DAG(s) 'weekly_grocery_pipeline' retrieved from /opt/airflow/dags/weekly_grocery_pipeline.py
[2026-09-10T07:42:16.045+0000] {logging_mixin.py:188} INFO - [2026-09-10T07:42:16.045+0000] {dag.py:3036} INFO - Sync 1 DAGs
[2026-09-10T07:42:16.056+0000] {logging_mixin.py:188} INFO - [2026-09-10T07:42:16.056+0000] {dag.py:3823} INFO - Setting next_dagrun for weekly_grocery_pipeline to 2026-09-06 00:00:00+00:00, run_after=2026-09-13 00:00:00+00:00
[2026-09-10T07:42:16.062+0000] {processor.py:183} INFO - Processing /opt/airflow/dags/weekly_grocery_pipeline.py took 0.054 seconds
[2026-09-10T07:42:46.411+0000] {processor.py:161} INFO - Started process (PID=1449) to work on /opt/airflow/dags/weekly_grocery_pipeline.py
[2026-09-10T07:42:46.412+0000] {processor.py:830} INFO - Processing file /opt/airflow/dags/weekly_grocery_pipeline.py for tasks to queue
[2026-09-10T07:42:46.413+0000] {logging_mixin.py:188} INFO - [2026-09-10T07:42:46.413+0000] {dagbag.py:538} INFO - Filling up the DagBag from /opt/airflow/dags/weekly_grocery_pipeline.py
[2026-09-10T07:42:46.423+0000] {processor.py:840} INFO - DAG(s) 'weekly_grocery_pipeline' retrieved from /opt/airflow/dags/weekly_grocery_pipeline.py
[2026-09-10T07:42:46.443+0000] {logging_mixin.py:188} INFO - [2026-09-10T07:42:46.443+0000] {dag.py:3036} INFO - Sync 1 DAGs
[2026-09-10T07:42:46.454+0000] {logging_mixin.py:188} INFO - [2026-09-10T07:42:46.453+0000] {dag.py:3823} INFO - Setting next_dagrun for weekly_grocery_pipeline to 2026-09-06 00:00:00+00:00, run_after=2026-09-13 00:00:00+00:00
[2026-09-10T07:42:46.460+0000] {processor.py:183} INFO - Processing /opt/airflow/dags/weekly_grocery_pipeline.py took 0.052 seconds
[2026-09-10T07:43:16.795+0000] {processor.py:161} INFO - Started process (PID=1454) to work on /opt/airflow/dags/weekly_grocery_pipeline.py
[2026-09-10T07:43:16.796+0000] {processor.py:830} INFO - Processing file /opt/airflow/dags/weekly_grocery_pipeline.py for tasks to queue
[2026-09-10T07:43:16.797+0000] {logging_mixin.py:188} INFO - [2026-09-10T07:43:16.797+0000] {dagbag.py:538} INFO - Filling up the DagBag from /opt/airflow/dags/weekly_grocery_pipeline.py
[2026-09-10T07:43:16.808+0000] {processor.py:840} INFO - DAG(s) 'weekly_grocery_pipeline' retrieved from /opt/airflow/dags/weekly_grocery_pipeline.py
[2026-09-10T07:43:16.827+0000] {logging_mixin.py:188} INFO - [2026-09-10T07:43:16.826+0000] {dag.py:3036} INFO - Sync 1 DAGs
[2026-09-10T07:43:16.837+0000] {logging_mixin.py:188} INFO - [2026-09-10T07:43:16.837+0000] {dag.py:3823} INFO - Setting next_dagrun for weekly_grocery_pipeline to 2026-09-06 00:00:00+00:00, run_after=2026-09-13 00:00:00+00:00
[2026-09-10T07:43:16.843+0000] {processor.py:183} INFO - Processing /opt/airflow/dags/weekly_grocery_pipeline.py took 0.051 seconds
[2026-09-10T07:43:47.167+0000] {processor.py:161} INFO - Started process (PID=1459) to work on /opt/airflow/dags/weekly_grocery_pipeline.py
[2026-09-10T07:43:47.168+0000] {processor.py:830} INFO - Processing file /opt/airflow/dags/weekly_grocery_pipeline.py for tasks to queue
[2026-09-10T07:43:47.169+0000] {logging_mixin.py:188} INFO - [2026-09-10T07:43:47.169+0000] {dagbag.py:538} INFO - Filling up the DagBag from /opt/airflow/dags/weekly_grocery_pipeline.py
[2026-09-10T07:43:47.180+0000] {processor.py:840} INFO - DAG(s) 'weekly_grocery_pipeline' retrieved from /opt/airflow/dags/weekly_grocery_pipeline.py
[2026-09-10T07:43:47.198+0000] {logging_mixin.py:188} INFO - [2026-09-10T07:43:47.198+0000] {dag.py:3036} INFO - Sync 1 DAGs
[2026-09-10T07:43:47.209+0000] {logging_mixin.py:188} INFO - [2026-09-10T07:43:47.209+0000] {dag.py:3823} INFO - Setting next_dagrun for weekly_grocery_pipeline to 2026-09-06 00:00:00+00:00, run_after=2026-09-13 00:00:00+00:00
[2026-09-10T07:43:47.215+0000] {processor.py:183} INFO - Processing /opt/airflow/dags/weekly_grocery_pipeline.py took 0.051 seconds
[2026-09-10T07:44:17.513+0000] {processor.py:161} INFO - Started process (PID=1464) to work on /opt/airflow/dags/weekly_grocery_pipeline.py
[2026-09-10T07:44:17.514+0000] {processor.py:830} INFO - Processing file /opt/airflow/dags/weekly_grocery_pipeline.py for tasks to queue
[2026-09-10T07:44:17.515+0000] {logging_mixin.py:188} INFO - [2026-09-10T07:44:17.515+0000] {dagbag.py:538} INFO - Filling up the DagBag from /opt/airflow/dags/weekly_grocery_pipeline.py
[2026-09-10T07:44:17.527+0000] {processor.py:840} INFO - DAG(s) 'weekly_grocery_pipeline' retrieved from /opt/airflow/dags/weekly_grocery_pipeline.py
[2026-09-10T07:44:17.548+0000] {logging_mixin.py:188} INFO - [2026-09-10T07:44:17.548+0000] {dag.py:3036} INFO - Sync 1 DAGs
[2026-09-10T07:44:17.559+0000] {logging_mixin.py:188} INFO - [2026-09-10T07:44:17.559+0000] {dag.py:3823} INFO - Setting next_dagrun for weekly_grocery_pipeline to 2026-09-06 00:00:00+00:00, run_after=2026-09-13 00:00:00+00:00
[2026-09-10T07:44:17.568+0000] {processor.py:183} INFO - Processing /opt/airflow/dags/weekly_grocery_pipeline.py took 0.061 seconds
[2026-09-10T07:44:47.985+0000] {processor.py:161} INFO - Started process (PID=1469) to work on /opt/airflow/dags/weekly_grocery_pipeline.py
[2026-09-10T07:44:47.990+0000] {processor.py:830} INFO - Processing file /opt/airflow/dags/weekly_grocery_pipeline.py for tasks to queue
[2026-09-10T07:44:47.991+0000] {logging_mixin.py:188} INFO - [2026-09-10T07:44:47.990+0000] {dagbag.py:538} INFO - Filling up the DagBag from /opt/airflow/dags/weekly_grocery_pipeline.py
[2026-09-10T07:44:48.010+0000] {processor.py:840} INFO - DAG(s) 'weekly_grocery_pipeline' retrieved from /opt/airflow/dags/weekly_grocery_pipeline.py
[2026-09-10T07:44:48.033+0000] {logging_mixin.py:188} INFO - [2026-09-10T07:44:48.033+0000] {dag.py:3036} INFO - Sync 1 DAGs
[2026-09-10T07:44:48.047+0000] {logging_mixin.py:188} INFO - [2026-09-10T07:44:48.046+0000] {dag.py:3823} INFO - Setting next_dagrun for weekly_grocery_pipeline to 2026-09-06 00:00:00+00:00, run_after=2026-09-13 00:00:00+00:00
[2026-09-10T07:44:48.056+0000] {processor.py:183} INFO - Processing /opt/airflow/dags/weekly_grocery_pipeline.py took 0.077 seconds
[2026-09-10T07:45:18.266+0000] {processor.py:161} INFO - Started process (PID=1474) to work on /opt/airflow/dags/weekly_grocery_pipeline.py
[2026-09-10T07:45:18.267+0000] {processor.py:830} INFO - Processing file /opt/airflow/dags/weekly_grocery_pipeline.py for tasks to queue
[2026-09-10T07:45:18.268+0000] {logging_mixin.py:188} INFO - [2026-09-10T07:45:18.267+0000] {dagbag.py:538} INFO - Filling up the DagBag from /opt/airflow/dags/weekly_grocery_pipeline.py
[2026-09-10T07:45:18.279+0000] {processor.py:840} INFO - DAG(s) 'weekly_grocery_pipeline' retrieved from /opt/airflow/dags/weekly_grocery_pipeline.py
[2026-09-10T07:45:18.297+0000] {logging_mixin.py:188} INFO - [2026-09-10T07:45:18.297+0000] {dag.py:3036} INFO - Sync 1 DAGs
[2026-09-10T07:45:18.308+0000] {logging_mixin.py:188} INFO - [2026-09-10T07:45:18.308+0000] {dag.py:3823} INFO - Setting next_dagrun for weekly_grocery_pipeline to 2026-09-06 00:00:00+00:00, run_after=2026-09-13 00:00:00+00:00
[2026-09-10T07:45:18.315+0000] {processor.py:183} INFO - Processing /opt/airflow/dags/weekly_grocery_pipeline.py took 0.053 seconds
[2026-09-10T07:45:48.571+0000] {processor.py:161} INFO - Started process (PID=1479) to work on /opt/airflow/dags/weekly_grocery_pipeline.py
[2026-09-10T07:45:48.573+0000] {processor.py:830} INFO - Processing file /opt/airflow/dags/weekly_grocery_pipeline.py for tasks to queue
[2026-09-10T07:45:48.573+0000] {logging_mixin.py:188} INFO - [2026-09-10T07:45:48.573+0000] {dagbag.py:538} INFO - Filling up the DagBag from /opt/airflow/dags/weekly_grocery_pipeline.py
[2026-09-10T07:45:48.584+0000] {processor.py:840} INFO - DAG(s) 'weekly_grocery_pipeline' retrieved from /opt/airflow/dags/weekly_grocery_pipeline.py
[2026-09-10T07:45:48.605+0000] {logging_mixin.py:188} INFO - [2026-09-10T07:45:48.605+0000] {dag.py:3036} INFO - Sync 1 DAGs
[2026-09-10T07:45:48.615+0000] {logging_mixin.py:188} INFO - [2026-09-10T07:45:48.615+0000] {dag.py:3823} INFO - Setting next_dagrun for weekly_grocery_pipeline to 2026-09-06 00:00:00+00:00, run_after=2026-09-13 00:00:00+00:00
[2026-09-10T07:45:48.621+0000] {processor.py:183} INFO - Processing /opt/airflow/dags/weekly_grocery_pipeline.py took 0.055 seconds
[2026-09-10T07:46:18.936+0000] {processor.py:161} INFO - Started process (PID=1484) to work on /opt/airflow/dags/weekly_grocery_pipeline.py
[2026-09-10T07:46:18.937+0000] {processor.py:830} INFO - Processing file /opt/airflow/dags/weekly_grocery_pipeline.py for tasks to queue
[2026-09-10T07:46:18.938+0000] {logging_mixin.py:188} INFO - [2026-09-10T07:46:18.938+0000] {dagbag.py:538} INFO - Filling up the DagBag from /opt/airflow/dags/weekly_grocery_pipeline.py
[2026-09-10T07:46:18.951+0000] {processor.py:840} INFO - DAG(s) 'weekly_grocery_pipeline' retrieved from /opt/airflow/dags/weekly_grocery_pipeline.py
[2026-09-10T07:46:18.971+0000] {logging_mixin.py:188} INFO - [2026-09-10T07:46:18.971+0000] {dag.py:3036} INFO - Sync 1 DAGs
[2026-09-10T07:46:18.983+0000] {logging_mixin.py:188} INFO - [2026-09-10T07:46:18.983+0000] {dag.py:3823} INFO - Setting next_dagrun for weekly_grocery_pipeline to 2026-09-06 00:00:00+00:00, run_after=2026-09-13 00:00:00+00:00
[2026-09-10T07:46:18.989+0000] {processor.py:183} INFO - Processing /opt/airflow/dags/weekly_grocery_pipeline.py took 0.056 seconds
[2026-09-10T07:46:49.332+0000] {processor.py:161} INFO - Started process (PID=1489) to work on /opt/airflow/dags/weekly_grocery_pipeline.py
[2026-09-10T07:46:49.333+0000] {processor.py:830} INFO - Processing file /opt/airflow/dags/weekly_grocery_pipeline.py for tasks to queue
[2026-09-10T07:46:49.334+0000] {logging_mixin.py:188} INFO - [2026-09-10T07:46:49.334+0000] {dagbag.py:538} INFO - Filling up the DagBag from /opt/airflow/dags/weekly_grocery_pipeline.py
[2026-09-10T07:46:49.346+0000] {processor.py:840} INFO - DAG(s) 'weekly_grocery_pipeline' retrieved from /opt/airflow/dags/weekly_grocery_pipeline.py
[2026-09-10T07:46:49.364+0000] {logging_mixin.py:188} INFO - [2026-09-10T07:46:49.364+0000] {dag.py:3036} INFO - Sync 1 DAGs
[2026-09-10T07:46:49.376+0000] {logging_mixin.py:188} INFO - [2026-09-10T07:46:49.376+0000] {dag.py:3823} INFO - Setting next_dagrun for weekly_grocery_pipeline to 2026-09-06 00:00:00+00:00, run_after=2026-09-13 00:00:00+00:00
[2026-09-10T07:46:49.383+0000] {processor.py:183} INFO - Processing /opt/airflow/dags/weekly_grocery_pipeline.py took 0.054 seconds
[2026-09-10T07:47:19.761+0000] {processor.py:161} INFO - Started process (PID=1494) to work on /opt/airflow/dags/weekly_grocery_pipeline.py
[2026-09-10T07:47:19.762+0000] {processor.py:830} INFO - Processing file /opt/airflow/dags/weekly_grocery_pipeline.py for tasks to queue
[2026-09-10T07:47:19.762+0000] {logging_mixin.py:188} INFO - [2026-09-10T07:47:19.762+0000] {dagbag.py:538} INFO - Filling up the DagBag from /opt/airflow/dags/weekly_grocery_pipeline.py
[2026-09-10T07:47:19.774+0000] {processor.py:840} INFO - DAG(s) 'weekly_grocery_pipeline' retrieved from /opt/airflow/dags/weekly_grocery_pipeline.py
[2026-09-10T07:47:19.793+0000] {logging_mixin.py:188} INFO - [2026-09-10T07:47:19.793+0000] {dag.py:3036} INFO - Sync 1 DAGs
[2026-09-10T07:47:19.805+0000] {logging_mixin.py:188} INFO - [2026-09-10T07:47:19.804+0000] {dag.py:3823} INFO - Setting next_dagrun for weekly_grocery_pipeline to 2026-09-06 00:00:00+00:00, run_after=2026-09-13 00:00:00+00:00
[2026-09-10T07:47:19.811+0000] {processor.py:183} INFO - Processing /opt/airflow/dags/weekly_grocery_pipeline.py took 0.054 seconds
[2026-09-10T07:47:50.136+0000] {processor.py:161} INFO - Started process (PID=1499) to work on /opt/airflow/dags/weekly_grocery_pipeline.py
[2026-09-10T07:47:50.137+0000] {processor.py:830} INFO - Processing file /opt/airflow/dags/weekly_grocery_pipeline.py for tasks to queue
[2026-09-10T07:47:50.138+0000] {logging_mixin.py:188} INFO - [2026-09-10T07:47:50.138+0000] {dagbag.py:538} INFO - Filling up the DagBag from /opt/airflow/dags/weekly_grocery_pipeline.py
[2026-09-10T07:47:50.151+0000] {processor.py:840} INFO - DAG(s) 'weekly_grocery_pipeline' retrieved from /opt/airflow/dags/weekly_grocery_pipeline.py
[2026-09-10T07:47:50.167+0000] {logging_mixin.py:188} INFO - [2026-09-10T07:47:50.167+0000] {dag.py:3036} INFO - Sync 1 DAGs
[2026-09-10T07:47:50.178+0000] {logging_mixin.py:188} INFO - [2026-09-10T07:47:50.178+0000] {dag.py:3823} INFO - Setting next_dagrun for weekly_grocery_pipeline to 2026-09-06 00:00:00+00:00, run_after=2026-09-13 00:00:00+00:00
[2026-09-10T07:47:50.184+0000] {processor.py:183} INFO - Processing /opt/airflow/dags/weekly_grocery_pipeline.py took 0.052 seconds
[2026-09-10T07:48:20.483+0000] {processor.py:161} INFO - Started process (PID=1504) to work on /opt/airflow/dags/weekly_grocery_pipeline.py
[2026-09-10T07:48:20.484+0000] {processor.py:830} INFO - Processing file /opt/airflow/dags/weekly_grocery_pipeline.py for tasks to queue
[2026-09-10T07:48:20.485+0000] {logging_mixin.py:188} INFO - [2026-09-10T07:48:20.485+0000] {dagbag.py:538} INFO - Filling up the DagBag from /opt/airflow/dags/weekly_grocery_pipeline.py
[2026-09-10T07:48:20.496+0000] {processor.py:840} INFO - DAG(s) 'weekly_grocery_pipeline' retrieved from /opt/airflow/dags/weekly_grocery_pipeline.py
[2026-09-10T07:48:20.515+0000] {logging_mixin.py:188} INFO - [2026-09-10T07:48:20.515+0000] {dag.py:3036} INFO - Sync 1 DAGs
[2026-09-10T07:48:20.526+0000] {logging_mixin.py:188} INFO - [2026-09-10T07:48:20.526+0000] {dag.py:3823} INFO - Setting next_dagrun for weekly_grocery_pipeline to 2026-09-06 00:00:00+00:00, run_after=2026-09-13 00:00:00+00:00
[2026-09-10T07:48:20.533+0000] {processor.py:183} INFO - Processing /opt/airflow/dags/weekly_grocery_pipeline.py took 0.054 seconds
[2026-09-10T07:48:50.883+0000] {processor.py:161} INFO - Started process (PID=1509) to work on /opt/airflow/dags/weekly_grocery_pipeline.py
[2026-09-10T07:48:50.883+0000] {processor.py:830} INFO - Processing file /opt/airflow/dags/weekly_grocery_pipeline.py for tasks to queue
[2026-09-10T07:48:50.884+0000] {logging_mixin.py:188} INFO - [2026-09-10T07:48:50.884+0000] {dagbag.py:538} INFO - Filling up the DagBag from /opt/airflow/dags/weekly_grocery_pipeline.py
[2026-09-10T07:48:50.895+0000] {processor.py:840} INFO - DAG(s) 'weekly_grocery_pipeline' retrieved from /opt/airflow/dags/weekly_grocery_pipeline.py
[2026-09-10T07:48:50.915+0000] {logging_mixin.py:188} INFO - [2026-09-10T07:48:50.914+0000] {dag.py:3036} INFO - Sync 1 DAGs
[2026-09-10T07:48:50.926+0000] {logging_mixin.py:188} INFO - [2026-09-10T07:48:50.926+0000] {dag.py:3823} INFO - Setting next_dagrun for weekly_grocery_pipeline to 2026-09-06 00:00:00+00:00, run_after=2026-09-13 00:00:00+00:00
[2026-09-10T07:48:50.933+0000] {processor.py:183} INFO - Processing /opt/airflow/dags/weekly_grocery_pipeline.py took 0.054 seconds
[2026-09-10T07:49:21.223+0000] {processor.py:161} INFO - Started process (PID=1514) to work on /opt/airflow/dags/weekly_grocery_pipeline.py
[2026-09-10T07:49:21.224+0000] {processor.py:830} INFO - Processing file /opt/airflow/dags/weekly_grocery_pipeline.py for tasks to queue
[2026-09-10T07:49:21.225+0000] {logging_mixin.py:188} INFO - [2026-09-10T07:49:21.225+0000] {dagbag.py:538} INFO - Filling up the DagBag from /opt/airflow/dags/weekly_grocery_pipeline.py
[2026-09-10T07:49:21.235+0000] {processor.py:840} INFO - DAG(s) 'weekly_grocery_pipeline' retrieved from /opt/airflow/dags/weekly_grocery_pipeline.py
[2026-09-10T07:49:21.254+0000] {logging_mixin.py:188} INFO - [2026-09-10T07:49:21.254+0000] {dag.py:3036} INFO - Sync 1 DAGs
[2026-09-10T07:49:21.264+0000] {logging_mixin.py:188} INFO - [2026-09-10T07:49:21.264+0000] {dag.py:3823} INFO - Setting next_dagrun for weekly_grocery_pipeline to 2026-09-06 00:00:00+00:00, run_after=2026-09-13 00:00:00+00:00
[2026-09-10T07:49:21.273+0000] {processor.py:183} INFO - Processing /opt/airflow/dags/weekly_grocery_pipeline.py took 0.053 seconds
[2026-09-10T07:49:51.536+0000] {processor.py:161} INFO - Started process (PID=1519) to work on /opt/airflow/dags/weekly_grocery_pipeline.py
[2026-09-10T07:49:51.537+0000] {processor.py:830} INFO - Processing file /opt/airflow/dags/weekly_grocery_pipeline.py for tasks to queue
[2026-09-10T07:49:51.538+0000] {logging_mixin.py:188} INFO - [2026-09-10T07:49:51.537+0000] {dagbag.py:538} INFO - Filling up the DagBag from /opt/airflow/dags/weekly_grocery_pipeline.py
[2026-09-10T07:49:51.549+0000] {processor.py:840} INFO - DAG(s) 'weekly_grocery_pipeline' retrieved from /opt/airflow/dags/weekly_grocery_pipeline.py
[2026-09-10T07:49:51.569+0000] {logging_mixin.py:188} INFO - [2026-09-10T07:49:51.569+0000] {dag.py:3036} INFO - Sync 1 DAGs
[2026-09-10T07:49:51.584+0000] {logging_mixin.py:188} INFO - [2026-09-10T07:49:51.584+0000] {dag.py:3823} INFO - Setting next_dagrun for weekly_grocery_pipeline to 2026-09-06 00:00:00+00:00, run_after=2026-09-13 00:00:00+00:00
[2026-09-10T07:49:51.592+0000] {processor.py:183} INFO - Processing /opt/airflow/dags/weekly_grocery_pipeline.py took 0.060 seconds
[2026-09-10T07:50:21.961+0000] {processor.py:161} INFO - Started process (PID=1524) to work on /opt/airflow/dags/weekly_grocery_pipeline.py
[2026-09-10T07:50:21.962+0000] {processor.py:830} INFO - Processing file /opt/airflow/dags/weekly_grocery_pipeline.py for tasks to queue
[2026-09-10T07:50:21.963+0000] {logging_mixin.py:188} INFO - [2026-09-10T07:50:21.962+0000] {dagbag.py:538} INFO - Filling up the DagBag from /opt/airflow/dags/weekly_grocery_pipeline.py
[2026-09-10T07:50:21.974+0000] {processor.py:840} INFO - DAG(s) 'weekly_grocery_pipeline' retrieved from /opt/airflow/dags/weekly_grocery_pipeline.py
[2026-09-10T07:50:21.993+0000] {logging_mixin.py:188} INFO - [2026-09-10T07:50:21.993+0000] {dag.py:3036} INFO - Sync 1 DAGs
[2026-09-10T07:50:22.004+0000] {logging_mixin.py:188} INFO - [2026-09-10T07:50:22.004+0000] {dag.py:3823} INFO - Setting next_dagrun for weekly_grocery_pipeline to 2026-09-06 00:00:00+00:00, run_after=2026-09-13 00:00:00+00:00
[2026-09-10T07:50:22.011+0000] {processor.py:183} INFO - Processing /opt/airflow/dags/weekly_grocery_pipeline.py took 0.054 seconds
[2026-09-10T07:50:52.339+0000] {processor.py:161} INFO - Started process (PID=1529) to work on /opt/airflow/dags/weekly_grocery_pipeline.py
[2026-09-10T07:50:52.340+0000] {processor.py:830} INFO - Processing file /opt/airflow/dags/weekly_grocery_pipeline.py for tasks to queue
[2026-09-10T07:50:52.341+0000] {logging_mixin.py:188} INFO - [2026-09-10T07:50:52.341+0000] {dagbag.py:538} INFO - Filling up the DagBag from /opt/airflow/dags/weekly_grocery_pipeline.py
[2026-09-10T07:50:52.352+0000] {processor.py:840} INFO - DAG(s) 'weekly_grocery_pipeline' retrieved from /opt/airflow/dags/weekly_grocery_pipeline.py
[2026-09-10T07:50:52.374+0000] {logging_mixin.py:188} INFO - [2026-09-10T07:50:52.374+0000] {dag.py:3036} INFO - Sync 1 DAGs
[2026-09-10T07:50:52.386+0000] {logging_mixin.py:188} INFO - [2026-09-10T07:50:52.386+0000] {dag.py:3823} INFO - Setting next_dagrun for weekly_grocery_pipeline to 2026-09-06 00:00:00+00:00, run_after=2026-09-13 00:00:00+00:00
[2026-09-10T07:50:52.393+0000] {processor.py:183} INFO - Processing /opt/airflow/dags/weekly_grocery_pipeline.py took 0.058 seconds
[2026-09-10T07:51:22.741+0000] {processor.py:161} INFO - Started process (PID=1534) to work on /opt/airflow/dags/weekly_grocery_pipeline.py
[2026-09-10T07:51:22.742+0000] {processor.py:830} INFO - Processing file /opt/airflow/dags/weekly_grocery_pipeline.py for tasks to queue
[2026-09-10T07:51:22.743+0000] {logging_mixin.py:188} INFO - [2026-09-10T07:51:22.743+0000] {dagbag.py:538} INFO - Filling up the DagBag from /opt/airflow/dags/weekly_grocery_pipeline.py
[2026-09-10T07:51:22.755+0000] {processor.py:840} INFO - DAG(s) 'weekly_grocery_pipeline' retrieved from /opt/airflow/dags/weekly_grocery_pipeline.py
[2026-09-10T07:51:22.776+0000] {logging_mixin.py:188} INFO - [2026-09-10T07:51:22.776+0000] {dag.py:3036} INFO - Sync 1 DAGs
[2026-09-10T07:51:22.787+0000] {logging_mixin.py:188} INFO - [2026-09-10T07:51:22.787+0000] {dag.py:3823} INFO - Setting next_dagrun for weekly_grocery_pipeline to 2026-09-06 00:00:00+00:00, run_after=2026-09-13 00:00:00+00:00
[2026-09-10T07:51:22.794+0000] {processor.py:183} INFO - Processing /opt/airflow/dags/weekly_grocery_pipeline.py took 0.056 seconds
[2026-09-10T07:51:53.159+0000] {processor.py:161} INFO - Started process (PID=1539) to work on /opt/airflow/dags/weekly_grocery_pipeline.py
[2026-09-10T07:51:53.160+0000] {processor.py:830} INFO - Processing file /opt/airflow/dags/weekly_grocery_pipeline.py for tasks to queue
[2026-09-10T07:51:53.161+0000] {logging_mixin.py:188} INFO - [2026-09-10T07:51:53.161+0000] {dagbag.py:538} INFO - Filling up the DagBag from /opt/airflow/dags/weekly_grocery_pipeline.py
[2026-09-10T07:51:53.172+0000] {processor.py:840} INFO - DAG(s) 'weekly_grocery_pipeline' retrieved from /opt/airflow/dags/weekly_grocery_pipeline.py
[2026-09-10T07:51:53.191+0000] {logging_mixin.py:188} INFO - [2026-09-10T07:51:53.190+0000] {dag.py:3036} INFO - Sync 1 DAGs
[2026-09-10T07:51:53.202+0000] {logging_mixin.py:188} INFO - [2026-09-10T07:51:53.202+0000] {dag.py:3823} INFO - Setting next_dagrun for weekly_grocery_pipeline to 2026-09-06 00:00:00+00:00, run_after=2026-09-13 00:00:00+00:00
[2026-09-10T07:51:53.211+0000] {processor.py:183} INFO - Processing /opt/airflow/dags/weekly_grocery_pipeline.py took 0.055 seconds
[2026-09-10T07:52:23.473+0000] {processor.py:161} INFO - Started process (PID=1544) to work on /opt/airflow/dags/weekly_grocery_pipeline.py
[2026-09-10T07:52:23.473+0000] {processor.py:830} INFO - Processing file /opt/airflow/dags/weekly_grocery_pipeline.py for tasks to queue
[2026-09-10T07:52:23.474+0000] {logging_mixin.py:188} INFO - [2026-09-10T07:52:23.474+0000] {dagbag.py:538} INFO - Filling up the DagBag from /opt/airflow/dags/weekly_grocery_pipeline.py
[2026-09-10T07:52:23.480+0000] {processor.py:840} INFO - DAG(s) 'weekly_grocery_pipeline' retrieved from /opt/airflow/dags/weekly_grocery_pipeline.py
[2026-09-10T07:52:23.493+0000] {logging_mixin.py:188} INFO - [2026-09-10T07:52:23.493+0000] {dag.py:3036} INFO - Sync 1 DAGs
[2026-09-10T07:52:23.502+0000] {logging_mixin.py:188} INFO - [2026-09-10T07:52:23.502+0000] {dag.py:3823} INFO - Setting next_dagrun for weekly_grocery_pipeline to 2026-09-06 00:00:00+00:00, run_after=2026-09-13 00:00:00+00:00
[2026-09-10T07:52:23.509+0000] {processor.py:183} INFO - Processing /opt/airflow/dags/weekly_grocery_pipeline.py took 0.038 seconds
[2026-09-10T07:52:53.771+0000] {processor.py:161} INFO - Started process (PID=1549) to work on /opt/airflow/dags/weekly_grocery_pipeline.py
[2026-09-10T07:52:53.772+0000] {processor.py:830} INFO - Processing file /opt/airflow/dags/weekly_grocery_pipeline.py for tasks to queue
[2026-09-10T07:52:53.772+0000] {logging_mixin.py:188} INFO - [2026-09-10T07:52:53.772+0000] {dagbag.py:538} INFO - Filling up the DagBag from /opt/airflow/dags/weekly_grocery_pipeline.py
[2026-09-10T07:52:53.781+0000] {processor.py:840} INFO - DAG(s) 'weekly_grocery_pipeline' retrieved from /opt/airflow/dags/weekly_grocery_pipeline.py
[2026-09-10T07:52:53.797+0000] {logging_mixin.py:188} INFO - [2026-09-10T07:52:53.797+0000] {dag.py:3036} INFO - Sync 1 DAGs
[2026-09-10T07:52:53.807+0000] {logging_mixin.py:188} INFO - [2026-09-10T07:52:53.807+0000] {dag.py:3823} INFO - Setting next_dagrun for weekly_grocery_pipeline to 2026-09-06 00:00:00+00:00, run_after=2026-09-13 00:00:00+00:00
[2026-09-10T07:52:53.814+0000] {processor.py:183} INFO - Processing /opt/airflow/dags/weekly_grocery_pipeline.py took 0.045 seconds
[2026-09-10T07:53:24.128+0000] {processor.py:161} INFO - Started process (PID=1554) to work on /opt/airflow/dags/weekly_grocery_pipeline.py
[2026-09-10T07:53:24.129+0000] {processor.py:830} INFO - Processing file /opt/airflow/dags/weekly_grocery_pipeline.py for tasks to queue
[2026-09-10T07:53:24.130+0000] {logging_mixin.py:188} INFO - [2026-09-10T07:53:24.130+0000] {dagbag.py:538} INFO - Filling up the DagBag from /opt/airflow/dags/weekly_grocery_pipeline.py
[2026-09-10T07:53:24.141+0000] {processor.py:840} INFO - DAG(s) 'weekly_grocery_pipeline' retrieved from /opt/airflow/dags/weekly_grocery_pipeline.py
[2026-09-10T07:53:24.161+0000] {logging_mixin.py:188} INFO - [2026-09-10T07:53:24.160+0000] {dag.py:3036} INFO - Sync 1 DAGs
[2026-09-10T07:53:24.171+0000] {logging_mixin.py:188} INFO - [2026-09-10T07:53:24.171+0000] {dag.py:3823} INFO - Setting next_dagrun for weekly_grocery_pipeline to 2026-09-06 00:00:00+00:00, run_after=2026-09-13 00:00:00+00:00
[2026-09-10T07:53:24.177+0000] {processor.py:183} INFO - Processing /opt/airflow/dags/weekly_grocery_pipeline.py took 0.052 seconds
[2026-09-10T07:53:54.525+0000] {processor.py:161} INFO - Started process (PID=1559) to work on /opt/airflow/dags/weekly_grocery_pipeline.py
[2026-09-10T07:53:54.526+0000] {processor.py:830} INFO - Processing file /opt/airflow/dags/weekly_grocery_pipeline.py for tasks to queue
[2026-09-10T07:53:54.527+0000] {logging_mixin.py:188} INFO - [2026-09-10T07:53:54.527+0000] {dagbag.py:538} INFO - Filling up the DagBag from /opt/airflow/dags/weekly_grocery_pipeline.py
[2026-09-10T07:53:54.538+0000] {processor.py:840} INFO - DAG(s) 'weekly_grocery_pipeline' retrieved from /opt/airflow/dags/weekly_grocery_pipeline.py
[2026-09-10T07:53:54.556+0000] {logging_mixin.py:188} INFO - [2026-09-10T07:53:54.556+0000] {dag.py:3036} INFO - Sync 1 DAGs
[2026-09-10T07:53:54.566+0000] {logging_mixin.py:188} INFO - [2026-09-10T07:53:54.566+0000] {dag.py:3823} INFO - Setting next_dagrun for weekly_grocery_pipeline to 2026-09-06 00:00:00+00:00, run_after=2026-09-13 00:00:00+00:00
[2026-09-10T07:53:54.573+0000] {processor.py:183} INFO - Processing /opt/airflow/dags/weekly_grocery_pipeline.py took 0.051 seconds
[2026-09-10T07:54:24.878+0000] {processor.py:161} INFO - Started process (PID=1564) to work on /opt/airflow/dags/weekly_grocery_pipeline.py
[2026-09-10T07:54:24.879+0000] {processor.py:830} INFO - Processing file /opt/airflow/dags/weekly_grocery_pipeline.py for tasks to queue
[2026-09-10T07:54:24.880+0000] {logging_mixin.py:188} INFO - [2026-09-10T07:54:24.880+0000] {dagbag.py:538} INFO - Filling up the DagBag from /opt/airflow/dags/weekly_grocery_pipeline.py
[2026-09-10T07:54:24.892+0000] {processor.py:840} INFO - DAG(s) 'weekly_grocery_pipeline' retrieved from /opt/airflow/dags/weekly_grocery_pipeline.py
[2026-09-10T07:54:24.911+0000] {logging_mixin.py:188} INFO - [2026-09-10T07:54:24.911+0000] {dag.py:3036} INFO - Sync 1 DAGs
[2026-09-10T07:54:24.922+0000] {logging_mixin.py:188} INFO - [2026-09-10T07:54:24.922+0000] {dag.py:3823} INFO - Setting next_dagrun for weekly_grocery_pipeline to 2026-09-06 00:00:00+00:00, run_after=2026-09-13 00:00:00+00:00
[2026-09-10T07:54:24.932+0000] {processor.py:183} INFO - Processing /opt/airflow/dags/weekly_grocery_pipeline.py took 0.057 seconds
[2026-09-10T07:54:55.208+0000] {processor.py:161} INFO - Started process (PID=1569) to work on /opt/airflow/dags/weekly_grocery_pipeline.py
[2026-09-10T07:54:55.209+0000] {processor.py:830} INFO - Processing file /opt/airflow/dags/weekly_grocery_pipeline.py for tasks to queue
[2026-09-10T07:54:55.210+0000] {logging_mixin.py:188} INFO - [2026-09-10T07:54:55.210+0000] {dagbag.py:538} INFO - Filling up the DagBag from /opt/airflow/dags/weekly_grocery_pipeline.py
[2026-09-10T07:54:55.221+0000] {processor.py:840} INFO - DAG(s) 'weekly_grocery_pipeline' retrieved from /opt/airflow/dags/weekly_grocery_pipeline.py
[2026-09-10T07:54:55.240+0000] {logging_mixin.py:188} INFO - [2026-09-10T07:54:55.240+0000] {dag.py:3036} INFO - Sync 1 DAGs
[2026-09-10T07:54:55.251+0000] {logging_mixin.py:188} INFO - [2026-09-10T07:54:55.251+0000] {dag.py:3823} INFO - Setting next_dagrun for weekly_grocery_pipeline to 2026-09-06 00:00:00+00:00, run_after=2026-09-13 00:00:00+00:00
[2026-09-10T07:54:55.258+0000] {processor.py:183} INFO - Processing /opt/airflow/dags/weekly_grocery_pipeline.py took 0.053 seconds
[2026-09-10T07:55:25.576+0000] {processor.py:161} INFO - Started process (PID=1574) to work on /opt/airflow/dags/weekly_grocery_pipeline.py
[2026-09-10T07:55:25.577+0000] {processor.py:830} INFO - Processing file /opt/airflow/dags/weekly_grocery_pipeline.py for tasks to queue
[2026-09-10T07:55:25.578+0000] {logging_mixin.py:188} INFO - [2026-09-10T07:55:25.577+0000] {dagbag.py:538} INFO - Filling up the DagBag from /opt/airflow/dags/weekly_grocery_pipeline.py
[2026-09-10T07:55:25.590+0000] {processor.py:840} INFO - DAG(s) 'weekly_grocery_pipeline' retrieved from /opt/airflow/dags/weekly_grocery_pipeline.py
[2026-09-10T07:55:25.609+0000] {logging_mixin.py:188} INFO - [2026-09-10T07:55:25.608+0000] {dag.py:3036} INFO - Sync 1 DAGs
[2026-09-10T07:55:25.619+0000] {logging_mixin.py:188} INFO - [2026-09-10T07:55:25.619+0000] {dag.py:3823} INFO - Setting next_dagrun for weekly_grocery_pipeline to 2026-09-06 00:00:00+00:00, run_after=2026-09-13 00:00:00+00:00
[2026-09-10T07:55:25.626+0000] {processor.py:183} INFO - Processing /opt/airflow/dags/weekly_grocery_pipeline.py took 0.053 seconds
[2026-09-10T07:55:56.006+0000] {processor.py:161} INFO - Started process (PID=1579) to work on /opt/airflow/dags/weekly_grocery_pipeline.py
[2026-09-10T07:55:56.011+0000] {processor.py:830} INFO - Processing file /opt/airflow/dags/weekly_grocery_pipeline.py for tasks to queue
[2026-09-10T07:55:56.012+0000] {logging_mixin.py:188} INFO - [2026-09-10T07:55:56.011+0000] {dagbag.py:538} INFO - Filling up the DagBag from /opt/airflow/dags/weekly_grocery_pipeline.py
[2026-09-10T07:55:56.038+0000] {processor.py:840} INFO - DAG(s) 'weekly_grocery_pipeline' retrieved from /opt/airflow/dags/weekly_grocery_pipeline.py
[2026-09-10T07:55:56.066+0000] {logging_mixin.py:188} INFO - [2026-09-10T07:55:56.066+0000] {dag.py:3036} INFO - Sync 1 DAGs
[2026-09-10T07:55:56.088+0000] {logging_mixin.py:188} INFO - [2026-09-10T07:55:56.088+0000] {dag.py:3823} INFO - Setting next_dagrun for weekly_grocery_pipeline to 2026-09-06 00:00:00+00:00, run_after=2026-09-13 00:00:00+00:00
[2026-09-10T07:55:56.096+0000] {processor.py:183} INFO - Processing /opt/airflow/dags/weekly_grocery_pipeline.py took 0.102 seconds
[2026-09-10T07:56:26.396+0000] {processor.py:161} INFO - Started process (PID=1584) to work on /opt/airflow/dags/weekly_grocery_pipeline.py
[2026-09-10T07:56:26.397+0000] {processor.py:830} INFO - Processing file /opt/airflow/dags/weekly_grocery_pipeline.py for tasks to queue
[2026-09-10T07:56:26.398+0000] {logging_mixin.py:188} INFO - [2026-09-10T07:56:26.398+0000] {dagbag.py:538} INFO - Filling up the DagBag from /opt/airflow/dags/weekly_grocery_pipeline.py
[2026-09-10T07:56:26.411+0000] {processor.py:840} INFO - DAG(s) 'weekly_grocery_pipeline' retrieved from /opt/airflow/dags/weekly_grocery_pipeline.py
[2026-09-10T07:56:26.432+0000] {logging_mixin.py:188} INFO - [2026-09-10T07:56:26.432+0000] {dag.py:3036} INFO - Sync 1 DAGs
[2026-09-10T07:56:26.450+0000] {logging_mixin.py:188} INFO - [2026-09-10T07:56:26.450+0000] {dag.py:3823} INFO - Setting next_dagrun for weekly_grocery_pipeline to 2026-09-06 00:00:00+00:00, run_after=2026-09-13 00:00:00+00:00
[2026-09-10T07:56:26.458+0000] {processor.py:183} INFO - Processing /opt/airflow/dags/weekly_grocery_pipeline.py took 0.065 seconds
[2026-09-10T07:56:56.787+0000] {processor.py:161} INFO - Started process (PID=1589) to work on /opt/airflow/dags/weekly_grocery_pipeline.py
[2026-09-10T07:56:56.788+0000] {processor.py:830} INFO - Processing file /opt/airflow/dags/weekly_grocery_pipeline.py for tasks to queue
[2026-09-10T07:56:56.788+0000] {logging_mixin.py:188} INFO - [2026-09-10T07:56:56.788+0000] {dagbag.py:538} INFO - Filling up the DagBag from /opt/airflow/dags/weekly_grocery_pipeline.py
[2026-09-10T07:56:56.799+0000] {processor.py:840} INFO - DAG(s) 'weekly_grocery_pipeline' retrieved from /opt/airflow/dags/weekly_grocery_pipeline.py
[2026-09-10T07:56:56.819+0000] {logging_mixin.py:188} INFO - [2026-09-10T07:56:56.818+0000] {dag.py:3036} INFO - Sync 1 DAGs
[2026-09-10T07:56:56.830+0000] {logging_mixin.py:188} INFO - [2026-09-10T07:56:56.830+0000] {dag.py:3823} INFO - Setting next_dagrun for weekly_grocery_pipeline to 2026-09-06 00:00:00+00:00, run_after=2026-09-13 00:00:00+00:00
[2026-09-10T07:56:56.838+0000] {processor.py:183} INFO - Processing /opt/airflow/dags/weekly_grocery_pipeline.py took 0.055 seconds
[2026-09-10T07:57:27.145+0000] {processor.py:161} INFO - Started process (PID=1594) to work on /opt/airflow/dags/weekly_grocery_pipeline.py
[2026-09-10T07:57:27.146+0000] {processor.py:830} INFO - Processing file /opt/airflow/dags/weekly_grocery_pipeline.py for tasks to queue
[2026-09-10T07:57:27.147+0000] {logging_mixin.py:188} INFO - [2026-09-10T07:57:27.146+0000] {dagbag.py:538} INFO - Filling up the DagBag from /opt/airflow/dags/weekly_grocery_pipeline.py
[2026-09-10T07:57:27.158+0000] {processor.py:840} INFO - DAG(s) 'weekly_grocery_pipeline' retrieved from /opt/airflow/dags/weekly_grocery_pipeline.py
[2026-09-10T07:57:27.178+0000] {logging_mixin.py:188} INFO - [2026-09-10T07:57:27.178+0000] {dag.py:3036} INFO - Sync 1 DAGs
[2026-09-10T07:57:27.189+0000] {logging_mixin.py:188} INFO - [2026-09-10T07:57:27.189+0000] {dag.py:3823} INFO - Setting next_dagrun for weekly_grocery_pipeline to 2026-09-06 00:00:00+00:00, run_after=2026-09-13 00:00:00+00:00
[2026-09-10T07:57:27.196+0000] {processor.py:183} INFO - Processing /opt/airflow/dags/weekly_grocery_pipeline.py took 0.055 seconds
[2026-09-10T07:57:57.543+0000] {processor.py:161} INFO - Started process (PID=1599) to work on /opt/airflow/dags/weekly_grocery_pipeline.py
[2026-09-10T07:57:57.544+0000] {processor.py:830} INFO - Processing file /opt/airflow/dags/weekly_grocery_pipeline.py for tasks to queue
[2026-09-10T07:57:57.544+0000] {logging_mixin.py:188} INFO - [2026-09-10T07:57:57.544+0000] {dagbag.py:538} INFO - Filling up the DagBag from /opt/airflow/dags/weekly_grocery_pipeline.py
[2026-09-10T07:57:57.555+0000] {processor.py:840} INFO - DAG(s) 'weekly_grocery_pipeline' retrieved from /opt/airflow/dags/weekly_grocery_pipeline.py
[2026-09-10T07:57:57.574+0000] {logging_mixin.py:188} INFO - [2026-09-10T07:57:57.574+0000] {dag.py:3036} INFO - Sync 1 DAGs
[2026-09-10T07:57:57.585+0000] {logging_mixin.py:188} INFO - [2026-09-10T07:57:57.585+0000] {dag.py:3823} INFO - Setting next_dagrun for weekly_grocery_pipeline to 2026-09-06 00:00:00+00:00, run_after=2026-09-13 00:00:00+00:00
[2026-09-10T07:57:57.591+0000] {processor.py:183} INFO - Processing /opt/airflow/dags/weekly_grocery_pipeline.py took 0.052 seconds
[2026-09-10T07:58:27.930+0000] {processor.py:161} INFO - Started process (PID=1604) to work on /opt/airflow/dags/weekly_grocery_pipeline.py
[2026-09-10T07:58:27.931+0000] {processor.py:830} INFO - Processing file /opt/airflow/dags/weekly_grocery_pipeline.py for tasks to queue
[2026-09-10T07:58:27.931+0000] {logging_mixin.py:188} INFO - [2026-09-10T07:58:27.931+0000] {dagbag.py:538} INFO - Filling up the DagBag from /opt/airflow/dags/weekly_grocery_pipeline.py
[2026-09-10T07:58:27.943+0000] {processor.py:840} INFO - DAG(s) 'weekly_grocery_pipeline' retrieved from /opt/airflow/dags/weekly_grocery_pipeline.py
[2026-09-10T07:58:27.962+0000] {logging_mixin.py:188} INFO - [2026-09-10T07:58:27.961+0000] {dag.py:3036} INFO - Sync 1 DAGs
[2026-09-10T07:58:27.973+0000] {logging_mixin.py:188} INFO - [2026-09-10T07:58:27.973+0000] {dag.py:3823} INFO - Setting next_dagrun for weekly_grocery_pipeline to 2026-09-06 00:00:00+00:00, run_after=2026-09-13 00:00:00+00:00
[2026-09-10T07:58:27.979+0000] {processor.py:183} INFO - Processing /opt/airflow/dags/weekly_grocery_pipeline.py took 0.053 seconds
[2026-09-10T07:58:58.405+0000] {processor.py:161} INFO - Started process (PID=1609) to work on /opt/airflow/dags/weekly_grocery_pipeline.py
[2026-09-10T07:58:58.407+0000] {processor.py:830} INFO - Processing file /opt/airflow/dags/weekly_grocery_pipeline.py for tasks to queue
[2026-09-10T07:58:58.408+0000] {logging_mixin.py:188} INFO - [2026-09-10T07:58:58.407+0000] {dagbag.py:538} INFO - Filling up the DagBag from /opt/airflow/dags/weekly_grocery_pipeline.py
[2026-09-10T07:58:58.428+0000] {processor.py:840} INFO - DAG(s) 'weekly_grocery_pipeline' retrieved from /opt/airflow/dags/weekly_grocery_pipeline.py
[2026-09-10T07:58:58.451+0000] {logging_mixin.py:188} INFO - [2026-09-10T07:58:58.451+0000] {dag.py:3036} INFO - Sync 1 DAGs
[2026-09-10T07:58:58.465+0000] {logging_mixin.py:188} INFO - [2026-09-10T07:58:58.464+0000] {dag.py:3823} INFO - Setting next_dagrun for weekly_grocery_pipeline to 2026-09-06 00:00:00+00:00, run_after=2026-09-13 00:00:00+00:00
[2026-09-10T07:58:58.476+0000] {processor.py:183} INFO - Processing /opt/airflow/dags/weekly_grocery_pipeline.py took 0.077 seconds
[2026-09-10T07:59:28.636+0000] {processor.py:161} INFO - Started process (PID=1614) to work on /opt/airflow/dags/weekly_grocery_pipeline.py
[2026-09-10T07:59:28.637+0000] {processor.py:830} INFO - Processing file /opt/airflow/dags/weekly_grocery_pipeline.py for tasks to queue
[2026-09-10T07:59:28.638+0000] {logging_mixin.py:188} INFO - [2026-09-10T07:59:28.637+0000] {dagbag.py:538} INFO - Filling up the DagBag from /opt/airflow/dags/weekly_grocery_pipeline.py
[2026-09-10T07:59:28.650+0000] {processor.py:840} INFO - DAG(s) 'weekly_grocery_pipeline' retrieved from /opt/airflow/dags/weekly_grocery_pipeline.py
[2026-09-10T07:59:28.670+0000] {logging_mixin.py:188} INFO - [2026-09-10T07:59:28.670+0000] {dag.py:3036} INFO - Sync 1 DAGs
[2026-09-10T07:59:28.682+0000] {logging_mixin.py:188} INFO - [2026-09-10T07:59:28.681+0000] {dag.py:3823} INFO - Setting next_dagrun for weekly_grocery_pipeline to 2026-09-06 00:00:00+00:00, run_after=2026-09-13 00:00:00+00:00
[2026-09-10T07:59:28.690+0000] {processor.py:183} INFO - Processing /opt/airflow/dags/weekly_grocery_pipeline.py took 0.058 seconds
[2026-09-10T07:59:58.870+0000] {processor.py:161} INFO - Started process (PID=1619) to work on /opt/airflow/dags/weekly_grocery_pipeline.py
[2026-09-10T07:59:58.871+0000] {processor.py:830} INFO - Processing file /opt/airflow/dags/weekly_grocery_pipeline.py for tasks to queue
[2026-09-10T07:59:58.872+0000] {logging_mixin.py:188} INFO - [2026-09-10T07:59:58.872+0000] {dagbag.py:538} INFO - Filling up the DagBag from /opt/airflow/dags/weekly_grocery_pipeline.py
[2026-09-10T07:59:58.883+0000] {processor.py:840} INFO - DAG(s) 'weekly_grocery_pipeline' retrieved from /opt/airflow/dags/weekly_grocery_pipeline.py
[2026-09-10T07:59:58.901+0000] {logging_mixin.py:188} INFO - [2026-09-10T07:59:58.901+0000] {dag.py:3036} INFO - Sync 1 DAGs
[2026-09-10T07:59:58.911+0000] {logging_mixin.py:188} INFO - [2026-09-10T07:59:58.911+0000] {dag.py:3823} INFO - Setting next_dagrun for weekly_grocery_pipeline to 2026-09-06 00:00:00+00:00, run_after=2026-09-13 00:00:00+00:00
[2026-09-10T07:59:58.918+0000] {processor.py:183} INFO - Processing /opt/airflow/dags/weekly_grocery_pipeline.py took 0.052 seconds
[2026-09-10T08:00:29.083+0000] {processor.py:161} INFO - Started process (PID=1624) to work on /opt/airflow/dags/weekly_grocery_pipeline.py
[2026-09-10T08:00:29.085+0000] {processor.py:830} INFO - Processing file /opt/airflow/dags/weekly_grocery_pipeline.py for tasks to queue
[2026-09-10T08:00:29.086+0000] {logging_mixin.py:188} INFO - [2026-09-10T08:00:29.086+0000] {dagbag.py:538} INFO - Filling up the DagBag from /opt/airflow/dags/weekly_grocery_pipeline.py
[2026-09-10T08:00:29.098+0000] {processor.py:840} INFO - DAG(s) 'weekly_grocery_pipeline' retrieved from /opt/airflow/dags/weekly_grocery_pipeline.py
[2026-09-10T08:00:29.116+0000] {logging_mixin.py:188} INFO - [2026-09-10T08:00:29.116+0000] {dag.py:3036} INFO - Sync 1 DAGs
[2026-09-10T08:00:29.128+0000] {logging_mixin.py:188} INFO - [2026-09-10T08:00:29.128+0000] {dag.py:3823} INFO - Setting next_dagrun for weekly_grocery_pipeline to 2026-09-06 00:00:00+00:00, run_after=2026-09-13 00:00:00+00:00
[2026-09-10T08:00:29.136+0000] {processor.py:183} INFO - Processing /opt/airflow/dags/weekly_grocery_pipeline.py took 0.057 seconds
[2026-09-10T08:00:59.299+0000] {processor.py:161} INFO - Started process (PID=1629) to work on /opt/airflow/dags/weekly_grocery_pipeline.py
[2026-09-10T08:00:59.300+0000] {processor.py:830} INFO - Processing file /opt/airflow/dags/weekly_grocery_pipeline.py for tasks to queue
[2026-09-10T08:00:59.300+0000] {logging_mixin.py:188} INFO - [2026-09-10T08:00:59.300+0000] {dagbag.py:538} INFO - Filling up the DagBag from /opt/airflow/dags/weekly_grocery_pipeline.py
[2026-09-10T08:00:59.312+0000] {processor.py:840} INFO - DAG(s) 'weekly_grocery_pipeline' retrieved from /opt/airflow/dags/weekly_grocery_pipeline.py
[2026-09-10T08:00:59.330+0000] {logging_mixin.py:188} INFO - [2026-09-10T08:00:59.330+0000] {dag.py:3036} INFO - Sync 1 DAGs
[2026-09-10T08:00:59.340+0000] {logging_mixin.py:188} INFO - [2026-09-10T08:00:59.340+0000] {dag.py:3823} INFO - Setting next_dagrun for weekly_grocery_pipeline to 2026-09-06 00:00:00+00:00, run_after=2026-09-13 00:00:00+00:00
[2026-09-10T08:00:59.349+0000] {processor.py:183} INFO - Processing /opt/airflow/dags/weekly_grocery_pipeline.py took 0.053 seconds
[2026-09-10T08:01:29.530+0000] {processor.py:161} INFO - Started process (PID=1634) to work on /opt/airflow/dags/weekly_grocery_pipeline.py
[2026-09-10T08:01:29.531+0000] {processor.py:830} INFO - Processing file /opt/airflow/dags/weekly_grocery_pipeline.py for tasks to queue
[2026-09-10T08:01:29.532+0000] {logging_mixin.py:188} INFO - [2026-09-10T08:01:29.532+0000] {dagbag.py:538} INFO - Filling up the DagBag from /opt/airflow/dags/weekly_grocery_pipeline.py
[2026-09-10T08:01:29.544+0000] {processor.py:840} INFO - DAG(s) 'weekly_grocery_pipeline' retrieved from /opt/airflow/dags/weekly_grocery_pipeline.py
[2026-09-10T08:01:29.563+0000] {logging_mixin.py:188} INFO - [2026-09-10T08:01:29.563+0000] {dag.py:3036} INFO - Sync 1 DAGs
[2026-09-10T08:01:29.574+0000] {logging_mixin.py:188} INFO - [2026-09-10T08:01:29.574+0000] {dag.py:3823} INFO - Setting next_dagrun for weekly_grocery_pipeline to 2026-09-06 00:00:00+00:00, run_after=2026-09-13 00:00:00+00:00
[2026-09-10T08:01:29.580+0000] {processor.py:183} INFO - Processing /opt/airflow/dags/weekly_grocery_pipeline.py took 0.054 seconds
[2026-09-10T08:01:59.917+0000] {processor.py:161} INFO - Started process (PID=1639) to work on /opt/airflow/dags/weekly_grocery_pipeline.py
[2026-09-10T08:01:59.918+0000] {processor.py:830} INFO - Processing file /opt/airflow/dags/weekly_grocery_pipeline.py for tasks to queue
[2026-09-10T08:01:59.918+0000] {logging_mixin.py:188} INFO - [2026-09-10T08:01:59.918+0000] {dagbag.py:538} INFO - Filling up the DagBag from /opt/airflow/dags/weekly_grocery_pipeline.py
[2026-09-10T08:01:59.930+0000] {processor.py:840} INFO - DAG(s) 'weekly_grocery_pipeline' retrieved from /opt/airflow/dags/weekly_grocery_pipeline.py
[2026-09-10T08:01:59.949+0000] {logging_mixin.py:188} INFO - [2026-09-10T08:01:59.949+0000] {dag.py:3036} INFO - Sync 1 DAGs
[2026-09-10T08:01:59.961+0000] {logging_mixin.py:188} INFO - [2026-09-10T08:01:59.961+0000] {dag.py:3823} INFO - Setting next_dagrun for weekly_grocery_pipeline to 2026-09-06 00:00:00+00:00, run_after=2026-09-13 00:00:00+00:00
[2026-09-10T08:01:59.968+0000] {processor.py:183} INFO - Processing /opt/airflow/dags/weekly_grocery_pipeline.py took 0.055 seconds
[2026-09-10T08:02:30.288+0000] {processor.py:161} INFO - Started process (PID=1644) to work on /opt/airflow/dags/weekly_grocery_pipeline.py
[2026-09-10T08:02:30.289+0000] {processor.py:830} INFO - Processing file /opt/airflow/dags/weekly_grocery_pipeline.py for tasks to queue
[2026-09-10T08:02:30.290+0000] {logging_mixin.py:188} INFO - [2026-09-10T08:02:30.290+0000] {dagbag.py:538} INFO - Filling up the DagBag from /opt/airflow/dags/weekly_grocery_pipeline.py
[2026-09-10T08:02:30.302+0000] {processor.py:840} INFO - DAG(s) 'weekly_grocery_pipeline' retrieved from /opt/airflow/dags/weekly_grocery_pipeline.py
[2026-09-10T08:02:30.321+0000] {logging_mixin.py:188} INFO - [2026-09-10T08:02:30.321+0000] {dag.py:3036} INFO - Sync 1 DAGs
[2026-09-10T08:02:30.331+0000] {logging_mixin.py:188} INFO - [2026-09-10T08:02:30.331+0000] {dag.py:3823} INFO - Setting next_dagrun for weekly_grocery_pipeline to 2026-09-06 00:00:00+00:00, run_after=2026-09-13 00:00:00+00:00
[2026-09-10T08:02:30.338+0000] {processor.py:183} INFO - Processing /opt/airflow/dags/weekly_grocery_pipeline.py took 0.055 seconds
[2026-09-10T08:03:00.718+0000] {processor.py:161} INFO - Started process (PID=1649) to work on /opt/airflow/dags/weekly_grocery_pipeline.py
[2026-09-10T08:03:00.719+0000] {processor.py:830} INFO - Processing file /opt/airflow/dags/weekly_grocery_pipeline.py for tasks to queue
[2026-09-10T08:03:00.720+0000] {logging_mixin.py:188} INFO - [2026-09-10T08:03:00.720+0000] {dagbag.py:538} INFO - Filling up the DagBag from /opt/airflow/dags/weekly_grocery_pipeline.py
[2026-09-10T08:03:00.732+0000] {processor.py:840} INFO - DAG(s) 'weekly_grocery_pipeline' retrieved from /opt/airflow/dags/weekly_grocery_pipeline.py
[2026-09-10T08:03:00.751+0000] {logging_mixin.py:188} INFO - [2026-09-10T08:03:00.751+0000] {dag.py:3036} INFO - Sync 1 DAGs
[2026-09-10T08:03:00.761+0000] {logging_mixin.py:188} INFO - [2026-09-10T08:03:00.761+0000] {dag.py:3823} INFO - Setting next_dagrun for weekly_grocery_pipeline to 2026-09-06 00:00:00+00:00, run_after=2026-09-13 00:00:00+00:00
[2026-09-10T08:03:00.768+0000] {processor.py:183} INFO - Processing /opt/airflow/dags/weekly_grocery_pipeline.py took 0.053 seconds
[2026-09-10T08:03:31.095+0000] {processor.py:161} INFO - Started process (PID=1654) to work on /opt/airflow/dags/weekly_grocery_pipeline.py
[2026-09-10T08:03:31.095+0000] {processor.py:830} INFO - Processing file /opt/airflow/dags/weekly_grocery_pipeline.py for tasks to queue
[2026-09-10T08:03:31.096+0000] {logging_mixin.py:188} INFO - [2026-09-10T08:03:31.096+0000] {dagbag.py:538} INFO - Filling up the DagBag from /opt/airflow/dags/weekly_grocery_pipeline.py
[2026-09-10T08:03:31.107+0000] {processor.py:840} INFO - DAG(s) 'weekly_grocery_pipeline' retrieved from /opt/airflow/dags/weekly_grocery_pipeline.py
[2026-09-10T08:03:31.126+0000] {logging_mixin.py:188} INFO - [2026-09-10T08:03:31.126+0000] {dag.py:3036} INFO - Sync 1 DAGs
[2026-09-10T08:03:31.137+0000] {logging_mixin.py:188} INFO - [2026-09-10T08:03:31.137+0000] {dag.py:3823} INFO - Setting next_dagrun for weekly_grocery_pipeline to 2026-09-06 00:00:00+00:00, run_after=2026-09-13 00:00:00+00:00
[2026-09-10T08:03:31.143+0000] {processor.py:183} INFO - Processing /opt/airflow/dags/weekly_grocery_pipeline.py took 0.053 seconds
[2026-09-10T08:04:01.458+0000] {processor.py:161} INFO - Started process (PID=1659) to work on /opt/airflow/dags/weekly_grocery_pipeline.py
[2026-09-10T08:04:01.459+0000] {processor.py:830} INFO - Processing file /opt/airflow/dags/weekly_grocery_pipeline.py for tasks to queue
[2026-09-10T08:04:01.460+0000] {logging_mixin.py:188} INFO - [2026-09-10T08:04:01.460+0000] {dagbag.py:538} INFO - Filling up the DagBag from /opt/airflow/dags/weekly_grocery_pipeline.py
[2026-09-10T08:04:01.471+0000] {processor.py:840} INFO - DAG(s) 'weekly_grocery_pipeline' retrieved from /opt/airflow/dags/weekly_grocery_pipeline.py
[2026-09-10T08:04:01.490+0000] {logging_mixin.py:188} INFO - [2026-09-10T08:04:01.490+0000] {dag.py:3036} INFO - Sync 1 DAGs
[2026-09-10T08:04:01.502+0000] {logging_mixin.py:188} INFO - [2026-09-10T08:04:01.501+0000] {dag.py:3823} INFO - Setting next_dagrun for weekly_grocery_pipeline to 2026-09-06 00:00:00+00:00, run_after=2026-09-13 00:00:00+00:00
[2026-09-10T08:04:01.508+0000] {processor.py:183} INFO - Processing /opt/airflow/dags/weekly_grocery_pipeline.py took 0.053 seconds
[2026-09-10T08:04:31.813+0000] {processor.py:161} INFO - Started process (PID=1664) to work on /opt/airflow/dags/weekly_grocery_pipeline.py
[2026-09-10T08:04:31.814+0000] {processor.py:830} INFO - Processing file /opt/airflow/dags/weekly_grocery_pipeline.py for tasks to queue
[2026-09-10T08:04:31.815+0000] {logging_mixin.py:188} INFO - [2026-09-10T08:04:31.815+0000] {dagbag.py:538} INFO - Filling up the DagBag from /opt/airflow/dags/weekly_grocery_pipeline.py
[2026-09-10T08:04:31.827+0000] {processor.py:840} INFO - DAG(s) 'weekly_grocery_pipeline' retrieved from /opt/airflow/dags/weekly_grocery_pipeline.py
[2026-09-10T08:04:31.847+0000] {logging_mixin.py:188} INFO - [2026-09-10T08:04:31.847+0000] {dag.py:3036} INFO - Sync 1 DAGs
[2026-09-10T08:04:31.857+0000] {logging_mixin.py:188} INFO - [2026-09-10T08:04:31.857+0000] {dag.py:3823} INFO - Setting next_dagrun for weekly_grocery_pipeline to 2026-09-06 00:00:00+00:00, run_after=2026-09-13 00:00:00+00:00
[2026-09-10T08:04:31.865+0000] {processor.py:183} INFO - Processing /opt/airflow/dags/weekly_grocery_pipeline.py took 0.056 seconds
[2026-09-10T08:05:02.139+0000] {processor.py:161} INFO - Started process (PID=1669) to work on /opt/airflow/dags/weekly_grocery_pipeline.py
[2026-09-10T08:05:02.140+0000] {processor.py:830} INFO - Processing file /opt/airflow/dags/weekly_grocery_pipeline.py for tasks to queue
[2026-09-10T08:05:02.141+0000] {logging_mixin.py:188} INFO - [2026-09-10T08:05:02.141+0000] {dagbag.py:538} INFO - Filling up the DagBag from /opt/airflow/dags/weekly_grocery_pipeline.py
[2026-09-10T08:05:02.152+0000] {processor.py:840} INFO - DAG(s) 'weekly_grocery_pipeline' retrieved from /opt/airflow/dags/weekly_grocery_pipeline.py
[2026-09-10T08:05:02.171+0000] {logging_mixin.py:188} INFO - [2026-09-10T08:05:02.171+0000] {dag.py:3036} INFO - Sync 1 DAGs
[2026-09-10T08:05:02.181+0000] {logging_mixin.py:188} INFO - [2026-09-10T08:05:02.181+0000] {dag.py:3823} INFO - Setting next_dagrun for weekly_grocery_pipeline to 2026-09-06 00:00:00+00:00, run_after=2026-09-13 00:00:00+00:00
[2026-09-10T08:05:02.187+0000] {processor.py:183} INFO - Processing /opt/airflow/dags/weekly_grocery_pipeline.py took 0.051 seconds
[2026-09-10T08:05:32.476+0000] {processor.py:161} INFO - Started process (PID=1674) to work on /opt/airflow/dags/weekly_grocery_pipeline.py
[2026-09-10T08:05:32.478+0000] {processor.py:830} INFO - Processing file /opt/airflow/dags/weekly_grocery_pipeline.py for tasks to queue
[2026-09-10T08:05:32.479+0000] {logging_mixin.py:188} INFO - [2026-09-10T08:05:32.478+0000] {dagbag.py:538} INFO - Filling up the DagBag from /opt/airflow/dags/weekly_grocery_pipeline.py
[2026-09-10T08:05:32.500+0000] {processor.py:840} INFO - DAG(s) 'weekly_grocery_pipeline' retrieved from /opt/airflow/dags/weekly_grocery_pipeline.py
[2026-09-10T08:05:32.527+0000] {logging_mixin.py:188} INFO - [2026-09-10T08:05:32.527+0000] {dag.py:3036} INFO - Sync 1 DAGs
[2026-09-10T08:05:32.544+0000] {logging_mixin.py:188} INFO - [2026-09-10T08:05:32.543+0000] {dag.py:3823} INFO - Setting next_dagrun for weekly_grocery_pipeline to 2026-09-06 00:00:00+00:00, run_after=2026-09-13 00:00:00+00:00
[2026-09-10T08:05:32.551+0000] {processor.py:183} INFO - Processing /opt/airflow/dags/weekly_grocery_pipeline.py took 0.080 seconds
[2026-09-10T08:06:02.853+0000] {processor.py:161} INFO - Started process (PID=1679) to work on /opt/airflow/dags/weekly_grocery_pipeline.py
[2026-09-10T08:06:02.854+0000] {processor.py:830} INFO - Processing file /opt/airflow/dags/weekly_grocery_pipeline.py for tasks to queue
[2026-09-10T08:06:02.855+0000] {logging_mixin.py:188} INFO - [2026-09-10T08:06:02.854+0000] {dagbag.py:538} INFO - Filling up the DagBag from /opt/airflow/dags/weekly_grocery_pipeline.py
[2026-09-10T08:06:02.866+0000] {processor.py:840} INFO - DAG(s) 'weekly_grocery_pipeline' retrieved from /opt/airflow/dags/weekly_grocery_pipeline.py
[2026-09-10T08:06:02.886+0000] {logging_mixin.py:188} INFO - [2026-09-10T08:06:02.886+0000] {dag.py:3036} INFO - Sync 1 DAGs
[2026-09-10T08:06:02.896+0000] {logging_mixin.py:188} INFO - [2026-09-10T08:06:02.896+0000] {dag.py:3823} INFO - Setting next_dagrun for weekly_grocery_pipeline to 2026-09-06 00:00:00+00:00, run_after=2026-09-13 00:00:00+00:00
[2026-09-10T08:06:02.903+0000] {processor.py:183} INFO - Processing /opt/airflow/dags/weekly_grocery_pipeline.py took 0.053 seconds
[2026-09-10T08:06:33.219+0000] {processor.py:161} INFO - Started process (PID=1684) to work on /opt/airflow/dags/weekly_grocery_pipeline.py
[2026-09-10T08:06:33.220+0000] {processor.py:830} INFO - Processing file /opt/airflow/dags/weekly_grocery_pipeline.py for tasks to queue
[2026-09-10T08:06:33.220+0000] {logging_mixin.py:188} INFO - [2026-09-10T08:06:33.220+0000] {dagbag.py:538} INFO - Filling up the DagBag from /opt/airflow/dags/weekly_grocery_pipeline.py
[2026-09-10T08:06:33.232+0000] {processor.py:840} INFO - DAG(s) 'weekly_grocery_pipeline' retrieved from /opt/airflow/dags/weekly_grocery_pipeline.py
[2026-09-10T08:06:33.253+0000] {logging_mixin.py:188} INFO - [2026-09-10T08:06:33.253+0000] {dag.py:3036} INFO - Sync 1 DAGs
[2026-09-10T08:06:33.268+0000] {logging_mixin.py:188} INFO - [2026-09-10T08:06:33.268+0000] {dag.py:3823} INFO - Setting next_dagrun for weekly_grocery_pipeline to 2026-09-06 00:00:00+00:00, run_after=2026-09-13 00:00:00+00:00
[2026-09-10T08:06:33.276+0000] {processor.py:183} INFO - Processing /opt/airflow/dags/weekly_grocery_pipeline.py took 0.060 seconds
[2026-09-10T08:07:03.620+0000] {processor.py:161} INFO - Started process (PID=1689) to work on /opt/airflow/dags/weekly_grocery_pipeline.py
[2026-09-10T08:07:03.621+0000] {processor.py:830} INFO - Processing file /opt/airflow/dags/weekly_grocery_pipeline.py for tasks to queue
[2026-09-10T08:07:03.622+0000] {logging_mixin.py:188} INFO - [2026-09-10T08:07:03.622+0000] {dagbag.py:538} INFO - Filling up the DagBag from /opt/airflow/dags/weekly_grocery_pipeline.py
[2026-09-10T08:07:03.632+0000] {processor.py:840} INFO - DAG(s) 'weekly_grocery_pipeline' retrieved from /opt/airflow/dags/weekly_grocery_pipeline.py
[2026-09-10T08:07:03.652+0000] {logging_mixin.py:188} INFO - [2026-09-10T08:07:03.652+0000] {dag.py:3036} INFO - Sync 1 DAGs
[2026-09-10T08:07:03.662+0000] {logging_mixin.py:188} INFO - [2026-09-10T08:07:03.662+0000] {dag.py:3823} INFO - Setting next_dagrun for weekly_grocery_pipeline to 2026-09-06 00:00:00+00:00, run_after=2026-09-13 00:00:00+00:00
[2026-09-10T08:07:03.670+0000] {processor.py:183} INFO - Processing /opt/airflow/dags/weekly_grocery_pipeline.py took 0.056 seconds
[2026-09-10T08:07:33.994+0000] {processor.py:161} INFO - Started process (PID=1694) to work on /opt/airflow/dags/weekly_grocery_pipeline.py
[2026-09-10T08:07:33.995+0000] {processor.py:830} INFO - Processing file /opt/airflow/dags/weekly_grocery_pipeline.py for tasks to queue
[2026-09-10T08:07:33.995+0000] {logging_mixin.py:188} INFO - [2026-09-10T08:07:33.995+0000] {dagbag.py:538} INFO - Filling up the DagBag from /opt/airflow/dags/weekly_grocery_pipeline.py
[2026-09-10T08:07:34.007+0000] {processor.py:840} INFO - DAG(s) 'weekly_grocery_pipeline' retrieved from /opt/airflow/dags/weekly_grocery_pipeline.py
[2026-09-10T08:07:34.026+0000] {logging_mixin.py:188} INFO - [2026-09-10T08:07:34.026+0000] {dag.py:3036} INFO - Sync 1 DAGs
[2026-09-10T08:07:34.039+0000] {logging_mixin.py:188} INFO - [2026-09-10T08:07:34.039+0000] {dag.py:3823} INFO - Setting next_dagrun for weekly_grocery_pipeline to 2026-09-06 00:00:00+00:00, run_after=2026-09-13 00:00:00+00:00
[2026-09-10T08:07:34.045+0000] {processor.py:183} INFO - Processing /opt/airflow/dags/weekly_grocery_pipeline.py took 0.055 seconds
[2026-09-10T08:08:04.467+0000] {processor.py:161} INFO - Started process (PID=1699) to work on /opt/airflow/dags/weekly_grocery_pipeline.py
[2026-09-10T08:08:04.468+0000] {processor.py:830} INFO - Processing file /opt/airflow/dags/weekly_grocery_pipeline.py for tasks to queue
[2026-09-10T08:08:04.469+0000] {logging_mixin.py:188} INFO - [2026-09-10T08:08:04.468+0000] {dagbag.py:538} INFO - Filling up the DagBag from /opt/airflow/dags/weekly_grocery_pipeline.py
[2026-09-10T08:08:04.482+0000] {processor.py:840} INFO - DAG(s) 'weekly_grocery_pipeline' retrieved from /opt/airflow/dags/weekly_grocery_pipeline.py
[2026-09-10T08:08:04.511+0000] {logging_mixin.py:188} INFO - [2026-09-10T08:08:04.511+0000] {dag.py:3036} INFO - Sync 1 DAGs
[2026-09-10T08:08:04.529+0000] {logging_mixin.py:188} INFO - [2026-09-10T08:08:04.529+0000] {dag.py:3823} INFO - Setting next_dagrun for weekly_grocery_pipeline to 2026-09-06 00:00:00+00:00, run_after=2026-09-13 00:00:00+00:00
[2026-09-10T08:08:04.536+0000] {processor.py:183} INFO - Processing /opt/airflow/dags/weekly_grocery_pipeline.py took 0.073 seconds
[2026-09-10T08:08:34.813+0000] {processor.py:161} INFO - Started process (PID=1704) to work on /opt/airflow/dags/weekly_grocery_pipeline.py
[2026-09-10T08:08:34.815+0000] {processor.py:830} INFO - Processing file /opt/airflow/dags/weekly_grocery_pipeline.py for tasks to queue
[2026-09-10T08:08:34.815+0000] {logging_mixin.py:188} INFO - [2026-09-10T08:08:34.815+0000] {dagbag.py:538} INFO - Filling up the DagBag from /opt/airflow/dags/weekly_grocery_pipeline.py
[2026-09-10T08:08:34.827+0000] {processor.py:840} INFO - DAG(s) 'weekly_grocery_pipeline' retrieved from /opt/airflow/dags/weekly_grocery_pipeline.py
[2026-09-10T08:08:34.846+0000] {logging_mixin.py:188} INFO - [2026-09-10T08:08:34.846+0000] {dag.py:3036} INFO - Sync 1 DAGs
[2026-09-10T08:08:34.858+0000] {logging_mixin.py:188} INFO - [2026-09-10T08:08:34.858+0000] {dag.py:3823} INFO - Setting next_dagrun for weekly_grocery_pipeline to 2026-09-06 00:00:00+00:00, run_after=2026-09-13 00:00:00+00:00
[2026-09-10T08:08:34.866+0000] {processor.py:183} INFO - Processing /opt/airflow/dags/weekly_grocery_pipeline.py took 0.056 seconds
[2026-09-10T08:09:05.123+0000] {processor.py:161} INFO - Started process (PID=1709) to work on /opt/airflow/dags/weekly_grocery_pipeline.py
[2026-09-10T08:09:05.124+0000] {processor.py:830} INFO - Processing file /opt/airflow/dags/weekly_grocery_pipeline.py for tasks to queue
[2026-09-10T08:09:05.125+0000] {logging_mixin.py:188} INFO - [2026-09-10T08:09:05.124+0000] {dagbag.py:538} INFO - Filling up the DagBag from /opt/airflow/dags/weekly_grocery_pipeline.py
[2026-09-10T08:09:05.140+0000] {processor.py:840} INFO - DAG(s) 'weekly_grocery_pipeline' retrieved from /opt/airflow/dags/weekly_grocery_pipeline.py
[2026-09-10T08:09:05.156+0000] {logging_mixin.py:188} INFO - [2026-09-10T08:09:05.156+0000] {dag.py:3036} INFO - Sync 1 DAGs
[2026-09-10T08:09:05.166+0000] {logging_mixin.py:188} INFO - [2026-09-10T08:09:05.166+0000] {dag.py:3823} INFO - Setting next_dagrun for weekly_grocery_pipeline to 2026-09-06 00:00:00+00:00, run_after=2026-09-13 00:00:00+00:00
[2026-09-10T08:09:05.172+0000] {processor.py:183} INFO - Processing /opt/airflow/dags/weekly_grocery_pipeline.py took 0.054 seconds
[2026-09-10T08:09:35.566+0000] {processor.py:161} INFO - Started process (PID=1714) to work on /opt/airflow/dags/weekly_grocery_pipeline.py
[2026-09-10T08:09:35.567+0000] {processor.py:830} INFO - Processing file /opt/airflow/dags/weekly_grocery_pipeline.py for tasks to queue
[2026-09-10T08:09:35.568+0000] {logging_mixin.py:188} INFO - [2026-09-10T08:09:35.567+0000] {dagbag.py:538} INFO - Filling up the DagBag from /opt/airflow/dags/weekly_grocery_pipeline.py
[2026-09-10T08:09:35.579+0000] {processor.py:840} INFO - DAG(s) 'weekly_grocery_pipeline' retrieved from /opt/airflow/dags/weekly_grocery_pipeline.py
[2026-09-10T08:09:35.598+0000] {logging_mixin.py:188} INFO - [2026-09-10T08:09:35.598+0000] {dag.py:3036} INFO - Sync 1 DAGs
[2026-09-10T08:09:35.609+0000] {logging_mixin.py:188} INFO - [2026-09-10T08:09:35.609+0000] {dag.py:3823} INFO - Setting next_dagrun for weekly_grocery_pipeline to 2026-09-06 00:00:00+00:00, run_after=2026-09-13 00:00:00+00:00
[2026-09-10T08:09:35.616+0000] {processor.py:183} INFO - Processing /opt/airflow/dags/weekly_grocery_pipeline.py took 0.054 seconds
[2026-09-10T08:10:05.956+0000] {processor.py:161} INFO - Started process (PID=1719) to work on /opt/airflow/dags/weekly_grocery_pipeline.py
[2026-09-10T08:10:05.957+0000] {processor.py:830} INFO - Processing file /opt/airflow/dags/weekly_grocery_pipeline.py for tasks to queue
[2026-09-10T08:10:05.958+0000] {logging_mixin.py:188} INFO - [2026-09-10T08:10:05.958+0000] {dagbag.py:538} INFO - Filling up the DagBag from /opt/airflow/dags/weekly_grocery_pipeline.py
[2026-09-10T08:10:05.969+0000] {processor.py:840} INFO - DAG(s) 'weekly_grocery_pipeline' retrieved from /opt/airflow/dags/weekly_grocery_pipeline.py
[2026-09-10T08:10:05.989+0000] {logging_mixin.py:188} INFO - [2026-09-10T08:10:05.989+0000] {dag.py:3036} INFO - Sync 1 DAGs
[2026-09-10T08:10:06.003+0000] {logging_mixin.py:188} INFO - [2026-09-10T08:10:06.003+0000] {dag.py:3823} INFO - Setting next_dagrun for weekly_grocery_pipeline to 2026-09-06 00:00:00+00:00, run_after=2026-09-13 00:00:00+00:00
[2026-09-10T08:10:06.013+0000] {processor.py:183} INFO - Processing /opt/airflow/dags/weekly_grocery_pipeline.py took 0.061 seconds
[2026-09-10T08:10:36.352+0000] {processor.py:161} INFO - Started process (PID=1724) to work on /opt/airflow/dags/weekly_grocery_pipeline.py
[2026-09-10T08:10:36.353+0000] {processor.py:830} INFO - Processing file /opt/airflow/dags/weekly_grocery_pipeline.py for tasks to queue
[2026-09-10T08:10:36.354+0000] {logging_mixin.py:188} INFO - [2026-09-10T08:10:36.353+0000] {dagbag.py:538} INFO - Filling up the DagBag from /opt/airflow/dags/weekly_grocery_pipeline.py
[2026-09-10T08:10:36.365+0000] {processor.py:840} INFO - DAG(s) 'weekly_grocery_pipeline' retrieved from /opt/airflow/dags/weekly_grocery_pipeline.py
[2026-09-10T08:10:36.385+0000] {logging_mixin.py:188} INFO - [2026-09-10T08:10:36.384+0000] {dag.py:3036} INFO - Sync 1 DAGs
[2026-09-10T08:10:36.396+0000] {logging_mixin.py:188} INFO - [2026-09-10T08:10:36.396+0000] {dag.py:3823} INFO - Setting next_dagrun for weekly_grocery_pipeline to 2026-09-06 00:00:00+00:00, run_after=2026-09-13 00:00:00+00:00
[2026-09-10T08:10:36.402+0000] {processor.py:183} INFO - Processing /opt/airflow/dags/weekly_grocery_pipeline.py took 0.055 seconds
[2026-09-10T08:11:06.746+0000] {processor.py:161} INFO - Started process (PID=1729) to work on /opt/airflow/dags/weekly_grocery_pipeline.py
[2026-09-10T08:11:06.747+0000] {processor.py:830} INFO - Processing file /opt/airflow/dags/weekly_grocery_pipeline.py for tasks to queue
[2026-09-10T08:11:06.748+0000] {logging_mixin.py:188} INFO - [2026-09-10T08:11:06.748+0000] {dagbag.py:538} INFO - Filling up the DagBag from /opt/airflow/dags/weekly_grocery_pipeline.py
[2026-09-10T08:11:06.761+0000] {processor.py:840} INFO - DAG(s) 'weekly_grocery_pipeline' retrieved from /opt/airflow/dags/weekly_grocery_pipeline.py
[2026-09-10T08:11:06.780+0000] {logging_mixin.py:188} INFO - [2026-09-10T08:11:06.780+0000] {dag.py:3036} INFO - Sync 1 DAGs
[2026-09-10T08:11:06.790+0000] {logging_mixin.py:188} INFO - [2026-09-10T08:11:06.790+0000] {dag.py:3823} INFO - Setting next_dagrun for weekly_grocery_pipeline to 2026-09-06 00:00:00+00:00, run_after=2026-09-13 00:00:00+00:00
[2026-09-10T08:11:06.797+0000] {processor.py:183} INFO - Processing /opt/airflow/dags/weekly_grocery_pipeline.py took 0.053 seconds
[2026-09-10T08:11:37.148+0000] {processor.py:161} INFO - Started process (PID=1734) to work on /opt/airflow/dags/weekly_grocery_pipeline.py
[2026-09-10T08:11:37.150+0000] {processor.py:830} INFO - Processing file /opt/airflow/dags/weekly_grocery_pipeline.py for tasks to queue
[2026-09-10T08:11:37.150+0000] {logging_mixin.py:188} INFO - [2026-09-10T08:11:37.150+0000] {dagbag.py:538} INFO - Filling up the DagBag from /opt/airflow/dags/weekly_grocery_pipeline.py
[2026-09-10T08:11:37.161+0000] {processor.py:840} INFO - DAG(s) 'weekly_grocery_pipeline' retrieved from /opt/airflow/dags/weekly_grocery_pipeline.py
[2026-09-10T08:11:37.181+0000] {logging_mixin.py:188} INFO - [2026-09-10T08:11:37.180+0000] {dag.py:3036} INFO - Sync 1 DAGs
[2026-09-10T08:11:37.193+0000] {logging_mixin.py:188} INFO - [2026-09-10T08:11:37.193+0000] {dag.py:3823} INFO - Setting next_dagrun for weekly_grocery_pipeline to 2026-09-06 00:00:00+00:00, run_after=2026-09-13 00:00:00+00:00
[2026-09-10T08:11:37.200+0000] {processor.py:183} INFO - Processing /opt/airflow/dags/weekly_grocery_pipeline.py took 0.055 seconds
[2026-09-10T08:12:07.485+0000] {processor.py:161} INFO - Started process (PID=1739) to work on /opt/airflow/dags/weekly_grocery_pipeline.py
[2026-09-10T08:12:07.485+0000] {processor.py:830} INFO - Processing file /opt/airflow/dags/weekly_grocery_pipeline.py for tasks to queue
[2026-09-10T08:12:07.486+0000] {logging_mixin.py:188} INFO - [2026-09-10T08:12:07.486+0000] {dagbag.py:538} INFO - Filling up the DagBag from /opt/airflow/dags/weekly_grocery_pipeline.py
[2026-09-10T08:12:07.493+0000] {processor.py:840} INFO - DAG(s) 'weekly_grocery_pipeline' retrieved from /opt/airflow/dags/weekly_grocery_pipeline.py
[2026-09-10T08:12:07.506+0000] {logging_mixin.py:188} INFO - [2026-09-10T08:12:07.506+0000] {dag.py:3036} INFO - Sync 1 DAGs
[2026-09-10T08:12:07.515+0000] {logging_mixin.py:188} INFO - [2026-09-10T08:12:07.515+0000] {dag.py:3823} INFO - Setting next_dagrun for weekly_grocery_pipeline to 2026-09-06 00:00:00+00:00, run_after=2026-09-13 00:00:00+00:00
[2026-09-10T08:12:07.521+0000] {processor.py:183} INFO - Processing /opt/airflow/dags/weekly_grocery_pipeline.py took 0.038 seconds
[2026-09-10T08:12:37.712+0000] {processor.py:161} INFO - Started process (PID=1744) to work on /opt/airflow/dags/weekly_grocery_pipeline.py
[2026-09-10T08:12:37.712+0000] {processor.py:830} INFO - Processing file /opt/airflow/dags/weekly_grocery_pipeline.py for tasks to queue
[2026-09-10T08:12:37.712+0000] {logging_mixin.py:188} INFO - [2026-09-10T08:12:37.712+0000] {dagbag.py:538} INFO - Filling up the DagBag from /opt/airflow/dags/weekly_grocery_pipeline.py
[2026-09-10T08:12:37.719+0000] {processor.py:840} INFO - DAG(s) 'weekly_grocery_pipeline' retrieved from /opt/airflow/dags/weekly_grocery_pipeline.py
[2026-09-10T08:12:37.732+0000] {logging_mixin.py:188} INFO - [2026-09-10T08:12:37.732+0000] {dag.py:3036} INFO - Sync 1 DAGs
[2026-09-10T08:12:37.741+0000] {logging_mixin.py:188} INFO - [2026-09-10T08:12:37.741+0000] {dag.py:3823} INFO - Setting next_dagrun for weekly_grocery_pipeline to 2026-09-06 00:00:00+00:00, run_after=2026-09-13 00:00:00+00:00
[2026-09-10T08:12:37.748+0000] {processor.py:183} INFO - Processing /opt/airflow/dags/weekly_grocery_pipeline.py took 0.038 seconds
[2026-09-10T08:13:07.955+0000] {processor.py:161} INFO - Started process (PID=1749) to work on /opt/airflow/dags/weekly_grocery_pipeline.py
[2026-09-10T08:13:07.956+0000] {processor.py:830} INFO - Processing file /opt/airflow/dags/weekly_grocery_pipeline.py for tasks to queue
[2026-09-10T08:13:07.956+0000] {logging_mixin.py:188} INFO - [2026-09-10T08:13:07.956+0000] {dagbag.py:538} INFO - Filling up the DagBag from /opt/airflow/dags/weekly_grocery_pipeline.py
[2026-09-10T08:13:07.964+0000] {processor.py:840} INFO - DAG(s) 'weekly_grocery_pipeline' retrieved from /opt/airflow/dags/weekly_grocery_pipeline.py
[2026-09-10T08:13:07.978+0000] {logging_mixin.py:188} INFO - [2026-09-10T08:13:07.978+0000] {dag.py:3036} INFO - Sync 1 DAGs
[2026-09-10T08:13:07.987+0000] {logging_mixin.py:188} INFO - [2026-09-10T08:13:07.987+0000] {dag.py:3823} INFO - Setting next_dagrun for weekly_grocery_pipeline to 2026-09-06 00:00:00+00:00, run_after=2026-09-13 00:00:00+00:00
[2026-09-10T08:13:07.993+0000] {processor.py:183} INFO - Processing /opt/airflow/dags/weekly_grocery_pipeline.py took 0.041 seconds
[2026-09-10T08:13:38.178+0000] {processor.py:161} INFO - Started process (PID=1754) to work on /opt/airflow/dags/weekly_grocery_pipeline.py
[2026-09-10T08:13:38.179+0000] {processor.py:830} INFO - Processing file /opt/airflow/dags/weekly_grocery_pipeline.py for tasks to queue
[2026-09-10T08:13:38.180+0000] {logging_mixin.py:188} INFO - [2026-09-10T08:13:38.179+0000] {dagbag.py:538} INFO - Filling up the DagBag from /opt/airflow/dags/weekly_grocery_pipeline.py
[2026-09-10T08:13:38.188+0000] {processor.py:840} INFO - DAG(s) 'weekly_grocery_pipeline' retrieved from /opt/airflow/dags/weekly_grocery_pipeline.py
[2026-09-10T08:13:38.203+0000] {logging_mixin.py:188} INFO - [2026-09-10T08:13:38.203+0000] {dag.py:3036} INFO - Sync 1 DAGs
[2026-09-10T08:13:38.212+0000] {logging_mixin.py:188} INFO - [2026-09-10T08:13:38.212+0000] {dag.py:3823} INFO - Setting next_dagrun for weekly_grocery_pipeline to 2026-09-06 00:00:00+00:00, run_after=2026-09-13 00:00:00+00:00
[2026-09-10T08:13:38.218+0000] {processor.py:183} INFO - Processing /opt/airflow/dags/weekly_grocery_pipeline.py took 0.042 seconds
[2026-09-10T08:14:08.418+0000] {processor.py:161} INFO - Started process (PID=1759) to work on /opt/airflow/dags/weekly_grocery_pipeline.py
[2026-09-10T08:14:08.423+0000] {processor.py:830} INFO - Processing file /opt/airflow/dags/weekly_grocery_pipeline.py for tasks to queue
[2026-09-10T08:14:08.424+0000] {logging_mixin.py:188} INFO - [2026-09-10T08:14:08.424+0000] {dagbag.py:538} INFO - Filling up the DagBag from /opt/airflow/dags/weekly_grocery_pipeline.py
[2026-09-10T08:14:08.447+0000] {processor.py:840} INFO - DAG(s) 'weekly_grocery_pipeline' retrieved from /opt/airflow/dags/weekly_grocery_pipeline.py
[2026-09-10T08:14:08.480+0000] {logging_mixin.py:188} INFO - [2026-09-10T08:14:08.480+0000] {dag.py:3036} INFO - Sync 1 DAGs
[2026-09-10T08:14:08.494+0000] {logging_mixin.py:188} INFO - [2026-09-10T08:14:08.494+0000] {dag.py:3823} INFO - Setting next_dagrun for weekly_grocery_pipeline to 2026-09-06 00:00:00+00:00, run_after=2026-09-13 00:00:00+00:00
[2026-09-10T08:14:08.504+0000] {processor.py:183} INFO - Processing /opt/airflow/dags/weekly_grocery_pipeline.py took 0.093 seconds
[2026-09-10T08:14:38.805+0000] {processor.py:161} INFO - Started process (PID=1764) to work on /opt/airflow/dags/weekly_grocery_pipeline.py
[2026-09-10T08:14:38.806+0000] {processor.py:830} INFO - Processing file /opt/airflow/dags/weekly_grocery_pipeline.py for tasks to queue
[2026-09-10T08:14:38.807+0000] {logging_mixin.py:188} INFO - [2026-09-10T08:14:38.806+0000] {dagbag.py:538} INFO - Filling up the DagBag from /opt/airflow/dags/weekly_grocery_pipeline.py
[2026-09-10T08:14:38.818+0000] {processor.py:840} INFO - DAG(s) 'weekly_grocery_pipeline' retrieved from /opt/airflow/dags/weekly_grocery_pipeline.py
[2026-09-10T08:14:38.836+0000] {logging_mixin.py:188} INFO - [2026-09-10T08:14:38.836+0000] {dag.py:3036} INFO - Sync 1 DAGs
[2026-09-10T08:14:38.847+0000] {logging_mixin.py:188} INFO - [2026-09-10T08:14:38.847+0000] {dag.py:3823} INFO - Setting next_dagrun for weekly_grocery_pipeline to 2026-09-06 00:00:00+00:00, run_after=2026-09-13 00:00:00+00:00
[2026-09-10T08:14:38.855+0000] {processor.py:183} INFO - Processing /opt/airflow/dags/weekly_grocery_pipeline.py took 0.054 seconds
[2026-09-10T08:15:09.169+0000] {processor.py:161} INFO - Started process (PID=1769) to work on /opt/airflow/dags/weekly_grocery_pipeline.py
[2026-09-10T08:15:09.170+0000] {processor.py:830} INFO - Processing file /opt/airflow/dags/weekly_grocery_pipeline.py for tasks to queue
[2026-09-10T08:15:09.170+0000] {logging_mixin.py:188} INFO - [2026-09-10T08:15:09.170+0000] {dagbag.py:538} INFO - Filling up the DagBag from /opt/airflow/dags/weekly_grocery_pipeline.py
[2026-09-10T08:15:09.181+0000] {processor.py:840} INFO - DAG(s) 'weekly_grocery_pipeline' retrieved from /opt/airflow/dags/weekly_grocery_pipeline.py
[2026-09-10T08:15:09.199+0000] {logging_mixin.py:188} INFO - [2026-09-10T08:15:09.199+0000] {dag.py:3036} INFO - Sync 1 DAGs
[2026-09-10T08:15:09.211+0000] {logging_mixin.py:188} INFO - [2026-09-10T08:15:09.211+0000] {dag.py:3823} INFO - Setting next_dagrun for weekly_grocery_pipeline to 2026-09-06 00:00:00+00:00, run_after=2026-09-13 00:00:00+00:00
[2026-09-10T08:15:09.219+0000] {processor.py:183} INFO - Processing /opt/airflow/dags/weekly_grocery_pipeline.py took 0.053 seconds
[2026-09-10T08:15:39.557+0000] {processor.py:161} INFO - Started process (PID=1774) to work on /opt/airflow/dags/weekly_grocery_pipeline.py
[2026-09-10T08:15:39.557+0000] {processor.py:830} INFO - Processing file /opt/airflow/dags/weekly_grocery_pipeline.py for tasks to queue
[2026-09-10T08:15:39.558+0000] {logging_mixin.py:188} INFO - [2026-09-10T08:15:39.558+0000] {dagbag.py:538} INFO - Filling up the DagBag from /opt/airflow/dags/weekly_grocery_pipeline.py
[2026-09-10T08:15:39.570+0000] {processor.py:840} INFO - DAG(s) 'weekly_grocery_pipeline' retrieved from /opt/airflow/dags/weekly_grocery_pipeline.py
[2026-09-10T08:15:39.588+0000] {logging_mixin.py:188} INFO - [2026-09-10T08:15:39.588+0000] {dag.py:3036} INFO - Sync 1 DAGs
[2026-09-10T08:15:39.599+0000] {logging_mixin.py:188} INFO - [2026-09-10T08:15:39.599+0000] {dag.py:3823} INFO - Setting next_dagrun for weekly_grocery_pipeline to 2026-09-06 00:00:00+00:00, run_after=2026-09-13 00:00:00+00:00
[2026-09-10T08:15:39.606+0000] {processor.py:183} INFO - Processing /opt/airflow/dags/weekly_grocery_pipeline.py took 0.052 seconds
[2026-09-10T08:16:09.925+0000] {processor.py:161} INFO - Started process (PID=1779) to work on /opt/airflow/dags/weekly_grocery_pipeline.py
[2026-09-10T08:16:09.926+0000] {processor.py:830} INFO - Processing file /opt/airflow/dags/weekly_grocery_pipeline.py for tasks to queue
[2026-09-10T08:16:09.926+0000] {logging_mixin.py:188} INFO - [2026-09-10T08:16:09.926+0000] {dagbag.py:538} INFO - Filling up the DagBag from /opt/airflow/dags/weekly_grocery_pipeline.py
[2026-09-10T08:16:09.937+0000] {processor.py:840} INFO - DAG(s) 'weekly_grocery_pipeline' retrieved from /opt/airflow/dags/weekly_grocery_pipeline.py
[2026-09-10T08:16:09.955+0000] {logging_mixin.py:188} INFO - [2026-09-10T08:16:09.955+0000] {dag.py:3036} INFO - Sync 1 DAGs
[2026-09-10T08:16:09.966+0000] {logging_mixin.py:188} INFO - [2026-09-10T08:16:09.966+0000] {dag.py:3823} INFO - Setting next_dagrun for weekly_grocery_pipeline to 2026-09-06 00:00:00+00:00, run_after=2026-09-13 00:00:00+00:00
[2026-09-10T08:16:09.973+0000] {processor.py:183} INFO - Processing /opt/airflow/dags/weekly_grocery_pipeline.py took 0.051 seconds
[2026-09-10T08:16:40.320+0000] {processor.py:161} INFO - Started process (PID=1784) to work on /opt/airflow/dags/weekly_grocery_pipeline.py
[2026-09-10T08:16:40.320+0000] {processor.py:830} INFO - Processing file /opt/airflow/dags/weekly_grocery_pipeline.py for tasks to queue
[2026-09-10T08:16:40.321+0000] {logging_mixin.py:188} INFO - [2026-09-10T08:16:40.321+0000] {dagbag.py:538} INFO - Filling up the DagBag from /opt/airflow/dags/weekly_grocery_pipeline.py
[2026-09-10T08:16:40.332+0000] {processor.py:840} INFO - DAG(s) 'weekly_grocery_pipeline' retrieved from /opt/airflow/dags/weekly_grocery_pipeline.py
[2026-09-10T08:16:40.351+0000] {logging_mixin.py:188} INFO - [2026-09-10T08:16:40.351+0000] {dag.py:3036} INFO - Sync 1 DAGs
[2026-09-10T08:16:40.362+0000] {logging_mixin.py:188} INFO - [2026-09-10T08:16:40.362+0000] {dag.py:3823} INFO - Setting next_dagrun for weekly_grocery_pipeline to 2026-09-06 00:00:00+00:00, run_after=2026-09-13 00:00:00+00:00
[2026-09-10T08:16:40.369+0000] {processor.py:183} INFO - Processing /opt/airflow/dags/weekly_grocery_pipeline.py took 0.053 seconds
[2026-09-10T08:17:10.724+0000] {processor.py:161} INFO - Started process (PID=1789) to work on /opt/airflow/dags/weekly_grocery_pipeline.py
[2026-09-10T08:17:10.726+0000] {processor.py:830} INFO - Processing file /opt/airflow/dags/weekly_grocery_pipeline.py for tasks to queue
[2026-09-10T08:17:10.726+0000] {logging_mixin.py:188} INFO - [2026-09-10T08:17:10.726+0000] {dagbag.py:538} INFO - Filling up the DagBag from /opt/airflow/dags/weekly_grocery_pipeline.py
[2026-09-10T08:17:10.738+0000] {processor.py:840} INFO - DAG(s) 'weekly_grocery_pipeline' retrieved from /opt/airflow/dags/weekly_grocery_pipeline.py
[2026-09-10T08:17:10.755+0000] {logging_mixin.py:188} INFO - [2026-09-10T08:17:10.755+0000] {dag.py:3036} INFO - Sync 1 DAGs
[2026-09-10T08:17:10.766+0000] {logging_mixin.py:188} INFO - [2026-09-10T08:17:10.765+0000] {dag.py:3823} INFO - Setting next_dagrun for weekly_grocery_pipeline to 2026-09-06 00:00:00+00:00, run_after=2026-09-13 00:00:00+00:00
[2026-09-10T08:17:10.772+0000] {processor.py:183} INFO - Processing /opt/airflow/dags/weekly_grocery_pipeline.py took 0.051 seconds
[2026-09-10T08:17:40.994+0000] {processor.py:161} INFO - Started process (PID=1794) to work on /opt/airflow/dags/weekly_grocery_pipeline.py
[2026-09-10T08:17:40.995+0000] {processor.py:830} INFO - Processing file /opt/airflow/dags/weekly_grocery_pipeline.py for tasks to queue
[2026-09-10T08:17:40.996+0000] {logging_mixin.py:188} INFO - [2026-09-10T08:17:40.996+0000] {dagbag.py:538} INFO - Filling up the DagBag from /opt/airflow/dags/weekly_grocery_pipeline.py
[2026-09-10T08:17:41.008+0000] {processor.py:840} INFO - DAG(s) 'weekly_grocery_pipeline' retrieved from /opt/airflow/dags/weekly_grocery_pipeline.py
[2026-09-10T08:17:41.027+0000] {logging_mixin.py:188} INFO - [2026-09-10T08:17:41.027+0000] {dag.py:3036} INFO - Sync 1 DAGs
[2026-09-10T08:17:41.038+0000] {logging_mixin.py:188} INFO - [2026-09-10T08:17:41.038+0000] {dag.py:3823} INFO - Setting next_dagrun for weekly_grocery_pipeline to 2026-09-06 00:00:00+00:00, run_after=2026-09-13 00:00:00+00:00
[2026-09-10T08:17:41.046+0000] {processor.py:183} INFO - Processing /opt/airflow/dags/weekly_grocery_pipeline.py took 0.055 seconds
[2026-09-10T08:18:11.380+0000] {processor.py:161} INFO - Started process (PID=1799) to work on /opt/airflow/dags/weekly_grocery_pipeline.py
[2026-09-10T08:18:11.381+0000] {processor.py:830} INFO - Processing file /opt/airflow/dags/weekly_grocery_pipeline.py for tasks to queue
[2026-09-10T08:18:11.382+0000] {logging_mixin.py:188} INFO - [2026-09-10T08:18:11.382+0000] {dagbag.py:538} INFO - Filling up the DagBag from /opt/airflow/dags/weekly_grocery_pipeline.py
[2026-09-10T08:18:11.394+0000] {processor.py:840} INFO - DAG(s) 'weekly_grocery_pipeline' retrieved from /opt/airflow/dags/weekly_grocery_pipeline.py
[2026-09-10T08:18:11.410+0000] {logging_mixin.py:188} INFO - [2026-09-10T08:18:11.410+0000] {dag.py:3036} INFO - Sync 1 DAGs
[2026-09-10T08:18:11.421+0000] {logging_mixin.py:188} INFO - [2026-09-10T08:18:11.420+0000] {dag.py:3823} INFO - Setting next_dagrun for weekly_grocery_pipeline to 2026-09-06 00:00:00+00:00, run_after=2026-09-13 00:00:00+00:00
[2026-09-10T08:18:11.427+0000] {processor.py:183} INFO - Processing /opt/airflow/dags/weekly_grocery_pipeline.py took 0.050 seconds
[2026-09-10T08:18:41.717+0000] {processor.py:161} INFO - Started process (PID=1804) to work on /opt/airflow/dags/weekly_grocery_pipeline.py
[2026-09-10T08:18:41.718+0000] {processor.py:830} INFO - Processing file /opt/airflow/dags/weekly_grocery_pipeline.py for tasks to queue
[2026-09-10T08:18:41.719+0000] {logging_mixin.py:188} INFO - [2026-09-10T08:18:41.719+0000] {dagbag.py:538} INFO - Filling up the DagBag from /opt/airflow/dags/weekly_grocery_pipeline.py
[2026-09-10T08:18:41.730+0000] {processor.py:840} INFO - DAG(s) 'weekly_grocery_pipeline' retrieved from /opt/airflow/dags/weekly_grocery_pipeline.py
[2026-09-10T08:18:41.749+0000] {logging_mixin.py:188} INFO - [2026-09-10T08:18:41.749+0000] {dag.py:3036} INFO - Sync 1 DAGs
[2026-09-10T08:18:41.761+0000] {logging_mixin.py:188} INFO - [2026-09-10T08:18:41.761+0000] {dag.py:3823} INFO - Setting next_dagrun for weekly_grocery_pipeline to 2026-09-06 00:00:00+00:00, run_after=2026-09-13 00:00:00+00:00
[2026-09-10T08:18:41.768+0000] {processor.py:183} INFO - Processing /opt/airflow/dags/weekly_grocery_pipeline.py took 0.054 seconds
[2026-09-10T08:19:12.119+0000] {processor.py:161} INFO - Started process (PID=1809) to work on /opt/airflow/dags/weekly_grocery_pipeline.py
[2026-09-10T08:19:12.120+0000] {processor.py:830} INFO - Processing file /opt/airflow/dags/weekly_grocery_pipeline.py for tasks to queue
[2026-09-10T08:19:12.121+0000] {logging_mixin.py:188} INFO - [2026-09-10T08:19:12.120+0000] {dagbag.py:538} INFO - Filling up the DagBag from /opt/airflow/dags/weekly_grocery_pipeline.py
[2026-09-10T08:19:12.132+0000] {processor.py:840} INFO - DAG(s) 'weekly_grocery_pipeline' retrieved from /opt/airflow/dags/weekly_grocery_pipeline.py
[2026-09-10T08:19:12.151+0000] {logging_mixin.py:188} INFO - [2026-09-10T08:19:12.150+0000] {dag.py:3036} INFO - Sync 1 DAGs
[2026-09-10T08:19:12.161+0000] {logging_mixin.py:188} INFO - [2026-09-10T08:19:12.161+0000] {dag.py:3823} INFO - Setting next_dagrun for weekly_grocery_pipeline to 2026-09-06 00:00:00+00:00, run_after=2026-09-13 00:00:00+00:00
[2026-09-10T08:19:12.170+0000] {processor.py:183} INFO - Processing /opt/airflow/dags/weekly_grocery_pipeline.py took 0.055 seconds
[2026-09-10T08:19:42.514+0000] {processor.py:161} INFO - Started process (PID=1814) to work on /opt/airflow/dags/weekly_grocery_pipeline.py
[2026-09-10T08:19:42.515+0000] {processor.py:830} INFO - Processing file /opt/airflow/dags/weekly_grocery_pipeline.py for tasks to queue
[2026-09-10T08:19:42.515+0000] {logging_mixin.py:188} INFO - [2026-09-10T08:19:42.515+0000] {dagbag.py:538} INFO - Filling up the DagBag from /opt/airflow/dags/weekly_grocery_pipeline.py
[2026-09-10T08:19:42.526+0000] {processor.py:840} INFO - DAG(s) 'weekly_grocery_pipeline' retrieved from /opt/airflow/dags/weekly_grocery_pipeline.py
[2026-09-10T08:19:42.542+0000] {logging_mixin.py:188} INFO - [2026-09-10T08:19:42.542+0000] {dag.py:3036} INFO - Sync 1 DAGs
[2026-09-10T08:19:42.551+0000] {logging_mixin.py:188} INFO - [2026-09-10T08:19:42.551+0000] {dag.py:3823} INFO - Setting next_dagrun for weekly_grocery_pipeline to 2026-09-06 00:00:00+00:00, run_after=2026-09-13 00:00:00+00:00
[2026-09-10T08:19:42.558+0000] {processor.py:183} INFO - Processing /opt/airflow/dags/weekly_grocery_pipeline.py took 0.047 seconds
[2026-09-10T08:20:12.890+0000] {processor.py:161} INFO - Started process (PID=1819) to work on /opt/airflow/dags/weekly_grocery_pipeline.py
[2026-09-10T08:20:12.891+0000] {processor.py:830} INFO - Processing file /opt/airflow/dags/weekly_grocery_pipeline.py for tasks to queue
[2026-09-10T08:20:12.892+0000] {logging_mixin.py:188} INFO - [2026-09-10T08:20:12.891+0000] {dagbag.py:538} INFO - Filling up the DagBag from /opt/airflow/dags/weekly_grocery_pipeline.py
[2026-09-10T08:20:12.903+0000] {processor.py:840} INFO - DAG(s) 'weekly_grocery_pipeline' retrieved from /opt/airflow/dags/weekly_grocery_pipeline.py
[2026-09-10T08:20:12.922+0000] {logging_mixin.py:188} INFO - [2026-09-10T08:20:12.921+0000] {dag.py:3036} INFO - Sync 1 DAGs
[2026-09-10T08:20:12.933+0000] {logging_mixin.py:188} INFO - [2026-09-10T08:20:12.933+0000] {dag.py:3823} INFO - Setting next_dagrun for weekly_grocery_pipeline to 2026-09-06 00:00:00+00:00, run_after=2026-09-13 00:00:00+00:00
[2026-09-10T08:20:12.939+0000] {processor.py:183} INFO - Processing /opt/airflow/dags/weekly_grocery_pipeline.py took 0.053 seconds
[2026-09-10T08:20:43.264+0000] {processor.py:161} INFO - Started process (PID=1824) to work on /opt/airflow/dags/weekly_grocery_pipeline.py
[2026-09-10T08:20:43.265+0000] {processor.py:830} INFO - Processing file /opt/airflow/dags/weekly_grocery_pipeline.py for tasks to queue
[2026-09-10T08:20:43.265+0000] {logging_mixin.py:188} INFO - [2026-09-10T08:20:43.265+0000] {dagbag.py:538} INFO - Filling up the DagBag from /opt/airflow/dags/weekly_grocery_pipeline.py
[2026-09-10T08:20:43.278+0000] {processor.py:840} INFO - DAG(s) 'weekly_grocery_pipeline' retrieved from /opt/airflow/dags/weekly_grocery_pipeline.py
[2026-09-10T08:20:43.297+0000] {logging_mixin.py:188} INFO - [2026-09-10T08:20:43.297+0000] {dag.py:3036} INFO - Sync 1 DAGs
[2026-09-10T08:20:43.308+0000] {logging_mixin.py:188} INFO - [2026-09-10T08:20:43.308+0000] {dag.py:3823} INFO - Setting next_dagrun for weekly_grocery_pipeline to 2026-09-06 00:00:00+00:00, run_after=2026-09-13 00:00:00+00:00
[2026-09-10T08:20:43.315+0000] {processor.py:183} INFO - Processing /opt/airflow/dags/weekly_grocery_pipeline.py took 0.055 seconds
[2026-09-10T08:21:13.584+0000] {processor.py:161} INFO - Started process (PID=1829) to work on /opt/airflow/dags/weekly_grocery_pipeline.py
[2026-09-10T08:21:13.585+0000] {processor.py:830} INFO - Processing file /opt/airflow/dags/weekly_grocery_pipeline.py for tasks to queue
[2026-09-10T08:21:13.585+0000] {logging_mixin.py:188} INFO - [2026-09-10T08:21:13.585+0000] {dagbag.py:538} INFO - Filling up the DagBag from /opt/airflow/dags/weekly_grocery_pipeline.py
[2026-09-10T08:21:13.596+0000] {processor.py:840} INFO - DAG(s) 'weekly_grocery_pipeline' retrieved from /opt/airflow/dags/weekly_grocery_pipeline.py
[2026-09-10T08:21:13.614+0000] {logging_mixin.py:188} INFO - [2026-09-10T08:21:13.614+0000] {dag.py:3036} INFO - Sync 1 DAGs
[2026-09-10T08:21:13.624+0000] {logging_mixin.py:188} INFO - [2026-09-10T08:21:13.624+0000] {dag.py:3823} INFO - Setting next_dagrun for weekly_grocery_pipeline to 2026-09-06 00:00:00+00:00, run_after=2026-09-13 00:00:00+00:00
[2026-09-10T08:21:13.631+0000] {processor.py:183} INFO - Processing /opt/airflow/dags/weekly_grocery_pipeline.py took 0.050 seconds
[2026-09-10T08:21:43.837+0000] {processor.py:161} INFO - Started process (PID=1834) to work on /opt/airflow/dags/weekly_grocery_pipeline.py
[2026-09-10T08:21:43.838+0000] {processor.py:830} INFO - Processing file /opt/airflow/dags/weekly_grocery_pipeline.py for tasks to queue
[2026-09-10T08:21:43.839+0000] {logging_mixin.py:188} INFO - [2026-09-10T08:21:43.839+0000] {dagbag.py:538} INFO - Filling up the DagBag from /opt/airflow/dags/weekly_grocery_pipeline.py
[2026-09-10T08:21:43.850+0000] {processor.py:840} INFO - DAG(s) 'weekly_grocery_pipeline' retrieved from /opt/airflow/dags/weekly_grocery_pipeline.py
[2026-09-10T08:21:43.868+0000] {logging_mixin.py:188} INFO - [2026-09-10T08:21:43.868+0000] {dag.py:3036} INFO - Sync 1 DAGs
[2026-09-10T08:21:43.878+0000] {logging_mixin.py:188} INFO - [2026-09-10T08:21:43.878+0000] {dag.py:3823} INFO - Setting next_dagrun for weekly_grocery_pipeline to 2026-09-06 00:00:00+00:00, run_after=2026-09-13 00:00:00+00:00
[2026-09-10T08:21:43.885+0000] {processor.py:183} INFO - Processing /opt/airflow/dags/weekly_grocery_pipeline.py took 0.051 seconds
[2026-09-10T08:22:14.177+0000] {processor.py:161} INFO - Started process (PID=1839) to work on /opt/airflow/dags/weekly_grocery_pipeline.py
[2026-09-10T08:22:14.181+0000] {processor.py:830} INFO - Processing file /opt/airflow/dags/weekly_grocery_pipeline.py for tasks to queue
[2026-09-10T08:22:14.182+0000] {logging_mixin.py:188} INFO - [2026-09-10T08:22:14.182+0000] {dagbag.py:538} INFO - Filling up the DagBag from /opt/airflow/dags/weekly_grocery_pipeline.py
[2026-09-10T08:22:14.194+0000] {processor.py:840} INFO - DAG(s) 'weekly_grocery_pipeline' retrieved from /opt/airflow/dags/weekly_grocery_pipeline.py
[2026-09-10T08:22:14.212+0000] {logging_mixin.py:188} INFO - [2026-09-10T08:22:14.212+0000] {dag.py:3036} INFO - Sync 1 DAGs
[2026-09-10T08:22:14.223+0000] {logging_mixin.py:188} INFO - [2026-09-10T08:22:14.223+0000] {dag.py:3823} INFO - Setting next_dagrun for weekly_grocery_pipeline to 2026-09-06 00:00:00+00:00, run_after=2026-09-13 00:00:00+00:00
[2026-09-10T08:22:14.229+0000] {processor.py:183} INFO - Processing /opt/airflow/dags/weekly_grocery_pipeline.py took 0.054 seconds
[2026-09-10T08:22:44.581+0000] {processor.py:161} INFO - Started process (PID=1844) to work on /opt/airflow/dags/weekly_grocery_pipeline.py
[2026-09-10T08:22:44.582+0000] {processor.py:830} INFO - Processing file /opt/airflow/dags/weekly_grocery_pipeline.py for tasks to queue
[2026-09-10T08:22:44.583+0000] {logging_mixin.py:188} INFO - [2026-09-10T08:22:44.583+0000] {dagbag.py:538} INFO - Filling up the DagBag from /opt/airflow/dags/weekly_grocery_pipeline.py
[2026-09-10T08:22:44.595+0000] {processor.py:840} INFO - DAG(s) 'weekly_grocery_pipeline' retrieved from /opt/airflow/dags/weekly_grocery_pipeline.py
[2026-09-10T08:22:44.613+0000] {logging_mixin.py:188} INFO - [2026-09-10T08:22:44.613+0000] {dag.py:3036} INFO - Sync 1 DAGs
[2026-09-10T08:22:44.625+0000] {logging_mixin.py:188} INFO - [2026-09-10T08:22:44.624+0000] {dag.py:3823} INFO - Setting next_dagrun for weekly_grocery_pipeline to 2026-09-06 00:00:00+00:00, run_after=2026-09-13 00:00:00+00:00
[2026-09-10T08:22:44.631+0000] {processor.py:183} INFO - Processing /opt/airflow/dags/weekly_grocery_pipeline.py took 0.053 seconds
[2026-09-10T08:23:14.961+0000] {processor.py:161} INFO - Started process (PID=1849) to work on /opt/airflow/dags/weekly_grocery_pipeline.py
[2026-09-10T08:23:14.962+0000] {processor.py:830} INFO - Processing file /opt/airflow/dags/weekly_grocery_pipeline.py for tasks to queue
[2026-09-10T08:23:14.963+0000] {logging_mixin.py:188} INFO - [2026-09-10T08:23:14.962+0000] {dagbag.py:538} INFO - Filling up the DagBag from /opt/airflow/dags/weekly_grocery_pipeline.py
[2026-09-10T08:23:14.974+0000] {processor.py:840} INFO - DAG(s) 'weekly_grocery_pipeline' retrieved from /opt/airflow/dags/weekly_grocery_pipeline.py
[2026-09-10T08:23:14.993+0000] {logging_mixin.py:188} INFO - [2026-09-10T08:23:14.992+0000] {dag.py:3036} INFO - Sync 1 DAGs
[2026-09-10T08:23:15.003+0000] {logging_mixin.py:188} INFO - [2026-09-10T08:23:15.003+0000] {dag.py:3823} INFO - Setting next_dagrun for weekly_grocery_pipeline to 2026-09-06 00:00:00+00:00, run_after=2026-09-13 00:00:00+00:00
[2026-09-10T08:23:15.009+0000] {processor.py:183} INFO - Processing /opt/airflow/dags/weekly_grocery_pipeline.py took 0.052 seconds
[2026-09-10T08:23:45.345+0000] {processor.py:161} INFO - Started process (PID=1854) to work on /opt/airflow/dags/weekly_grocery_pipeline.py
[2026-09-10T08:23:45.346+0000] {processor.py:830} INFO - Processing file /opt/airflow/dags/weekly_grocery_pipeline.py for tasks to queue
[2026-09-10T08:23:45.347+0000] {logging_mixin.py:188} INFO - [2026-09-10T08:23:45.347+0000] {dagbag.py:538} INFO - Filling up the DagBag from /opt/airflow/dags/weekly_grocery_pipeline.py
[2026-09-10T08:23:45.358+0000] {processor.py:840} INFO - DAG(s) 'weekly_grocery_pipeline' retrieved from /opt/airflow/dags/weekly_grocery_pipeline.py
[2026-09-10T08:23:45.377+0000] {logging_mixin.py:188} INFO - [2026-09-10T08:23:45.377+0000] {dag.py:3036} INFO - Sync 1 DAGs
[2026-09-10T08:23:45.387+0000] {logging_mixin.py:188} INFO - [2026-09-10T08:23:45.387+0000] {dag.py:3823} INFO - Setting next_dagrun for weekly_grocery_pipeline to 2026-09-06 00:00:00+00:00, run_after=2026-09-13 00:00:00+00:00
[2026-09-10T08:23:45.393+0000] {processor.py:183} INFO - Processing /opt/airflow/dags/weekly_grocery_pipeline.py took 0.052 seconds
[2026-09-10T08:24:15.645+0000] {processor.py:161} INFO - Started process (PID=1859) to work on /opt/airflow/dags/weekly_grocery_pipeline.py
[2026-09-10T08:24:15.646+0000] {processor.py:830} INFO - Processing file /opt/airflow/dags/weekly_grocery_pipeline.py for tasks to queue
[2026-09-10T08:24:15.647+0000] {logging_mixin.py:188} INFO - [2026-09-10T08:24:15.647+0000] {dagbag.py:538} INFO - Filling up the DagBag from /opt/airflow/dags/weekly_grocery_pipeline.py
[2026-09-10T08:24:15.658+0000] {processor.py:840} INFO - DAG(s) 'weekly_grocery_pipeline' retrieved from /opt/airflow/dags/weekly_grocery_pipeline.py
[2026-09-10T08:24:15.677+0000] {logging_mixin.py:188} INFO - [2026-09-10T08:24:15.677+0000] {dag.py:3036} INFO - Sync 1 DAGs
[2026-09-10T08:24:15.687+0000] {logging_mixin.py:188} INFO - [2026-09-10T08:24:15.687+0000] {dag.py:3823} INFO - Setting next_dagrun for weekly_grocery_pipeline to 2026-09-06 00:00:00+00:00, run_after=2026-09-13 00:00:00+00:00
[2026-09-10T08:24:15.696+0000] {processor.py:183} INFO - Processing /opt/airflow/dags/weekly_grocery_pipeline.py took 0.055 seconds
[2026-09-10T08:24:46.016+0000] {processor.py:161} INFO - Started process (PID=1864) to work on /opt/airflow/dags/weekly_grocery_pipeline.py
[2026-09-10T08:24:46.019+0000] {processor.py:830} INFO - Processing file /opt/airflow/dags/weekly_grocery_pipeline.py for tasks to queue
[2026-09-10T08:24:46.020+0000] {logging_mixin.py:188} INFO - [2026-09-10T08:24:46.020+0000] {dagbag.py:538} INFO - Filling up the DagBag from /opt/airflow/dags/weekly_grocery_pipeline.py
[2026-09-10T08:24:46.042+0000] {processor.py:840} INFO - DAG(s) 'weekly_grocery_pipeline' retrieved from /opt/airflow/dags/weekly_grocery_pipeline.py
[2026-09-10T08:24:46.066+0000] {logging_mixin.py:188} INFO - [2026-09-10T08:24:46.065+0000] {dag.py:3036} INFO - Sync 1 DAGs
[2026-09-10T08:24:46.079+0000] {logging_mixin.py:188} INFO - [2026-09-10T08:24:46.079+0000] {dag.py:3823} INFO - Setting next_dagrun for weekly_grocery_pipeline to 2026-09-06 00:00:00+00:00, run_after=2026-09-13 00:00:00+00:00
[2026-09-10T08:24:46.087+0000] {processor.py:183} INFO - Processing /opt/airflow/dags/weekly_grocery_pipeline.py took 0.080 seconds
[2026-09-10T09:57:19.066+0000] {processor.py:161} INFO - Started process (PID=1871) to work on /opt/airflow/dags/weekly_grocery_pipeline.py
[2026-09-10T09:57:19.068+0000] {processor.py:830} INFO - Processing file /opt/airflow/dags/weekly_grocery_pipeline.py for tasks to queue
[2026-09-10T09:57:19.070+0000] {logging_mixin.py:188} INFO - [2026-09-10T09:57:19.069+0000] {dagbag.py:538} INFO - Filling up the DagBag from /opt/airflow/dags/weekly_grocery_pipeline.py
[2026-09-10T09:57:19.094+0000] {processor.py:840} INFO - DAG(s) 'weekly_grocery_pipeline' retrieved from /opt/airflow/dags/weekly_grocery_pipeline.py
[2026-09-10T09:57:19.127+0000] {logging_mixin.py:188} INFO - [2026-09-10T09:57:19.127+0000] {dag.py:3036} INFO - Sync 1 DAGs
[2026-09-10T09:57:19.152+0000] {logging_mixin.py:188} INFO - [2026-09-10T09:57:19.152+0000] {dag.py:3823} INFO - Setting next_dagrun for weekly_grocery_pipeline to 2026-09-06 00:00:00+00:00, run_after=2026-09-13 00:00:00+00:00
[2026-09-10T09:57:19.169+0000] {processor.py:183} INFO - Processing /opt/airflow/dags/weekly_grocery_pipeline.py took 0.110 seconds
[2026-09-10T09:57:49.297+0000] {processor.py:161} INFO - Started process (PID=1876) to work on /opt/airflow/dags/weekly_grocery_pipeline.py
[2026-09-10T09:57:49.301+0000] {processor.py:830} INFO - Processing file /opt/airflow/dags/weekly_grocery_pipeline.py for tasks to queue
[2026-09-10T09:57:49.302+0000] {logging_mixin.py:188} INFO - [2026-09-10T09:57:49.302+0000] {dagbag.py:538} INFO - Filling up the DagBag from /opt/airflow/dags/weekly_grocery_pipeline.py
[2026-09-10T09:57:49.320+0000] {processor.py:840} INFO - DAG(s) 'weekly_grocery_pipeline' retrieved from /opt/airflow/dags/weekly_grocery_pipeline.py
[2026-09-10T09:57:49.342+0000] {logging_mixin.py:188} INFO - [2026-09-10T09:57:49.342+0000] {dag.py:3036} INFO - Sync 1 DAGs
[2026-09-10T09:57:49.354+0000] {logging_mixin.py:188} INFO - [2026-09-10T09:57:49.354+0000] {dag.py:3823} INFO - Setting next_dagrun for weekly_grocery_pipeline to 2026-09-06 00:00:00+00:00, run_after=2026-09-13 00:00:00+00:00
[2026-09-10T09:57:49.362+0000] {processor.py:183} INFO - Processing /opt/airflow/dags/weekly_grocery_pipeline.py took 0.072 seconds
[2026-09-10T09:58:19.531+0000] {processor.py:161} INFO - Started process (PID=1881) to work on /opt/airflow/dags/weekly_grocery_pipeline.py
[2026-09-10T09:58:19.532+0000] {processor.py:830} INFO - Processing file /opt/airflow/dags/weekly_grocery_pipeline.py for tasks to queue
[2026-09-10T09:58:19.533+0000] {logging_mixin.py:188} INFO - [2026-09-10T09:58:19.533+0000] {dagbag.py:538} INFO - Filling up the DagBag from /opt/airflow/dags/weekly_grocery_pipeline.py
[2026-09-10T09:58:19.541+0000] {processor.py:840} INFO - DAG(s) 'weekly_grocery_pipeline' retrieved from /opt/airflow/dags/weekly_grocery_pipeline.py
[2026-09-10T09:58:19.557+0000] {logging_mixin.py:188} INFO - [2026-09-10T09:58:19.556+0000] {dag.py:3036} INFO - Sync 1 DAGs
[2026-09-10T09:58:19.566+0000] {logging_mixin.py:188} INFO - [2026-09-10T09:58:19.566+0000] {dag.py:3823} INFO - Setting next_dagrun for weekly_grocery_pipeline to 2026-09-06 00:00:00+00:00, run_after=2026-09-13 00:00:00+00:00
[2026-09-10T09:58:19.573+0000] {processor.py:183} INFO - Processing /opt/airflow/dags/weekly_grocery_pipeline.py took 0.047 seconds
[2026-09-10T09:58:49.875+0000] {processor.py:161} INFO - Started process (PID=1886) to work on /opt/airflow/dags/weekly_grocery_pipeline.py
[2026-09-10T09:58:49.876+0000] {processor.py:830} INFO - Processing file /opt/airflow/dags/weekly_grocery_pipeline.py for tasks to queue
[2026-09-10T09:58:49.876+0000] {logging_mixin.py:188} INFO - [2026-09-10T09:58:49.876+0000] {dagbag.py:538} INFO - Filling up the DagBag from /opt/airflow/dags/weekly_grocery_pipeline.py
[2026-09-10T09:58:49.886+0000] {processor.py:840} INFO - DAG(s) 'weekly_grocery_pipeline' retrieved from /opt/airflow/dags/weekly_grocery_pipeline.py
[2026-09-10T09:58:49.903+0000] {logging_mixin.py:188} INFO - [2026-09-10T09:58:49.902+0000] {dag.py:3036} INFO - Sync 1 DAGs
[2026-09-10T09:58:49.913+0000] {logging_mixin.py:188} INFO - [2026-09-10T09:58:49.913+0000] {dag.py:3823} INFO - Setting next_dagrun for weekly_grocery_pipeline to 2026-09-06 00:00:00+00:00, run_after=2026-09-13 00:00:00+00:00
[2026-09-10T09:58:49.919+0000] {processor.py:183} INFO - Processing /opt/airflow/dags/weekly_grocery_pipeline.py took 0.048 seconds
[2026-09-10T09:59:20.178+0000] {processor.py:161} INFO - Started process (PID=1891) to work on /opt/airflow/dags/weekly_grocery_pipeline.py
[2026-09-10T09:59:20.179+0000] {processor.py:830} INFO - Processing file /opt/airflow/dags/weekly_grocery_pipeline.py for tasks to queue
[2026-09-10T09:59:20.179+0000] {logging_mixin.py:188} INFO - [2026-09-10T09:59:20.179+0000] {dagbag.py:538} INFO - Filling up the DagBag from /opt/airflow/dags/weekly_grocery_pipeline.py
[2026-09-10T09:59:20.190+0000] {processor.py:840} INFO - DAG(s) 'weekly_grocery_pipeline' retrieved from /opt/airflow/dags/weekly_grocery_pipeline.py
[2026-09-10T09:59:20.208+0000] {logging_mixin.py:188} INFO - [2026-09-10T09:59:20.208+0000] {dag.py:3036} INFO - Sync 1 DAGs
[2026-09-10T09:59:20.218+0000] {logging_mixin.py:188} INFO - [2026-09-10T09:59:20.218+0000] {dag.py:3823} INFO - Setting next_dagrun for weekly_grocery_pipeline to 2026-09-06 00:00:00+00:00, run_after=2026-09-13 00:00:00+00:00
[2026-09-10T09:59:20.225+0000] {processor.py:183} INFO - Processing /opt/airflow/dags/weekly_grocery_pipeline.py took 0.051 seconds
[2026-09-10T09:59:50.488+0000] {processor.py:161} INFO - Started process (PID=1896) to work on /opt/airflow/dags/weekly_grocery_pipeline.py
[2026-09-10T09:59:50.489+0000] {processor.py:830} INFO - Processing file /opt/airflow/dags/weekly_grocery_pipeline.py for tasks to queue
[2026-09-10T09:59:50.490+0000] {logging_mixin.py:188} INFO - [2026-09-10T09:59:50.490+0000] {dagbag.py:538} INFO - Filling up the DagBag from /opt/airflow/dags/weekly_grocery_pipeline.py
[2026-09-10T09:59:50.501+0000] {processor.py:840} INFO - DAG(s) 'weekly_grocery_pipeline' retrieved from /opt/airflow/dags/weekly_grocery_pipeline.py
[2026-09-10T09:59:50.522+0000] {logging_mixin.py:188} INFO - [2026-09-10T09:59:50.522+0000] {dag.py:3036} INFO - Sync 1 DAGs
[2026-09-10T09:59:50.532+0000] {logging_mixin.py:188} INFO - [2026-09-10T09:59:50.532+0000] {dag.py:3823} INFO - Setting next_dagrun for weekly_grocery_pipeline to 2026-09-06 00:00:00+00:00, run_after=2026-09-13 00:00:00+00:00
[2026-09-10T09:59:50.539+0000] {processor.py:183} INFO - Processing /opt/airflow/dags/weekly_grocery_pipeline.py took 0.054 seconds
[2026-09-10T10:00:20.777+0000] {processor.py:161} INFO - Started process (PID=1901) to work on /opt/airflow/dags/weekly_grocery_pipeline.py
[2026-09-10T10:00:20.778+0000] {processor.py:830} INFO - Processing file /opt/airflow/dags/weekly_grocery_pipeline.py for tasks to queue
[2026-09-10T10:00:20.779+0000] {logging_mixin.py:188} INFO - [2026-09-10T10:00:20.779+0000] {dagbag.py:538} INFO - Filling up the DagBag from /opt/airflow/dags/weekly_grocery_pipeline.py
[2026-09-10T10:00:20.791+0000] {processor.py:840} INFO - DAG(s) 'weekly_grocery_pipeline' retrieved from /opt/airflow/dags/weekly_grocery_pipeline.py
[2026-09-10T10:00:20.811+0000] {logging_mixin.py:188} INFO - [2026-09-10T10:00:20.811+0000] {dag.py:3036} INFO - Sync 1 DAGs
[2026-09-10T10:00:20.822+0000] {logging_mixin.py:188} INFO - [2026-09-10T10:00:20.822+0000] {dag.py:3823} INFO - Setting next_dagrun for weekly_grocery_pipeline to 2026-09-06 00:00:00+00:00, run_after=2026-09-13 00:00:00+00:00
[2026-09-10T10:00:20.829+0000] {processor.py:183} INFO - Processing /opt/airflow/dags/weekly_grocery_pipeline.py took 0.055 seconds
[2026-09-10T10:00:51.067+0000] {processor.py:161} INFO - Started process (PID=1906) to work on /opt/airflow/dags/weekly_grocery_pipeline.py
[2026-09-10T10:00:51.068+0000] {processor.py:830} INFO - Processing file /opt/airflow/dags/weekly_grocery_pipeline.py for tasks to queue
[2026-09-10T10:00:51.069+0000] {logging_mixin.py:188} INFO - [2026-09-10T10:00:51.069+0000] {dagbag.py:538} INFO - Filling up the DagBag from /opt/airflow/dags/weekly_grocery_pipeline.py
[2026-09-10T10:00:51.081+0000] {processor.py:840} INFO - DAG(s) 'weekly_grocery_pipeline' retrieved from /opt/airflow/dags/weekly_grocery_pipeline.py
[2026-09-10T10:00:51.101+0000] {logging_mixin.py:188} INFO - [2026-09-10T10:00:51.101+0000] {dag.py:3036} INFO - Sync 1 DAGs
[2026-09-10T10:00:51.112+0000] {logging_mixin.py:188} INFO - [2026-09-10T10:00:51.112+0000] {dag.py:3823} INFO - Setting next_dagrun for weekly_grocery_pipeline to 2026-09-06 00:00:00+00:00, run_after=2026-09-13 00:00:00+00:00
[2026-09-10T10:00:51.119+0000] {processor.py:183} INFO - Processing /opt/airflow/dags/weekly_grocery_pipeline.py took 0.055 seconds
[2026-09-10T10:01:21.376+0000] {processor.py:161} INFO - Started process (PID=1911) to work on /opt/airflow/dags/weekly_grocery_pipeline.py
[2026-09-10T10:01:21.377+0000] {processor.py:830} INFO - Processing file /opt/airflow/dags/weekly_grocery_pipeline.py for tasks to queue
[2026-09-10T10:01:21.378+0000] {logging_mixin.py:188} INFO - [2026-09-10T10:01:21.378+0000] {dagbag.py:538} INFO - Filling up the DagBag from /opt/airflow/dags/weekly_grocery_pipeline.py
[2026-09-10T10:01:21.389+0000] {processor.py:840} INFO - DAG(s) 'weekly_grocery_pipeline' retrieved from /opt/airflow/dags/weekly_grocery_pipeline.py
[2026-09-10T10:01:21.409+0000] {logging_mixin.py:188} INFO - [2026-09-10T10:01:21.408+0000] {dag.py:3036} INFO - Sync 1 DAGs
[2026-09-10T10:01:21.419+0000] {logging_mixin.py:188} INFO - [2026-09-10T10:01:21.419+0000] {dag.py:3823} INFO - Setting next_dagrun for weekly_grocery_pipeline to 2026-09-06 00:00:00+00:00, run_after=2026-09-13 00:00:00+00:00
[2026-09-10T10:01:21.426+0000] {processor.py:183} INFO - Processing /opt/airflow/dags/weekly_grocery_pipeline.py took 0.053 seconds
[2026-09-10T10:01:51.707+0000] {processor.py:161} INFO - Started process (PID=1916) to work on /opt/airflow/dags/weekly_grocery_pipeline.py
[2026-09-10T10:01:51.708+0000] {processor.py:830} INFO - Processing file /opt/airflow/dags/weekly_grocery_pipeline.py for tasks to queue
[2026-09-10T10:01:51.708+0000] {logging_mixin.py:188} INFO - [2026-09-10T10:01:51.708+0000] {dagbag.py:538} INFO - Filling up the DagBag from /opt/airflow/dags/weekly_grocery_pipeline.py
[2026-09-10T10:01:51.724+0000] {processor.py:840} INFO - DAG(s) 'weekly_grocery_pipeline' retrieved from /opt/airflow/dags/weekly_grocery_pipeline.py
[2026-09-10T10:01:51.748+0000] {logging_mixin.py:188} INFO - [2026-09-10T10:01:51.748+0000] {dag.py:3036} INFO - Sync 1 DAGs
[2026-09-10T10:01:51.760+0000] {logging_mixin.py:188} INFO - [2026-09-10T10:01:51.760+0000] {dag.py:3823} INFO - Setting next_dagrun for weekly_grocery_pipeline to 2026-09-06 00:00:00+00:00, run_after=2026-09-13 00:00:00+00:00
[2026-09-10T10:01:51.769+0000] {processor.py:183} INFO - Processing /opt/airflow/dags/weekly_grocery_pipeline.py took 0.068 seconds
[2026-09-10T10:02:21.956+0000] {processor.py:161} INFO - Started process (PID=1921) to work on /opt/airflow/dags/weekly_grocery_pipeline.py
[2026-09-10T10:02:21.957+0000] {processor.py:830} INFO - Processing file /opt/airflow/dags/weekly_grocery_pipeline.py for tasks to queue
[2026-09-10T10:02:21.958+0000] {logging_mixin.py:188} INFO - [2026-09-10T10:02:21.958+0000] {dagbag.py:538} INFO - Filling up the DagBag from /opt/airflow/dags/weekly_grocery_pipeline.py
[2026-09-10T10:02:21.970+0000] {processor.py:840} INFO - DAG(s) 'weekly_grocery_pipeline' retrieved from /opt/airflow/dags/weekly_grocery_pipeline.py
[2026-09-10T10:02:21.991+0000] {logging_mixin.py:188} INFO - [2026-09-10T10:02:21.991+0000] {dag.py:3036} INFO - Sync 1 DAGs
[2026-09-10T10:02:22.001+0000] {logging_mixin.py:188} INFO - [2026-09-10T10:02:22.001+0000] {dag.py:3823} INFO - Setting next_dagrun for weekly_grocery_pipeline to 2026-09-06 00:00:00+00:00, run_after=2026-09-13 00:00:00+00:00
[2026-09-10T10:02:22.008+0000] {processor.py:183} INFO - Processing /opt/airflow/dags/weekly_grocery_pipeline.py took 0.057 seconds
[2026-09-10T10:02:52.275+0000] {processor.py:161} INFO - Started process (PID=1926) to work on /opt/airflow/dags/weekly_grocery_pipeline.py
[2026-09-10T10:02:52.276+0000] {processor.py:830} INFO - Processing file /opt/airflow/dags/weekly_grocery_pipeline.py for tasks to queue
[2026-09-10T10:02:52.277+0000] {logging_mixin.py:188} INFO - [2026-09-10T10:02:52.277+0000] {dagbag.py:538} INFO - Filling up the DagBag from /opt/airflow/dags/weekly_grocery_pipeline.py
[2026-09-10T10:02:52.289+0000] {processor.py:840} INFO - DAG(s) 'weekly_grocery_pipeline' retrieved from /opt/airflow/dags/weekly_grocery_pipeline.py
[2026-09-10T10:02:52.308+0000] {logging_mixin.py:188} INFO - [2026-09-10T10:02:52.308+0000] {dag.py:3036} INFO - Sync 1 DAGs
[2026-09-10T10:02:52.319+0000] {logging_mixin.py:188} INFO - [2026-09-10T10:02:52.318+0000] {dag.py:3823} INFO - Setting next_dagrun for weekly_grocery_pipeline to 2026-09-06 00:00:00+00:00, run_after=2026-09-13 00:00:00+00:00
[2026-09-10T10:02:52.325+0000] {processor.py:183} INFO - Processing /opt/airflow/dags/weekly_grocery_pipeline.py took 0.054 seconds
[2026-09-10T10:03:22.551+0000] {processor.py:161} INFO - Started process (PID=1931) to work on /opt/airflow/dags/weekly_grocery_pipeline.py
[2026-09-10T10:03:22.552+0000] {processor.py:830} INFO - Processing file /opt/airflow/dags/weekly_grocery_pipeline.py for tasks to queue
[2026-09-10T10:03:22.553+0000] {logging_mixin.py:188} INFO - [2026-09-10T10:03:22.553+0000] {dagbag.py:538} INFO - Filling up the DagBag from /opt/airflow/dags/weekly_grocery_pipeline.py
[2026-09-10T10:03:22.564+0000] {processor.py:840} INFO - DAG(s) 'weekly_grocery_pipeline' retrieved from /opt/airflow/dags/weekly_grocery_pipeline.py
[2026-09-10T10:03:22.584+0000] {logging_mixin.py:188} INFO - [2026-09-10T10:03:22.583+0000] {dag.py:3036} INFO - Sync 1 DAGs
[2026-09-10T10:03:22.594+0000] {logging_mixin.py:188} INFO - [2026-09-10T10:03:22.594+0000] {dag.py:3823} INFO - Setting next_dagrun for weekly_grocery_pipeline to 2026-09-06 00:00:00+00:00, run_after=2026-09-13 00:00:00+00:00
[2026-09-10T10:03:22.600+0000] {processor.py:183} INFO - Processing /opt/airflow/dags/weekly_grocery_pipeline.py took 0.052 seconds
[2026-09-10T10:03:52.817+0000] {processor.py:161} INFO - Started process (PID=1936) to work on /opt/airflow/dags/weekly_grocery_pipeline.py
[2026-09-10T10:03:52.817+0000] {processor.py:830} INFO - Processing file /opt/airflow/dags/weekly_grocery_pipeline.py for tasks to queue
[2026-09-10T10:03:52.818+0000] {logging_mixin.py:188} INFO - [2026-09-10T10:03:52.818+0000] {dagbag.py:538} INFO - Filling up the DagBag from /opt/airflow/dags/weekly_grocery_pipeline.py
[2026-09-10T10:03:52.830+0000] {processor.py:840} INFO - DAG(s) 'weekly_grocery_pipeline' retrieved from /opt/airflow/dags/weekly_grocery_pipeline.py
[2026-09-10T10:03:52.847+0000] {logging_mixin.py:188} INFO - [2026-09-10T10:03:52.847+0000] {dag.py:3036} INFO - Sync 1 DAGs
[2026-09-10T10:03:52.858+0000] {logging_mixin.py:188} INFO - [2026-09-10T10:03:52.858+0000] {dag.py:3823} INFO - Setting next_dagrun for weekly_grocery_pipeline to 2026-09-06 00:00:00+00:00, run_after=2026-09-13 00:00:00+00:00
[2026-09-10T10:03:52.865+0000] {processor.py:183} INFO - Processing /opt/airflow/dags/weekly_grocery_pipeline.py took 0.051 seconds
[2026-09-10T10:04:23.061+0000] {processor.py:161} INFO - Started process (PID=1941) to work on /opt/airflow/dags/weekly_grocery_pipeline.py
[2026-09-10T10:04:23.062+0000] {processor.py:830} INFO - Processing file /opt/airflow/dags/weekly_grocery_pipeline.py for tasks to queue
[2026-09-10T10:04:23.063+0000] {logging_mixin.py:188} INFO - [2026-09-10T10:04:23.063+0000] {dagbag.py:538} INFO - Filling up the DagBag from /opt/airflow/dags/weekly_grocery_pipeline.py
[2026-09-10T10:04:23.074+0000] {processor.py:840} INFO - DAG(s) 'weekly_grocery_pipeline' retrieved from /opt/airflow/dags/weekly_grocery_pipeline.py
[2026-09-10T10:04:23.091+0000] {logging_mixin.py:188} INFO - [2026-09-10T10:04:23.091+0000] {dag.py:3036} INFO - Sync 1 DAGs
[2026-09-10T10:04:23.101+0000] {logging_mixin.py:188} INFO - [2026-09-10T10:04:23.101+0000] {dag.py:3823} INFO - Setting next_dagrun for weekly_grocery_pipeline to 2026-09-06 00:00:00+00:00, run_after=2026-09-13 00:00:00+00:00
[2026-09-10T10:04:23.107+0000] {processor.py:183} INFO - Processing /opt/airflow/dags/weekly_grocery_pipeline.py took 0.048 seconds
[2026-09-10T10:04:53.317+0000] {processor.py:161} INFO - Started process (PID=1946) to work on /opt/airflow/dags/weekly_grocery_pipeline.py
[2026-09-10T10:04:53.318+0000] {processor.py:830} INFO - Processing file /opt/airflow/dags/weekly_grocery_pipeline.py for tasks to queue
[2026-09-10T10:04:53.319+0000] {logging_mixin.py:188} INFO - [2026-09-10T10:04:53.319+0000] {dagbag.py:538} INFO - Filling up the DagBag from /opt/airflow/dags/weekly_grocery_pipeline.py
[2026-09-10T10:04:53.332+0000] {processor.py:840} INFO - DAG(s) 'weekly_grocery_pipeline' retrieved from /opt/airflow/dags/weekly_grocery_pipeline.py
[2026-09-10T10:04:53.351+0000] {logging_mixin.py:188} INFO - [2026-09-10T10:04:53.351+0000] {dag.py:3036} INFO - Sync 1 DAGs
[2026-09-10T10:04:53.361+0000] {logging_mixin.py:188} INFO - [2026-09-10T10:04:53.361+0000] {dag.py:3823} INFO - Setting next_dagrun for weekly_grocery_pipeline to 2026-09-06 00:00:00+00:00, run_after=2026-09-13 00:00:00+00:00
[2026-09-10T10:04:53.368+0000] {processor.py:183} INFO - Processing /opt/airflow/dags/weekly_grocery_pipeline.py took 0.054 seconds
[2026-09-10T10:05:23.619+0000] {processor.py:161} INFO - Started process (PID=1951) to work on /opt/airflow/dags/weekly_grocery_pipeline.py
[2026-09-10T10:05:23.620+0000] {processor.py:830} INFO - Processing file /opt/airflow/dags/weekly_grocery_pipeline.py for tasks to queue
[2026-09-10T10:05:23.620+0000] {logging_mixin.py:188} INFO - [2026-09-10T10:05:23.620+0000] {dagbag.py:538} INFO - Filling up the DagBag from /opt/airflow/dags/weekly_grocery_pipeline.py
[2026-09-10T10:05:23.634+0000] {processor.py:840} INFO - DAG(s) 'weekly_grocery_pipeline' retrieved from /opt/airflow/dags/weekly_grocery_pipeline.py
[2026-09-10T10:05:23.652+0000] {logging_mixin.py:188} INFO - [2026-09-10T10:05:23.652+0000] {dag.py:3036} INFO - Sync 1 DAGs
[2026-09-10T10:05:23.663+0000] {logging_mixin.py:188} INFO - [2026-09-10T10:05:23.662+0000] {dag.py:3823} INFO - Setting next_dagrun for weekly_grocery_pipeline to 2026-09-06 00:00:00+00:00, run_after=2026-09-13 00:00:00+00:00
[2026-09-10T10:05:23.669+0000] {processor.py:183} INFO - Processing /opt/airflow/dags/weekly_grocery_pipeline.py took 0.053 seconds
[2026-09-10T10:05:53.974+0000] {processor.py:161} INFO - Started process (PID=1956) to work on /opt/airflow/dags/weekly_grocery_pipeline.py
[2026-09-10T10:05:53.976+0000] {processor.py:830} INFO - Processing file /opt/airflow/dags/weekly_grocery_pipeline.py for tasks to queue
[2026-09-10T10:05:53.977+0000] {logging_mixin.py:188} INFO - [2026-09-10T10:05:53.976+0000] {dagbag.py:538} INFO - Filling up the DagBag from /opt/airflow/dags/weekly_grocery_pipeline.py
[2026-09-10T10:05:54.019+0000] {processor.py:840} INFO - DAG(s) 'weekly_grocery_pipeline' retrieved from /opt/airflow/dags/weekly_grocery_pipeline.py
[2026-09-10T10:05:54.047+0000] {logging_mixin.py:188} INFO - [2026-09-10T10:05:54.047+0000] {dag.py:3036} INFO - Sync 1 DAGs
[2026-09-10T10:05:54.068+0000] {logging_mixin.py:188} INFO - [2026-09-10T10:05:54.068+0000] {dag.py:3823} INFO - Setting next_dagrun for weekly_grocery_pipeline to 2026-09-06 00:00:00+00:00, run_after=2026-09-13 00:00:00+00:00
[2026-09-10T10:05:54.083+0000] {processor.py:183} INFO - Processing /opt/airflow/dags/weekly_grocery_pipeline.py took 0.116 seconds
[2026-09-10T10:06:24.264+0000] {processor.py:161} INFO - Started process (PID=1961) to work on /opt/airflow/dags/weekly_grocery_pipeline.py
[2026-09-10T10:06:24.265+0000] {processor.py:830} INFO - Processing file /opt/airflow/dags/weekly_grocery_pipeline.py for tasks to queue
[2026-09-10T10:06:24.266+0000] {logging_mixin.py:188} INFO - [2026-09-10T10:06:24.266+0000] {dagbag.py:538} INFO - Filling up the DagBag from /opt/airflow/dags/weekly_grocery_pipeline.py
[2026-09-10T10:06:24.279+0000] {processor.py:840} INFO - DAG(s) 'weekly_grocery_pipeline' retrieved from /opt/airflow/dags/weekly_grocery_pipeline.py
[2026-09-10T10:06:24.298+0000] {logging_mixin.py:188} INFO - [2026-09-10T10:06:24.298+0000] {dag.py:3036} INFO - Sync 1 DAGs
[2026-09-10T10:06:24.308+0000] {logging_mixin.py:188} INFO - [2026-09-10T10:06:24.308+0000] {dag.py:3823} INFO - Setting next_dagrun for weekly_grocery_pipeline to 2026-09-06 00:00:00+00:00, run_after=2026-09-13 00:00:00+00:00
[2026-09-10T10:06:24.316+0000] {processor.py:183} INFO - Processing /opt/airflow/dags/weekly_grocery_pipeline.py took 0.056 seconds
[2026-09-10T10:06:54.565+0000] {processor.py:161} INFO - Started process (PID=1966) to work on /opt/airflow/dags/weekly_grocery_pipeline.py
[2026-09-10T10:06:54.566+0000] {processor.py:830} INFO - Processing file /opt/airflow/dags/weekly_grocery_pipeline.py for tasks to queue
[2026-09-10T10:06:54.567+0000] {logging_mixin.py:188} INFO - [2026-09-10T10:06:54.567+0000] {dagbag.py:538} INFO - Filling up the DagBag from /opt/airflow/dags/weekly_grocery_pipeline.py
[2026-09-10T10:06:54.578+0000] {processor.py:840} INFO - DAG(s) 'weekly_grocery_pipeline' retrieved from /opt/airflow/dags/weekly_grocery_pipeline.py
[2026-09-10T10:06:54.596+0000] {logging_mixin.py:188} INFO - [2026-09-10T10:06:54.596+0000] {dag.py:3036} INFO - Sync 1 DAGs
[2026-09-10T10:06:54.607+0000] {logging_mixin.py:188} INFO - [2026-09-10T10:06:54.607+0000] {dag.py:3823} INFO - Setting next_dagrun for weekly_grocery_pipeline to 2026-09-06 00:00:00+00:00, run_after=2026-09-13 00:00:00+00:00
[2026-09-10T10:06:54.615+0000] {processor.py:183} INFO - Processing /opt/airflow/dags/weekly_grocery_pipeline.py took 0.053 seconds
[2026-09-10T10:07:24.829+0000] {processor.py:161} INFO - Started process (PID=1971) to work on /opt/airflow/dags/weekly_grocery_pipeline.py
[2026-09-10T10:07:24.830+0000] {processor.py:830} INFO - Processing file /opt/airflow/dags/weekly_grocery_pipeline.py for tasks to queue
[2026-09-10T10:07:24.831+0000] {logging_mixin.py:188} INFO - [2026-09-10T10:07:24.830+0000] {dagbag.py:538} INFO - Filling up the DagBag from /opt/airflow/dags/weekly_grocery_pipeline.py
[2026-09-10T10:07:24.844+0000] {processor.py:840} INFO - DAG(s) 'weekly_grocery_pipeline' retrieved from /opt/airflow/dags/weekly_grocery_pipeline.py
[2026-09-10T10:07:24.867+0000] {logging_mixin.py:188} INFO - [2026-09-10T10:07:24.867+0000] {dag.py:3036} INFO - Sync 1 DAGs
[2026-09-10T10:07:24.880+0000] {logging_mixin.py:188} INFO - [2026-09-10T10:07:24.880+0000] {dag.py:3823} INFO - Setting next_dagrun for weekly_grocery_pipeline to 2026-09-06 00:00:00+00:00, run_after=2026-09-13 00:00:00+00:00
[2026-09-10T10:07:24.887+0000] {processor.py:183} INFO - Processing /opt/airflow/dags/weekly_grocery_pipeline.py took 0.062 seconds
[2026-09-10T10:07:55.119+0000] {processor.py:161} INFO - Started process (PID=1976) to work on /opt/airflow/dags/weekly_grocery_pipeline.py
[2026-09-10T10:07:55.120+0000] {processor.py:830} INFO - Processing file /opt/airflow/dags/weekly_grocery_pipeline.py for tasks to queue
[2026-09-10T10:07:55.121+0000] {logging_mixin.py:188} INFO - [2026-09-10T10:07:55.121+0000] {dagbag.py:538} INFO - Filling up the DagBag from /opt/airflow/dags/weekly_grocery_pipeline.py
[2026-09-10T10:07:55.132+0000] {processor.py:840} INFO - DAG(s) 'weekly_grocery_pipeline' retrieved from /opt/airflow/dags/weekly_grocery_pipeline.py
[2026-09-10T10:07:55.151+0000] {logging_mixin.py:188} INFO - [2026-09-10T10:07:55.151+0000] {dag.py:3036} INFO - Sync 1 DAGs
[2026-09-10T10:07:55.161+0000] {logging_mixin.py:188} INFO - [2026-09-10T10:07:55.161+0000] {dag.py:3823} INFO - Setting next_dagrun for weekly_grocery_pipeline to 2026-09-06 00:00:00+00:00, run_after=2026-09-13 00:00:00+00:00
[2026-09-10T10:07:55.169+0000] {processor.py:183} INFO - Processing /opt/airflow/dags/weekly_grocery_pipeline.py took 0.052 seconds
[2026-09-10T10:08:25.414+0000] {processor.py:161} INFO - Started process (PID=1981) to work on /opt/airflow/dags/weekly_grocery_pipeline.py
[2026-09-10T10:08:25.415+0000] {processor.py:830} INFO - Processing file /opt/airflow/dags/weekly_grocery_pipeline.py for tasks to queue
[2026-09-10T10:08:25.415+0000] {logging_mixin.py:188} INFO - [2026-09-10T10:08:25.415+0000] {dagbag.py:538} INFO - Filling up the DagBag from /opt/airflow/dags/weekly_grocery_pipeline.py
[2026-09-10T10:08:25.425+0000] {processor.py:840} INFO - DAG(s) 'weekly_grocery_pipeline' retrieved from /opt/airflow/dags/weekly_grocery_pipeline.py
[2026-09-10T10:08:25.442+0000] {logging_mixin.py:188} INFO - [2026-09-10T10:08:25.442+0000] {dag.py:3036} INFO - Sync 1 DAGs
[2026-09-10T10:08:25.451+0000] {logging_mixin.py:188} INFO - [2026-09-10T10:08:25.451+0000] {dag.py:3823} INFO - Setting next_dagrun for weekly_grocery_pipeline to 2026-09-06 00:00:00+00:00, run_after=2026-09-13 00:00:00+00:00
[2026-09-10T10:08:25.457+0000] {processor.py:183} INFO - Processing /opt/airflow/dags/weekly_grocery_pipeline.py took 0.046 seconds
[2026-09-10T10:08:55.688+0000] {processor.py:161} INFO - Started process (PID=1986) to work on /opt/airflow/dags/weekly_grocery_pipeline.py
[2026-09-10T10:08:55.689+0000] {processor.py:830} INFO - Processing file /opt/airflow/dags/weekly_grocery_pipeline.py for tasks to queue
[2026-09-10T10:08:55.690+0000] {logging_mixin.py:188} INFO - [2026-09-10T10:08:55.690+0000] {dagbag.py:538} INFO - Filling up the DagBag from /opt/airflow/dags/weekly_grocery_pipeline.py
[2026-09-10T10:08:55.702+0000] {processor.py:840} INFO - DAG(s) 'weekly_grocery_pipeline' retrieved from /opt/airflow/dags/weekly_grocery_pipeline.py
[2026-09-10T10:08:55.721+0000] {logging_mixin.py:188} INFO - [2026-09-10T10:08:55.720+0000] {dag.py:3036} INFO - Sync 1 DAGs
[2026-09-10T10:08:55.733+0000] {logging_mixin.py:188} INFO - [2026-09-10T10:08:55.733+0000] {dag.py:3823} INFO - Setting next_dagrun for weekly_grocery_pipeline to 2026-09-06 00:00:00+00:00, run_after=2026-09-13 00:00:00+00:00
[2026-09-10T10:08:55.739+0000] {processor.py:183} INFO - Processing /opt/airflow/dags/weekly_grocery_pipeline.py took 0.054 seconds
[2026-09-10T10:09:25.945+0000] {processor.py:161} INFO - Started process (PID=1991) to work on /opt/airflow/dags/weekly_grocery_pipeline.py
[2026-09-10T10:09:25.945+0000] {processor.py:830} INFO - Processing file /opt/airflow/dags/weekly_grocery_pipeline.py for tasks to queue
[2026-09-10T10:09:25.946+0000] {logging_mixin.py:188} INFO - [2026-09-10T10:09:25.946+0000] {dagbag.py:538} INFO - Filling up the DagBag from /opt/airflow/dags/weekly_grocery_pipeline.py
[2026-09-10T10:09:25.957+0000] {processor.py:840} INFO - DAG(s) 'weekly_grocery_pipeline' retrieved from /opt/airflow/dags/weekly_grocery_pipeline.py
[2026-09-10T10:09:25.975+0000] {logging_mixin.py:188} INFO - [2026-09-10T10:09:25.975+0000] {dag.py:3036} INFO - Sync 1 DAGs
[2026-09-10T10:09:25.987+0000] {logging_mixin.py:188} INFO - [2026-09-10T10:09:25.987+0000] {dag.py:3823} INFO - Setting next_dagrun for weekly_grocery_pipeline to 2026-09-06 00:00:00+00:00, run_after=2026-09-13 00:00:00+00:00
[2026-09-10T10:09:25.994+0000] {processor.py:183} INFO - Processing /opt/airflow/dags/weekly_grocery_pipeline.py took 0.052 seconds
[2026-09-10T10:09:56.221+0000] {processor.py:161} INFO - Started process (PID=1996) to work on /opt/airflow/dags/weekly_grocery_pipeline.py
[2026-09-10T10:09:56.222+0000] {processor.py:830} INFO - Processing file /opt/airflow/dags/weekly_grocery_pipeline.py for tasks to queue
[2026-09-10T10:09:56.223+0000] {logging_mixin.py:188} INFO - [2026-09-10T10:09:56.222+0000] {dagbag.py:538} INFO - Filling up the DagBag from /opt/airflow/dags/weekly_grocery_pipeline.py
[2026-09-10T10:09:56.234+0000] {processor.py:840} INFO - DAG(s) 'weekly_grocery_pipeline' retrieved from /opt/airflow/dags/weekly_grocery_pipeline.py
[2026-09-10T10:09:56.253+0000] {logging_mixin.py:188} INFO - [2026-09-10T10:09:56.253+0000] {dag.py:3036} INFO - Sync 1 DAGs
[2026-09-10T10:09:56.264+0000] {logging_mixin.py:188} INFO - [2026-09-10T10:09:56.264+0000] {dag.py:3823} INFO - Setting next_dagrun for weekly_grocery_pipeline to 2026-09-06 00:00:00+00:00, run_after=2026-09-13 00:00:00+00:00
[2026-09-10T10:09:56.271+0000] {processor.py:183} INFO - Processing /opt/airflow/dags/weekly_grocery_pipeline.py took 0.053 seconds
[2026-09-10T10:10:26.545+0000] {processor.py:161} INFO - Started process (PID=2001) to work on /opt/airflow/dags/weekly_grocery_pipeline.py
[2026-09-10T10:10:26.548+0000] {processor.py:830} INFO - Processing file /opt/airflow/dags/weekly_grocery_pipeline.py for tasks to queue
[2026-09-10T10:10:26.549+0000] {logging_mixin.py:188} INFO - [2026-09-10T10:10:26.549+0000] {dagbag.py:538} INFO - Filling up the DagBag from /opt/airflow/dags/weekly_grocery_pipeline.py
[2026-09-10T10:10:26.575+0000] {processor.py:840} INFO - DAG(s) 'weekly_grocery_pipeline' retrieved from /opt/airflow/dags/weekly_grocery_pipeline.py
[2026-09-10T10:10:26.600+0000] {logging_mixin.py:188} INFO - [2026-09-10T10:10:26.600+0000] {dag.py:3036} INFO - Sync 1 DAGs
[2026-09-10T10:10:26.614+0000] {logging_mixin.py:188} INFO - [2026-09-10T10:10:26.614+0000] {dag.py:3823} INFO - Setting next_dagrun for weekly_grocery_pipeline to 2026-09-06 00:00:00+00:00, run_after=2026-09-13 00:00:00+00:00
[2026-09-10T10:10:26.624+0000] {processor.py:183} INFO - Processing /opt/airflow/dags/weekly_grocery_pipeline.py took 0.088 seconds
[2026-09-10T10:10:56.903+0000] {processor.py:161} INFO - Started process (PID=2006) to work on /opt/airflow/dags/weekly_grocery_pipeline.py
[2026-09-10T10:10:56.906+0000] {processor.py:830} INFO - Processing file /opt/airflow/dags/weekly_grocery_pipeline.py for tasks to queue
[2026-09-10T10:10:56.908+0000] {logging_mixin.py:188} INFO - [2026-09-10T10:10:56.907+0000] {dagbag.py:538} INFO - Filling up the DagBag from /opt/airflow/dags/weekly_grocery_pipeline.py
[2026-09-10T10:10:56.937+0000] {processor.py:840} INFO - DAG(s) 'weekly_grocery_pipeline' retrieved from /opt/airflow/dags/weekly_grocery_pipeline.py
[2026-09-10T10:10:56.986+0000] {logging_mixin.py:188} INFO - [2026-09-10T10:10:56.986+0000] {dag.py:3036} INFO - Sync 1 DAGs
[2026-09-10T10:10:57.002+0000] {logging_mixin.py:188} INFO - [2026-09-10T10:10:57.002+0000] {dag.py:3823} INFO - Setting next_dagrun for weekly_grocery_pipeline to 2026-09-06 00:00:00+00:00, run_after=2026-09-13 00:00:00+00:00
[2026-09-10T10:10:57.012+0000] {processor.py:183} INFO - Processing /opt/airflow/dags/weekly_grocery_pipeline.py took 0.114 seconds
[2026-09-10T10:11:27.220+0000] {processor.py:161} INFO - Started process (PID=2011) to work on /opt/airflow/dags/weekly_grocery_pipeline.py
[2026-09-10T10:11:27.224+0000] {processor.py:830} INFO - Processing file /opt/airflow/dags/weekly_grocery_pipeline.py for tasks to queue
[2026-09-10T10:11:27.225+0000] {logging_mixin.py:188} INFO - [2026-09-10T10:11:27.224+0000] {dagbag.py:538} INFO - Filling up the DagBag from /opt/airflow/dags/weekly_grocery_pipeline.py
[2026-09-10T10:11:27.259+0000] {processor.py:840} INFO - DAG(s) 'weekly_grocery_pipeline' retrieved from /opt/airflow/dags/weekly_grocery_pipeline.py
[2026-09-10T10:11:27.287+0000] {logging_mixin.py:188} INFO - [2026-09-10T10:11:27.287+0000] {dag.py:3036} INFO - Sync 1 DAGs
[2026-09-10T10:11:27.300+0000] {logging_mixin.py:188} INFO - [2026-09-10T10:11:27.299+0000] {dag.py:3823} INFO - Setting next_dagrun for weekly_grocery_pipeline to 2026-09-06 00:00:00+00:00, run_after=2026-09-13 00:00:00+00:00
[2026-09-10T10:11:27.312+0000] {processor.py:183} INFO - Processing /opt/airflow/dags/weekly_grocery_pipeline.py took 0.096 seconds
[2026-09-10T10:11:57.489+0000] {processor.py:161} INFO - Started process (PID=2016) to work on /opt/airflow/dags/weekly_grocery_pipeline.py
[2026-09-10T10:11:57.493+0000] {processor.py:830} INFO - Processing file /opt/airflow/dags/weekly_grocery_pipeline.py for tasks to queue
[2026-09-10T10:11:57.494+0000] {logging_mixin.py:188} INFO - [2026-09-10T10:11:57.494+0000] {dagbag.py:538} INFO - Filling up the DagBag from /opt/airflow/dags/weekly_grocery_pipeline.py
[2026-09-10T10:11:57.519+0000] {processor.py:840} INFO - DAG(s) 'weekly_grocery_pipeline' retrieved from /opt/airflow/dags/weekly_grocery_pipeline.py
[2026-09-10T10:11:57.559+0000] {logging_mixin.py:188} INFO - [2026-09-10T10:11:57.559+0000] {dag.py:3036} INFO - Sync 1 DAGs
[2026-09-10T10:11:57.571+0000] {logging_mixin.py:188} INFO - [2026-09-10T10:11:57.571+0000] {dag.py:3823} INFO - Setting next_dagrun for weekly_grocery_pipeline to 2026-09-06 00:00:00+00:00, run_after=2026-09-13 00:00:00+00:00
[2026-09-10T10:11:57.578+0000] {processor.py:183} INFO - Processing /opt/airflow/dags/weekly_grocery_pipeline.py took 0.096 seconds
[2026-09-10T10:12:27.888+0000] {processor.py:161} INFO - Started process (PID=2021) to work on /opt/airflow/dags/weekly_grocery_pipeline.py
[2026-09-10T10:12:27.890+0000] {processor.py:830} INFO - Processing file /opt/airflow/dags/weekly_grocery_pipeline.py for tasks to queue
[2026-09-10T10:12:27.891+0000] {logging_mixin.py:188} INFO - [2026-09-10T10:12:27.891+0000] {dagbag.py:538} INFO - Filling up the DagBag from /opt/airflow/dags/weekly_grocery_pipeline.py
[2026-09-10T10:12:27.915+0000] {processor.py:840} INFO - DAG(s) 'weekly_grocery_pipeline' retrieved from /opt/airflow/dags/weekly_grocery_pipeline.py
[2026-09-10T10:12:27.939+0000] {logging_mixin.py:188} INFO - [2026-09-10T10:12:27.938+0000] {dag.py:3036} INFO - Sync 1 DAGs
[2026-09-10T10:12:27.950+0000] {logging_mixin.py:188} INFO - [2026-09-10T10:12:27.950+0000] {dag.py:3823} INFO - Setting next_dagrun for weekly_grocery_pipeline to 2026-09-06 00:00:00+00:00, run_after=2026-09-13 00:00:00+00:00
[2026-09-10T10:12:27.959+0000] {processor.py:183} INFO - Processing /opt/airflow/dags/weekly_grocery_pipeline.py took 0.079 seconds
[2026-09-10T10:12:58.257+0000] {processor.py:161} INFO - Started process (PID=2026) to work on /opt/airflow/dags/weekly_grocery_pipeline.py
[2026-09-10T10:12:58.261+0000] {processor.py:830} INFO - Processing file /opt/airflow/dags/weekly_grocery_pipeline.py for tasks to queue
[2026-09-10T10:12:58.262+0000] {logging_mixin.py:188} INFO - [2026-09-10T10:12:58.261+0000] {dagbag.py:538} INFO - Filling up the DagBag from /opt/airflow/dags/weekly_grocery_pipeline.py
[2026-09-10T10:12:58.287+0000] {processor.py:840} INFO - DAG(s) 'weekly_grocery_pipeline' retrieved from /opt/airflow/dags/weekly_grocery_pipeline.py
[2026-09-10T10:12:58.314+0000] {logging_mixin.py:188} INFO - [2026-09-10T10:12:58.314+0000] {dag.py:3036} INFO - Sync 1 DAGs
[2026-09-10T10:12:58.328+0000] {logging_mixin.py:188} INFO - [2026-09-10T10:12:58.328+0000] {dag.py:3823} INFO - Setting next_dagrun for weekly_grocery_pipeline to 2026-09-06 00:00:00+00:00, run_after=2026-09-13 00:00:00+00:00
[2026-09-10T10:12:58.335+0000] {processor.py:183} INFO - Processing /opt/airflow/dags/weekly_grocery_pipeline.py took 0.087 seconds
[2026-09-10T10:13:28.544+0000] {processor.py:161} INFO - Started process (PID=2031) to work on /opt/airflow/dags/weekly_grocery_pipeline.py
[2026-09-10T10:13:28.549+0000] {processor.py:830} INFO - Processing file /opt/airflow/dags/weekly_grocery_pipeline.py for tasks to queue
[2026-09-10T10:13:28.550+0000] {logging_mixin.py:188} INFO - [2026-09-10T10:13:28.550+0000] {dagbag.py:538} INFO - Filling up the DagBag from /opt/airflow/dags/weekly_grocery_pipeline.py
[2026-09-10T10:13:28.567+0000] {processor.py:840} INFO - DAG(s) 'weekly_grocery_pipeline' retrieved from /opt/airflow/dags/weekly_grocery_pipeline.py
[2026-09-10T10:13:28.588+0000] {logging_mixin.py:188} INFO - [2026-09-10T10:13:28.588+0000] {dag.py:3036} INFO - Sync 1 DAGs
[2026-09-10T10:13:28.600+0000] {logging_mixin.py:188} INFO - [2026-09-10T10:13:28.600+0000] {dag.py:3823} INFO - Setting next_dagrun for weekly_grocery_pipeline to 2026-09-06 00:00:00+00:00, run_after=2026-09-13 00:00:00+00:00
[2026-09-10T10:13:28.607+0000] {processor.py:183} INFO - Processing /opt/airflow/dags/weekly_grocery_pipeline.py took 0.069 seconds
[2026-09-10T10:13:58.844+0000] {processor.py:161} INFO - Started process (PID=2036) to work on /opt/airflow/dags/weekly_grocery_pipeline.py
[2026-09-10T10:13:58.845+0000] {processor.py:830} INFO - Processing file /opt/airflow/dags/weekly_grocery_pipeline.py for tasks to queue
[2026-09-10T10:13:58.845+0000] {logging_mixin.py:188} INFO - [2026-09-10T10:13:58.845+0000] {dagbag.py:538} INFO - Filling up the DagBag from /opt/airflow/dags/weekly_grocery_pipeline.py
[2026-09-10T10:13:58.855+0000] {processor.py:840} INFO - DAG(s) 'weekly_grocery_pipeline' retrieved from /opt/airflow/dags/weekly_grocery_pipeline.py
[2026-09-10T10:13:58.872+0000] {logging_mixin.py:188} INFO - [2026-09-10T10:13:58.871+0000] {dag.py:3036} INFO - Sync 1 DAGs
[2026-09-10T10:13:58.883+0000] {logging_mixin.py:188} INFO - [2026-09-10T10:13:58.883+0000] {dag.py:3823} INFO - Setting next_dagrun for weekly_grocery_pipeline to 2026-09-06 00:00:00+00:00, run_after=2026-09-13 00:00:00+00:00
[2026-09-10T10:13:58.890+0000] {processor.py:183} INFO - Processing /opt/airflow/dags/weekly_grocery_pipeline.py took 0.049 seconds
[2026-09-10T10:14:29.182+0000] {processor.py:161} INFO - Started process (PID=2041) to work on /opt/airflow/dags/weekly_grocery_pipeline.py
[2026-09-10T10:14:29.184+0000] {processor.py:830} INFO - Processing file /opt/airflow/dags/weekly_grocery_pipeline.py for tasks to queue
[2026-09-10T10:14:29.185+0000] {logging_mixin.py:188} INFO - [2026-09-10T10:14:29.184+0000] {dagbag.py:538} INFO - Filling up the DagBag from /opt/airflow/dags/weekly_grocery_pipeline.py
[2026-09-10T10:14:29.203+0000] {processor.py:840} INFO - DAG(s) 'weekly_grocery_pipeline' retrieved from /opt/airflow/dags/weekly_grocery_pipeline.py
[2026-09-10T10:14:29.227+0000] {logging_mixin.py:188} INFO - [2026-09-10T10:14:29.227+0000] {dag.py:3036} INFO - Sync 1 DAGs
[2026-09-10T10:14:29.241+0000] {logging_mixin.py:188} INFO - [2026-09-10T10:14:29.241+0000] {dag.py:3823} INFO - Setting next_dagrun for weekly_grocery_pipeline to 2026-09-06 00:00:00+00:00, run_after=2026-09-13 00:00:00+00:00
[2026-09-10T10:14:29.249+0000] {processor.py:183} INFO - Processing /opt/airflow/dags/weekly_grocery_pipeline.py took 0.072 seconds
[2026-09-10T10:14:59.479+0000] {processor.py:161} INFO - Started process (PID=2046) to work on /opt/airflow/dags/weekly_grocery_pipeline.py
[2026-09-10T10:14:59.480+0000] {processor.py:830} INFO - Processing file /opt/airflow/dags/weekly_grocery_pipeline.py for tasks to queue
[2026-09-10T10:14:59.481+0000] {logging_mixin.py:188} INFO - [2026-09-10T10:14:59.480+0000] {dagbag.py:538} INFO - Filling up the DagBag from /opt/airflow/dags/weekly_grocery_pipeline.py
[2026-09-10T10:14:59.491+0000] {processor.py:840} INFO - DAG(s) 'weekly_grocery_pipeline' retrieved from /opt/airflow/dags/weekly_grocery_pipeline.py
[2026-09-10T10:14:59.509+0000] {logging_mixin.py:188} INFO - [2026-09-10T10:14:59.509+0000] {dag.py:3036} INFO - Sync 1 DAGs
[2026-09-10T10:14:59.520+0000] {logging_mixin.py:188} INFO - [2026-09-10T10:14:59.520+0000] {dag.py:3823} INFO - Setting next_dagrun for weekly_grocery_pipeline to 2026-09-06 00:00:00+00:00, run_after=2026-09-13 00:00:00+00:00
[2026-09-10T10:14:59.527+0000] {processor.py:183} INFO - Processing /opt/airflow/dags/weekly_grocery_pipeline.py took 0.051 seconds
[2026-09-10T10:15:29.782+0000] {processor.py:161} INFO - Started process (PID=2051) to work on /opt/airflow/dags/weekly_grocery_pipeline.py
[2026-09-10T10:15:29.782+0000] {processor.py:830} INFO - Processing file /opt/airflow/dags/weekly_grocery_pipeline.py for tasks to queue
[2026-09-10T10:15:29.783+0000] {logging_mixin.py:188} INFO - [2026-09-10T10:15:29.783+0000] {dagbag.py:538} INFO - Filling up the DagBag from /opt/airflow/dags/weekly_grocery_pipeline.py
[2026-09-10T10:15:29.794+0000] {processor.py:840} INFO - DAG(s) 'weekly_grocery_pipeline' retrieved from /opt/airflow/dags/weekly_grocery_pipeline.py
[2026-09-10T10:15:29.814+0000] {logging_mixin.py:188} INFO - [2026-09-10T10:15:29.813+0000] {dag.py:3036} INFO - Sync 1 DAGs
[2026-09-10T10:15:29.824+0000] {logging_mixin.py:188} INFO - [2026-09-10T10:15:29.824+0000] {dag.py:3823} INFO - Setting next_dagrun for weekly_grocery_pipeline to 2026-09-06 00:00:00+00:00, run_after=2026-09-13 00:00:00+00:00
[2026-09-10T10:15:29.831+0000] {processor.py:183} INFO - Processing /opt/airflow/dags/weekly_grocery_pipeline.py took 0.053 seconds
[2026-09-10T10:16:00.004+0000] {processor.py:161} INFO - Started process (PID=2056) to work on /opt/airflow/dags/weekly_grocery_pipeline.py
[2026-09-10T10:16:00.005+0000] {processor.py:830} INFO - Processing file /opt/airflow/dags/weekly_grocery_pipeline.py for tasks to queue
[2026-09-10T10:16:00.006+0000] {logging_mixin.py:188} INFO - [2026-09-10T10:16:00.006+0000] {dagbag.py:538} INFO - Filling up the DagBag from /opt/airflow/dags/weekly_grocery_pipeline.py
[2026-09-10T10:16:00.017+0000] {processor.py:840} INFO - DAG(s) 'weekly_grocery_pipeline' retrieved from /opt/airflow/dags/weekly_grocery_pipeline.py
[2026-09-10T10:16:00.037+0000] {logging_mixin.py:188} INFO - [2026-09-10T10:16:00.036+0000] {dag.py:3036} INFO - Sync 1 DAGs
[2026-09-10T10:16:00.049+0000] {logging_mixin.py:188} INFO - [2026-09-10T10:16:00.049+0000] {dag.py:3823} INFO - Setting next_dagrun for weekly_grocery_pipeline to 2026-09-06 00:00:00+00:00, run_after=2026-09-13 00:00:00+00:00
[2026-09-10T10:16:00.057+0000] {processor.py:183} INFO - Processing /opt/airflow/dags/weekly_grocery_pipeline.py took 0.056 seconds
[2026-09-10T10:16:30.315+0000] {processor.py:161} INFO - Started process (PID=2061) to work on /opt/airflow/dags/weekly_grocery_pipeline.py
[2026-09-10T10:16:30.315+0000] {processor.py:830} INFO - Processing file /opt/airflow/dags/weekly_grocery_pipeline.py for tasks to queue
[2026-09-10T10:16:30.316+0000] {logging_mixin.py:188} INFO - [2026-09-10T10:16:30.316+0000] {dagbag.py:538} INFO - Filling up the DagBag from /opt/airflow/dags/weekly_grocery_pipeline.py
[2026-09-10T10:16:30.325+0000] {processor.py:840} INFO - DAG(s) 'weekly_grocery_pipeline' retrieved from /opt/airflow/dags/weekly_grocery_pipeline.py
[2026-09-10T10:16:30.339+0000] {logging_mixin.py:188} INFO - [2026-09-10T10:16:30.339+0000] {dag.py:3036} INFO - Sync 1 DAGs
[2026-09-10T10:16:30.348+0000] {logging_mixin.py:188} INFO - [2026-09-10T10:16:30.348+0000] {dag.py:3823} INFO - Setting next_dagrun for weekly_grocery_pipeline to 2026-09-06 00:00:00+00:00, run_after=2026-09-13 00:00:00+00:00
[2026-09-10T10:16:30.356+0000] {processor.py:183} INFO - Processing /opt/airflow/dags/weekly_grocery_pipeline.py took 0.044 seconds
[2026-09-10T10:17:00.616+0000] {processor.py:161} INFO - Started process (PID=2066) to work on /opt/airflow/dags/weekly_grocery_pipeline.py
[2026-09-10T10:17:00.616+0000] {processor.py:830} INFO - Processing file /opt/airflow/dags/weekly_grocery_pipeline.py for tasks to queue
[2026-09-10T10:17:00.617+0000] {logging_mixin.py:188} INFO - [2026-09-10T10:17:00.617+0000] {dagbag.py:538} INFO - Filling up the DagBag from /opt/airflow/dags/weekly_grocery_pipeline.py
[2026-09-10T10:17:00.629+0000] {processor.py:840} INFO - DAG(s) 'weekly_grocery_pipeline' retrieved from /opt/airflow/dags/weekly_grocery_pipeline.py
[2026-09-10T10:17:00.647+0000] {logging_mixin.py:188} INFO - [2026-09-10T10:17:00.647+0000] {dag.py:3036} INFO - Sync 1 DAGs
[2026-09-10T10:17:00.658+0000] {logging_mixin.py:188} INFO - [2026-09-10T10:17:00.658+0000] {dag.py:3823} INFO - Setting next_dagrun for weekly_grocery_pipeline to 2026-09-06 00:00:00+00:00, run_after=2026-09-13 00:00:00+00:00
[2026-09-10T10:17:00.664+0000] {processor.py:183} INFO - Processing /opt/airflow/dags/weekly_grocery_pipeline.py took 0.052 seconds
[2026-09-10T10:17:30.897+0000] {processor.py:161} INFO - Started process (PID=2071) to work on /opt/airflow/dags/weekly_grocery_pipeline.py
[2026-09-10T10:17:30.898+0000] {processor.py:830} INFO - Processing file /opt/airflow/dags/weekly_grocery_pipeline.py for tasks to queue
[2026-09-10T10:17:30.898+0000] {logging_mixin.py:188} INFO - [2026-09-10T10:17:30.898+0000] {dagbag.py:538} INFO - Filling up the DagBag from /opt/airflow/dags/weekly_grocery_pipeline.py
[2026-09-10T10:17:30.910+0000] {processor.py:840} INFO - DAG(s) 'weekly_grocery_pipeline' retrieved from /opt/airflow/dags/weekly_grocery_pipeline.py
[2026-09-10T10:17:30.929+0000] {logging_mixin.py:188} INFO - [2026-09-10T10:17:30.929+0000] {dag.py:3036} INFO - Sync 1 DAGs
[2026-09-10T10:17:30.939+0000] {logging_mixin.py:188} INFO - [2026-09-10T10:17:30.939+0000] {dag.py:3823} INFO - Setting next_dagrun for weekly_grocery_pipeline to 2026-09-06 00:00:00+00:00, run_after=2026-09-13 00:00:00+00:00
[2026-09-10T10:17:30.945+0000] {processor.py:183} INFO - Processing /opt/airflow/dags/weekly_grocery_pipeline.py took 0.051 seconds
[2026-09-10T10:18:01.152+0000] {processor.py:161} INFO - Started process (PID=2076) to work on /opt/airflow/dags/weekly_grocery_pipeline.py
[2026-09-10T10:18:01.153+0000] {processor.py:830} INFO - Processing file /opt/airflow/dags/weekly_grocery_pipeline.py for tasks to queue
[2026-09-10T10:18:01.154+0000] {logging_mixin.py:188} INFO - [2026-09-10T10:18:01.154+0000] {dagbag.py:538} INFO - Filling up the DagBag from /opt/airflow/dags/weekly_grocery_pipeline.py
[2026-09-10T10:18:01.165+0000] {processor.py:840} INFO - DAG(s) 'weekly_grocery_pipeline' retrieved from /opt/airflow/dags/weekly_grocery_pipeline.py
[2026-09-10T10:18:01.184+0000] {logging_mixin.py:188} INFO - [2026-09-10T10:18:01.184+0000] {dag.py:3036} INFO - Sync 1 DAGs
[2026-09-10T10:18:01.195+0000] {logging_mixin.py:188} INFO - [2026-09-10T10:18:01.195+0000] {dag.py:3823} INFO - Setting next_dagrun for weekly_grocery_pipeline to 2026-09-06 00:00:00+00:00, run_after=2026-09-13 00:00:00+00:00
[2026-09-10T10:18:01.202+0000] {processor.py:183} INFO - Processing /opt/airflow/dags/weekly_grocery_pipeline.py took 0.053 seconds
[2026-09-10T10:18:31.422+0000] {processor.py:161} INFO - Started process (PID=2081) to work on /opt/airflow/dags/weekly_grocery_pipeline.py
[2026-09-10T10:18:31.423+0000] {processor.py:830} INFO - Processing file /opt/airflow/dags/weekly_grocery_pipeline.py for tasks to queue
[2026-09-10T10:18:31.424+0000] {logging_mixin.py:188} INFO - [2026-09-10T10:18:31.424+0000] {dagbag.py:538} INFO - Filling up the DagBag from /opt/airflow/dags/weekly_grocery_pipeline.py
[2026-09-10T10:18:31.435+0000] {processor.py:840} INFO - DAG(s) 'weekly_grocery_pipeline' retrieved from /opt/airflow/dags/weekly_grocery_pipeline.py
[2026-09-10T10:18:31.455+0000] {logging_mixin.py:188} INFO - [2026-09-10T10:18:31.455+0000] {dag.py:3036} INFO - Sync 1 DAGs
[2026-09-10T10:18:31.466+0000] {logging_mixin.py:188} INFO - [2026-09-10T10:18:31.466+0000] {dag.py:3823} INFO - Setting next_dagrun for weekly_grocery_pipeline to 2026-09-06 00:00:00+00:00, run_after=2026-09-13 00:00:00+00:00
[2026-09-10T10:18:31.473+0000] {processor.py:183} INFO - Processing /opt/airflow/dags/weekly_grocery_pipeline.py took 0.054 seconds
[2026-09-10T10:19:01.715+0000] {processor.py:161} INFO - Started process (PID=2086) to work on /opt/airflow/dags/weekly_grocery_pipeline.py
[2026-09-10T10:19:01.716+0000] {processor.py:830} INFO - Processing file /opt/airflow/dags/weekly_grocery_pipeline.py for tasks to queue
[2026-09-10T10:19:01.716+0000] {logging_mixin.py:188} INFO - [2026-09-10T10:19:01.716+0000] {dagbag.py:538} INFO - Filling up the DagBag from /opt/airflow/dags/weekly_grocery_pipeline.py
[2026-09-10T10:19:01.728+0000] {processor.py:840} INFO - DAG(s) 'weekly_grocery_pipeline' retrieved from /opt/airflow/dags/weekly_grocery_pipeline.py
[2026-09-10T10:19:01.747+0000] {logging_mixin.py:188} INFO - [2026-09-10T10:19:01.747+0000] {dag.py:3036} INFO - Sync 1 DAGs
[2026-09-10T10:19:01.758+0000] {logging_mixin.py:188} INFO - [2026-09-10T10:19:01.758+0000] {dag.py:3823} INFO - Setting next_dagrun for weekly_grocery_pipeline to 2026-09-06 00:00:00+00:00, run_after=2026-09-13 00:00:00+00:00
[2026-09-10T10:19:01.764+0000] {processor.py:183} INFO - Processing /opt/airflow/dags/weekly_grocery_pipeline.py took 0.052 seconds
[2026-09-10T10:19:32.062+0000] {processor.py:161} INFO - Started process (PID=2091) to work on /opt/airflow/dags/weekly_grocery_pipeline.py
[2026-09-10T10:19:32.063+0000] {processor.py:830} INFO - Processing file /opt/airflow/dags/weekly_grocery_pipeline.py for tasks to queue
[2026-09-10T10:19:32.063+0000] {logging_mixin.py:188} INFO - [2026-09-10T10:19:32.063+0000] {dagbag.py:538} INFO - Filling up the DagBag from /opt/airflow/dags/weekly_grocery_pipeline.py
[2026-09-10T10:19:32.074+0000] {processor.py:840} INFO - DAG(s) 'weekly_grocery_pipeline' retrieved from /opt/airflow/dags/weekly_grocery_pipeline.py
[2026-09-10T10:19:32.093+0000] {logging_mixin.py:188} INFO - [2026-09-10T10:19:32.093+0000] {dag.py:3036} INFO - Sync 1 DAGs
[2026-09-10T10:19:32.103+0000] {logging_mixin.py:188} INFO - [2026-09-10T10:19:32.103+0000] {dag.py:3823} INFO - Setting next_dagrun for weekly_grocery_pipeline to 2026-09-06 00:00:00+00:00, run_after=2026-09-13 00:00:00+00:00
[2026-09-10T10:19:32.109+0000] {processor.py:183} INFO - Processing /opt/airflow/dags/weekly_grocery_pipeline.py took 0.051 seconds
[2026-09-10T10:20:02.502+0000] {processor.py:161} INFO - Started process (PID=2096) to work on /opt/airflow/dags/weekly_grocery_pipeline.py
[2026-09-10T10:20:02.504+0000] {processor.py:830} INFO - Processing file /opt/airflow/dags/weekly_grocery_pipeline.py for tasks to queue
[2026-09-10T10:20:02.505+0000] {logging_mixin.py:188} INFO - [2026-09-10T10:20:02.505+0000] {dagbag.py:538} INFO - Filling up the DagBag from /opt/airflow/dags/weekly_grocery_pipeline.py
[2026-09-10T10:20:02.527+0000] {processor.py:840} INFO - DAG(s) 'weekly_grocery_pipeline' retrieved from /opt/airflow/dags/weekly_grocery_pipeline.py
[2026-09-10T10:20:02.551+0000] {logging_mixin.py:188} INFO - [2026-09-10T10:20:02.551+0000] {dag.py:3036} INFO - Sync 1 DAGs
[2026-09-10T10:20:02.567+0000] {logging_mixin.py:188} INFO - [2026-09-10T10:20:02.567+0000] {dag.py:3823} INFO - Setting next_dagrun for weekly_grocery_pipeline to 2026-09-06 00:00:00+00:00, run_after=2026-09-13 00:00:00+00:00
[2026-09-10T10:20:02.574+0000] {processor.py:183} INFO - Processing /opt/airflow/dags/weekly_grocery_pipeline.py took 0.089 seconds
[2026-09-10T10:20:32.911+0000] {processor.py:161} INFO - Started process (PID=2101) to work on /opt/airflow/dags/weekly_grocery_pipeline.py
[2026-09-10T10:20:32.912+0000] {processor.py:830} INFO - Processing file /opt/airflow/dags/weekly_grocery_pipeline.py for tasks to queue
[2026-09-10T10:20:32.913+0000] {logging_mixin.py:188} INFO - [2026-09-10T10:20:32.913+0000] {dagbag.py:538} INFO - Filling up the DagBag from /opt/airflow/dags/weekly_grocery_pipeline.py
[2026-09-10T10:20:32.923+0000] {processor.py:840} INFO - DAG(s) 'weekly_grocery_pipeline' retrieved from /opt/airflow/dags/weekly_grocery_pipeline.py
[2026-09-10T10:20:32.941+0000] {logging_mixin.py:188} INFO - [2026-09-10T10:20:32.941+0000] {dag.py:3036} INFO - Sync 1 DAGs
[2026-09-10T10:20:32.951+0000] {logging_mixin.py:188} INFO - [2026-09-10T10:20:32.951+0000] {dag.py:3823} INFO - Setting next_dagrun for weekly_grocery_pipeline to 2026-09-06 00:00:00+00:00, run_after=2026-09-13 00:00:00+00:00
[2026-09-10T10:20:32.958+0000] {processor.py:183} INFO - Processing /opt/airflow/dags/weekly_grocery_pipeline.py took 0.052 seconds
[2026-09-10T10:21:03.215+0000] {processor.py:161} INFO - Started process (PID=2106) to work on /opt/airflow/dags/weekly_grocery_pipeline.py
[2026-09-10T10:21:03.216+0000] {processor.py:830} INFO - Processing file /opt/airflow/dags/weekly_grocery_pipeline.py for tasks to queue
[2026-09-10T10:21:03.217+0000] {logging_mixin.py:188} INFO - [2026-09-10T10:21:03.216+0000] {dagbag.py:538} INFO - Filling up the DagBag from /opt/airflow/dags/weekly_grocery_pipeline.py
[2026-09-10T10:21:03.229+0000] {processor.py:840} INFO - DAG(s) 'weekly_grocery_pipeline' retrieved from /opt/airflow/dags/weekly_grocery_pipeline.py
[2026-09-10T10:21:03.249+0000] {logging_mixin.py:188} INFO - [2026-09-10T10:21:03.249+0000] {dag.py:3036} INFO - Sync 1 DAGs
[2026-09-10T10:21:03.261+0000] {logging_mixin.py:188} INFO - [2026-09-10T10:21:03.260+0000] {dag.py:3823} INFO - Setting next_dagrun for weekly_grocery_pipeline to 2026-09-06 00:00:00+00:00, run_after=2026-09-13 00:00:00+00:00
[2026-09-10T10:21:03.268+0000] {processor.py:183} INFO - Processing /opt/airflow/dags/weekly_grocery_pipeline.py took 0.056 seconds
[2026-09-10T10:21:33.526+0000] {processor.py:161} INFO - Started process (PID=2111) to work on /opt/airflow/dags/weekly_grocery_pipeline.py
[2026-09-10T10:21:33.528+0000] {processor.py:830} INFO - Processing file /opt/airflow/dags/weekly_grocery_pipeline.py for tasks to queue
[2026-09-10T10:21:33.529+0000] {logging_mixin.py:188} INFO - [2026-09-10T10:21:33.528+0000] {dagbag.py:538} INFO - Filling up the DagBag from /opt/airflow/dags/weekly_grocery_pipeline.py
[2026-09-10T10:21:33.546+0000] {processor.py:840} INFO - DAG(s) 'weekly_grocery_pipeline' retrieved from /opt/airflow/dags/weekly_grocery_pipeline.py
[2026-09-10T10:21:33.568+0000] {logging_mixin.py:188} INFO - [2026-09-10T10:21:33.568+0000] {dag.py:3036} INFO - Sync 1 DAGs
[2026-09-10T10:21:33.581+0000] {logging_mixin.py:188} INFO - [2026-09-10T10:21:33.581+0000] {dag.py:3823} INFO - Setting next_dagrun for weekly_grocery_pipeline to 2026-09-06 00:00:00+00:00, run_after=2026-09-13 00:00:00+00:00
[2026-09-10T10:21:33.591+0000] {processor.py:183} INFO - Processing /opt/airflow/dags/weekly_grocery_pipeline.py took 0.071 seconds
[2026-09-10T10:22:03.861+0000] {processor.py:161} INFO - Started process (PID=2116) to work on /opt/airflow/dags/weekly_grocery_pipeline.py
[2026-09-10T10:22:03.864+0000] {processor.py:830} INFO - Processing file /opt/airflow/dags/weekly_grocery_pipeline.py for tasks to queue
[2026-09-10T10:22:03.866+0000] {logging_mixin.py:188} INFO - [2026-09-10T10:22:03.866+0000] {dagbag.py:538} INFO - Filling up the DagBag from /opt/airflow/dags/weekly_grocery_pipeline.py
[2026-09-10T10:22:03.885+0000] {processor.py:840} INFO - DAG(s) 'weekly_grocery_pipeline' retrieved from /opt/airflow/dags/weekly_grocery_pipeline.py
[2026-09-10T10:22:03.911+0000] {logging_mixin.py:188} INFO - [2026-09-10T10:22:03.911+0000] {dag.py:3036} INFO - Sync 1 DAGs
[2026-09-10T10:22:03.931+0000] {logging_mixin.py:188} INFO - [2026-09-10T10:22:03.931+0000] {dag.py:3823} INFO - Setting next_dagrun for weekly_grocery_pipeline to 2026-09-06 00:00:00+00:00, run_after=2026-09-13 00:00:00+00:00
[2026-09-10T10:22:03.945+0000] {processor.py:183} INFO - Processing /opt/airflow/dags/weekly_grocery_pipeline.py took 0.090 seconds
[2026-09-10T10:22:34.181+0000] {processor.py:161} INFO - Started process (PID=2121) to work on /opt/airflow/dags/weekly_grocery_pipeline.py
[2026-09-10T10:22:34.182+0000] {processor.py:830} INFO - Processing file /opt/airflow/dags/weekly_grocery_pipeline.py for tasks to queue
[2026-09-10T10:22:34.183+0000] {logging_mixin.py:188} INFO - [2026-09-10T10:22:34.183+0000] {dagbag.py:538} INFO - Filling up the DagBag from /opt/airflow/dags/weekly_grocery_pipeline.py
[2026-09-10T10:22:34.202+0000] {processor.py:840} INFO - DAG(s) 'weekly_grocery_pipeline' retrieved from /opt/airflow/dags/weekly_grocery_pipeline.py
[2026-09-10T10:22:34.226+0000] {logging_mixin.py:188} INFO - [2026-09-10T10:22:34.225+0000] {dag.py:3036} INFO - Sync 1 DAGs
[2026-09-10T10:22:34.239+0000] {logging_mixin.py:188} INFO - [2026-09-10T10:22:34.239+0000] {dag.py:3823} INFO - Setting next_dagrun for weekly_grocery_pipeline to 2026-09-06 00:00:00+00:00, run_after=2026-09-13 00:00:00+00:00
[2026-09-10T10:22:34.247+0000] {processor.py:183} INFO - Processing /opt/airflow/dags/weekly_grocery_pipeline.py took 0.071 seconds
[2026-09-10T10:23:04.491+0000] {processor.py:161} INFO - Started process (PID=2126) to work on /opt/airflow/dags/weekly_grocery_pipeline.py
[2026-09-10T10:23:04.493+0000] {processor.py:830} INFO - Processing file /opt/airflow/dags/weekly_grocery_pipeline.py for tasks to queue
[2026-09-10T10:23:04.495+0000] {logging_mixin.py:188} INFO - [2026-09-10T10:23:04.494+0000] {dagbag.py:538} INFO - Filling up the DagBag from /opt/airflow/dags/weekly_grocery_pipeline.py
[2026-09-10T10:23:04.512+0000] {processor.py:840} INFO - DAG(s) 'weekly_grocery_pipeline' retrieved from /opt/airflow/dags/weekly_grocery_pipeline.py
[2026-09-10T10:23:04.533+0000] {logging_mixin.py:188} INFO - [2026-09-10T10:23:04.533+0000] {dag.py:3036} INFO - Sync 1 DAGs
[2026-09-10T10:23:04.545+0000] {logging_mixin.py:188} INFO - [2026-09-10T10:23:04.545+0000] {dag.py:3823} INFO - Setting next_dagrun for weekly_grocery_pipeline to 2026-09-06 00:00:00+00:00, run_after=2026-09-13 00:00:00+00:00
[2026-09-10T10:23:04.553+0000] {processor.py:183} INFO - Processing /opt/airflow/dags/weekly_grocery_pipeline.py took 0.067 seconds
[2026-09-10T10:23:34.751+0000] {processor.py:161} INFO - Started process (PID=2131) to work on /opt/airflow/dags/weekly_grocery_pipeline.py
[2026-09-10T10:23:34.753+0000] {processor.py:830} INFO - Processing file /opt/airflow/dags/weekly_grocery_pipeline.py for tasks to queue
[2026-09-10T10:23:34.753+0000] {logging_mixin.py:188} INFO - [2026-09-10T10:23:34.753+0000] {dagbag.py:538} INFO - Filling up the DagBag from /opt/airflow/dags/weekly_grocery_pipeline.py
[2026-09-10T10:23:34.765+0000] {processor.py:840} INFO - DAG(s) 'weekly_grocery_pipeline' retrieved from /opt/airflow/dags/weekly_grocery_pipeline.py
[2026-09-10T10:23:34.788+0000] {logging_mixin.py:188} INFO - [2026-09-10T10:23:34.787+0000] {dag.py:3036} INFO - Sync 1 DAGs
[2026-09-10T10:23:34.798+0000] {logging_mixin.py:188} INFO - [2026-09-10T10:23:34.798+0000] {dag.py:3823} INFO - Setting next_dagrun for weekly_grocery_pipeline to 2026-09-06 00:00:00+00:00, run_after=2026-09-13 00:00:00+00:00
[2026-09-10T10:23:34.805+0000] {processor.py:183} INFO - Processing /opt/airflow/dags/weekly_grocery_pipeline.py took 0.058 seconds
[2026-09-10T10:24:05.085+0000] {processor.py:161} INFO - Started process (PID=2136) to work on /opt/airflow/dags/weekly_grocery_pipeline.py
[2026-09-10T10:24:05.086+0000] {processor.py:830} INFO - Processing file /opt/airflow/dags/weekly_grocery_pipeline.py for tasks to queue
[2026-09-10T10:24:05.087+0000] {logging_mixin.py:188} INFO - [2026-09-10T10:24:05.086+0000] {dagbag.py:538} INFO - Filling up the DagBag from /opt/airflow/dags/weekly_grocery_pipeline.py
[2026-09-10T10:24:05.097+0000] {processor.py:840} INFO - DAG(s) 'weekly_grocery_pipeline' retrieved from /opt/airflow/dags/weekly_grocery_pipeline.py
[2026-09-10T10:24:05.116+0000] {logging_mixin.py:188} INFO - [2026-09-10T10:24:05.116+0000] {dag.py:3036} INFO - Sync 1 DAGs
[2026-09-10T10:24:05.127+0000] {logging_mixin.py:188} INFO - [2026-09-10T10:24:05.127+0000] {dag.py:3823} INFO - Setting next_dagrun for weekly_grocery_pipeline to 2026-09-06 00:00:00+00:00, run_after=2026-09-13 00:00:00+00:00
[2026-09-10T10:24:05.136+0000] {processor.py:183} INFO - Processing /opt/airflow/dags/weekly_grocery_pipeline.py took 0.054 seconds
[2026-09-10T10:24:35.407+0000] {processor.py:161} INFO - Started process (PID=2141) to work on /opt/airflow/dags/weekly_grocery_pipeline.py
[2026-09-10T10:24:35.408+0000] {processor.py:830} INFO - Processing file /opt/airflow/dags/weekly_grocery_pipeline.py for tasks to queue
[2026-09-10T10:24:35.410+0000] {logging_mixin.py:188} INFO - [2026-09-10T10:24:35.409+0000] {dagbag.py:538} INFO - Filling up the DagBag from /opt/airflow/dags/weekly_grocery_pipeline.py
[2026-09-10T10:24:35.427+0000] {processor.py:840} INFO - DAG(s) 'weekly_grocery_pipeline' retrieved from /opt/airflow/dags/weekly_grocery_pipeline.py
[2026-09-10T10:24:35.452+0000] {logging_mixin.py:188} INFO - [2026-09-10T10:24:35.452+0000] {dag.py:3036} INFO - Sync 1 DAGs
[2026-09-10T10:24:35.466+0000] {logging_mixin.py:188} INFO - [2026-09-10T10:24:35.466+0000] {dag.py:3823} INFO - Setting next_dagrun for weekly_grocery_pipeline to 2026-09-06 00:00:00+00:00, run_after=2026-09-13 00:00:00+00:00
[2026-09-10T10:24:35.473+0000] {processor.py:183} INFO - Processing /opt/airflow/dags/weekly_grocery_pipeline.py took 0.071 seconds
[2026-09-10T10:25:05.691+0000] {processor.py:161} INFO - Started process (PID=2146) to work on /opt/airflow/dags/weekly_grocery_pipeline.py
[2026-09-10T10:25:05.695+0000] {processor.py:830} INFO - Processing file /opt/airflow/dags/weekly_grocery_pipeline.py for tasks to queue
[2026-09-10T10:25:05.697+0000] {logging_mixin.py:188} INFO - [2026-09-10T10:25:05.697+0000] {dagbag.py:538} INFO - Filling up the DagBag from /opt/airflow/dags/weekly_grocery_pipeline.py
[2026-09-10T10:25:05.715+0000] {processor.py:840} INFO - DAG(s) 'weekly_grocery_pipeline' retrieved from /opt/airflow/dags/weekly_grocery_pipeline.py
[2026-09-10T10:25:05.737+0000] {logging_mixin.py:188} INFO - [2026-09-10T10:25:05.737+0000] {dag.py:3036} INFO - Sync 1 DAGs
[2026-09-10T10:25:05.749+0000] {logging_mixin.py:188} INFO - [2026-09-10T10:25:05.749+0000] {dag.py:3823} INFO - Setting next_dagrun for weekly_grocery_pipeline to 2026-09-06 00:00:00+00:00, run_after=2026-09-13 00:00:00+00:00
[2026-09-10T10:25:05.756+0000] {processor.py:183} INFO - Processing /opt/airflow/dags/weekly_grocery_pipeline.py took 0.072 seconds
[2026-09-10T10:25:35.995+0000] {processor.py:161} INFO - Started process (PID=2151) to work on /opt/airflow/dags/weekly_grocery_pipeline.py
[2026-09-10T10:25:35.996+0000] {processor.py:830} INFO - Processing file /opt/airflow/dags/weekly_grocery_pipeline.py for tasks to queue
[2026-09-10T10:25:35.997+0000] {logging_mixin.py:188} INFO - [2026-09-10T10:25:35.996+0000] {dagbag.py:538} INFO - Filling up the DagBag from /opt/airflow/dags/weekly_grocery_pipeline.py
[2026-09-10T10:25:36.008+0000] {processor.py:840} INFO - DAG(s) 'weekly_grocery_pipeline' retrieved from /opt/airflow/dags/weekly_grocery_pipeline.py
[2026-09-10T10:25:36.026+0000] {logging_mixin.py:188} INFO - [2026-09-10T10:25:36.026+0000] {dag.py:3036} INFO - Sync 1 DAGs
[2026-09-10T10:25:36.036+0000] {logging_mixin.py:188} INFO - [2026-09-10T10:25:36.036+0000] {dag.py:3823} INFO - Setting next_dagrun for weekly_grocery_pipeline to 2026-09-06 00:00:00+00:00, run_after=2026-09-13 00:00:00+00:00
[2026-09-10T10:25:36.043+0000] {processor.py:183} INFO - Processing /opt/airflow/dags/weekly_grocery_pipeline.py took 0.051 seconds
[2026-09-10T10:26:06.252+0000] {processor.py:161} INFO - Started process (PID=2156) to work on /opt/airflow/dags/weekly_grocery_pipeline.py
[2026-09-10T10:26:06.253+0000] {processor.py:830} INFO - Processing file /opt/airflow/dags/weekly_grocery_pipeline.py for tasks to queue
[2026-09-10T10:26:06.254+0000] {logging_mixin.py:188} INFO - [2026-09-10T10:26:06.253+0000] {dagbag.py:538} INFO - Filling up the DagBag from /opt/airflow/dags/weekly_grocery_pipeline.py
[2026-09-10T10:26:06.266+0000] {processor.py:840} INFO - DAG(s) 'weekly_grocery_pipeline' retrieved from /opt/airflow/dags/weekly_grocery_pipeline.py
[2026-09-10T10:26:06.286+0000] {logging_mixin.py:188} INFO - [2026-09-10T10:26:06.286+0000] {dag.py:3036} INFO - Sync 1 DAGs
[2026-09-10T10:26:06.298+0000] {logging_mixin.py:188} INFO - [2026-09-10T10:26:06.297+0000] {dag.py:3823} INFO - Setting next_dagrun for weekly_grocery_pipeline to 2026-09-06 00:00:00+00:00, run_after=2026-09-13 00:00:00+00:00
[2026-09-10T10:26:06.305+0000] {processor.py:183} INFO - Processing /opt/airflow/dags/weekly_grocery_pipeline.py took 0.057 seconds
[2026-09-10T10:26:36.578+0000] {processor.py:161} INFO - Started process (PID=2161) to work on /opt/airflow/dags/weekly_grocery_pipeline.py
[2026-09-10T10:26:36.579+0000] {processor.py:830} INFO - Processing file /opt/airflow/dags/weekly_grocery_pipeline.py for tasks to queue
[2026-09-10T10:26:36.580+0000] {logging_mixin.py:188} INFO - [2026-09-10T10:26:36.580+0000] {dagbag.py:538} INFO - Filling up the DagBag from /opt/airflow/dags/weekly_grocery_pipeline.py
[2026-09-10T10:26:36.601+0000] {processor.py:840} INFO - DAG(s) 'weekly_grocery_pipeline' retrieved from /opt/airflow/dags/weekly_grocery_pipeline.py
[2026-09-10T10:26:36.641+0000] {logging_mixin.py:188} INFO - [2026-09-10T10:26:36.641+0000] {dag.py:3036} INFO - Sync 1 DAGs
[2026-09-10T10:26:36.663+0000] {logging_mixin.py:188} INFO - [2026-09-10T10:26:36.663+0000] {dag.py:3823} INFO - Setting next_dagrun for weekly_grocery_pipeline to 2026-09-06 00:00:00+00:00, run_after=2026-09-13 00:00:00+00:00
[2026-09-10T10:26:36.672+0000] {processor.py:183} INFO - Processing /opt/airflow/dags/weekly_grocery_pipeline.py took 0.099 seconds
[2026-09-10T10:27:06.883+0000] {processor.py:161} INFO - Started process (PID=2166) to work on /opt/airflow/dags/weekly_grocery_pipeline.py
[2026-09-10T10:27:06.884+0000] {processor.py:830} INFO - Processing file /opt/airflow/dags/weekly_grocery_pipeline.py for tasks to queue
[2026-09-10T10:27:06.885+0000] {logging_mixin.py:188} INFO - [2026-09-10T10:27:06.885+0000] {dagbag.py:538} INFO - Filling up the DagBag from /opt/airflow/dags/weekly_grocery_pipeline.py
[2026-09-10T10:27:06.897+0000] {processor.py:840} INFO - DAG(s) 'weekly_grocery_pipeline' retrieved from /opt/airflow/dags/weekly_grocery_pipeline.py
[2026-09-10T10:27:06.917+0000] {logging_mixin.py:188} INFO - [2026-09-10T10:27:06.917+0000] {dag.py:3036} INFO - Sync 1 DAGs
[2026-09-10T10:27:06.928+0000] {logging_mixin.py:188} INFO - [2026-09-10T10:27:06.927+0000] {dag.py:3823} INFO - Setting next_dagrun for weekly_grocery_pipeline to 2026-09-06 00:00:00+00:00, run_after=2026-09-13 00:00:00+00:00
[2026-09-10T10:27:06.934+0000] {processor.py:183} INFO - Processing /opt/airflow/dags/weekly_grocery_pipeline.py took 0.055 seconds
[2026-09-10T10:27:37.237+0000] {processor.py:161} INFO - Started process (PID=2171) to work on /opt/airflow/dags/weekly_grocery_pipeline.py
[2026-09-10T10:27:37.239+0000] {processor.py:830} INFO - Processing file /opt/airflow/dags/weekly_grocery_pipeline.py for tasks to queue
[2026-09-10T10:27:37.239+0000] {logging_mixin.py:188} INFO - [2026-09-10T10:27:37.239+0000] {dagbag.py:538} INFO - Filling up the DagBag from /opt/airflow/dags/weekly_grocery_pipeline.py
[2026-09-10T10:27:37.251+0000] {processor.py:840} INFO - DAG(s) 'weekly_grocery_pipeline' retrieved from /opt/airflow/dags/weekly_grocery_pipeline.py
[2026-09-10T10:27:37.270+0000] {logging_mixin.py:188} INFO - [2026-09-10T10:27:37.270+0000] {dag.py:3036} INFO - Sync 1 DAGs
[2026-09-10T10:27:37.280+0000] {logging_mixin.py:188} INFO - [2026-09-10T10:27:37.280+0000] {dag.py:3823} INFO - Setting next_dagrun for weekly_grocery_pipeline to 2026-09-06 00:00:00+00:00, run_after=2026-09-13 00:00:00+00:00
[2026-09-10T10:27:37.287+0000] {processor.py:183} INFO - Processing /opt/airflow/dags/weekly_grocery_pipeline.py took 0.053 seconds
[2026-09-10T10:28:07.524+0000] {processor.py:161} INFO - Started process (PID=2176) to work on /opt/airflow/dags/weekly_grocery_pipeline.py
[2026-09-10T10:28:07.524+0000] {processor.py:830} INFO - Processing file /opt/airflow/dags/weekly_grocery_pipeline.py for tasks to queue
[2026-09-10T10:28:07.525+0000] {logging_mixin.py:188} INFO - [2026-09-10T10:28:07.525+0000] {dagbag.py:538} INFO - Filling up the DagBag from /opt/airflow/dags/weekly_grocery_pipeline.py
[2026-09-10T10:28:07.532+0000] {processor.py:840} INFO - DAG(s) 'weekly_grocery_pipeline' retrieved from /opt/airflow/dags/weekly_grocery_pipeline.py
[2026-09-10T10:28:07.551+0000] {logging_mixin.py:188} INFO - [2026-09-10T10:28:07.550+0000] {dag.py:3036} INFO - Sync 1 DAGs
[2026-09-10T10:28:07.563+0000] {logging_mixin.py:188} INFO - [2026-09-10T10:28:07.563+0000] {dag.py:3823} INFO - Setting next_dagrun for weekly_grocery_pipeline to 2026-09-06 00:00:00+00:00, run_after=2026-09-13 00:00:00+00:00
[2026-09-10T10:28:07.571+0000] {processor.py:183} INFO - Processing /opt/airflow/dags/weekly_grocery_pipeline.py took 0.051 seconds
[2026-09-10T10:28:37.822+0000] {processor.py:161} INFO - Started process (PID=2181) to work on /opt/airflow/dags/weekly_grocery_pipeline.py
[2026-09-10T10:28:37.823+0000] {processor.py:830} INFO - Processing file /opt/airflow/dags/weekly_grocery_pipeline.py for tasks to queue
[2026-09-10T10:28:37.824+0000] {logging_mixin.py:188} INFO - [2026-09-10T10:28:37.824+0000] {dagbag.py:538} INFO - Filling up the DagBag from /opt/airflow/dags/weekly_grocery_pipeline.py
[2026-09-10T10:28:37.840+0000] {processor.py:840} INFO - DAG(s) 'weekly_grocery_pipeline' retrieved from /opt/airflow/dags/weekly_grocery_pipeline.py
[2026-09-10T10:28:37.862+0000] {logging_mixin.py:188} INFO - [2026-09-10T10:28:37.862+0000] {dag.py:3036} INFO - Sync 1 DAGs
[2026-09-10T10:28:37.873+0000] {logging_mixin.py:188} INFO - [2026-09-10T10:28:37.873+0000] {dag.py:3823} INFO - Setting next_dagrun for weekly_grocery_pipeline to 2026-09-06 00:00:00+00:00, run_after=2026-09-13 00:00:00+00:00
[2026-09-10T10:28:37.880+0000] {processor.py:183} INFO - Processing /opt/airflow/dags/weekly_grocery_pipeline.py took 0.063 seconds
[2026-09-10T10:29:08.111+0000] {processor.py:161} INFO - Started process (PID=2186) to work on /opt/airflow/dags/weekly_grocery_pipeline.py
[2026-09-10T10:29:08.112+0000] {processor.py:830} INFO - Processing file /opt/airflow/dags/weekly_grocery_pipeline.py for tasks to queue
[2026-09-10T10:29:08.112+0000] {logging_mixin.py:188} INFO - [2026-09-10T10:29:08.112+0000] {dagbag.py:538} INFO - Filling up the DagBag from /opt/airflow/dags/weekly_grocery_pipeline.py
[2026-09-10T10:29:08.124+0000] {processor.py:840} INFO - DAG(s) 'weekly_grocery_pipeline' retrieved from /opt/airflow/dags/weekly_grocery_pipeline.py
[2026-09-10T10:29:08.142+0000] {logging_mixin.py:188} INFO - [2026-09-10T10:29:08.142+0000] {dag.py:3036} INFO - Sync 1 DAGs
[2026-09-10T10:29:08.153+0000] {logging_mixin.py:188} INFO - [2026-09-10T10:29:08.152+0000] {dag.py:3823} INFO - Setting next_dagrun for weekly_grocery_pipeline to 2026-09-06 00:00:00+00:00, run_after=2026-09-13 00:00:00+00:00
[2026-09-10T10:29:08.159+0000] {processor.py:183} INFO - Processing /opt/airflow/dags/weekly_grocery_pipeline.py took 0.052 seconds
[2026-09-10T10:29:38.403+0000] {processor.py:161} INFO - Started process (PID=2191) to work on /opt/airflow/dags/weekly_grocery_pipeline.py
[2026-09-10T10:29:38.407+0000] {processor.py:830} INFO - Processing file /opt/airflow/dags/weekly_grocery_pipeline.py for tasks to queue
[2026-09-10T10:29:38.408+0000] {logging_mixin.py:188} INFO - [2026-09-10T10:29:38.407+0000] {dagbag.py:538} INFO - Filling up the DagBag from /opt/airflow/dags/weekly_grocery_pipeline.py
[2026-09-10T10:29:38.426+0000] {processor.py:840} INFO - DAG(s) 'weekly_grocery_pipeline' retrieved from /opt/airflow/dags/weekly_grocery_pipeline.py
[2026-09-10T10:29:38.457+0000] {logging_mixin.py:188} INFO - [2026-09-10T10:29:38.456+0000] {dag.py:3036} INFO - Sync 1 DAGs
[2026-09-10T10:29:38.474+0000] {logging_mixin.py:188} INFO - [2026-09-10T10:29:38.474+0000] {dag.py:3823} INFO - Setting next_dagrun for weekly_grocery_pipeline to 2026-09-06 00:00:00+00:00, run_after=2026-09-13 00:00:00+00:00
[2026-09-10T10:29:38.485+0000] {processor.py:183} INFO - Processing /opt/airflow/dags/weekly_grocery_pipeline.py took 0.089 seconds
[2026-09-10T10:30:08.716+0000] {processor.py:161} INFO - Started process (PID=2196) to work on /opt/airflow/dags/weekly_grocery_pipeline.py
[2026-09-10T10:30:08.717+0000] {processor.py:830} INFO - Processing file /opt/airflow/dags/weekly_grocery_pipeline.py for tasks to queue
[2026-09-10T10:30:08.718+0000] {logging_mixin.py:188} INFO - [2026-09-10T10:30:08.718+0000] {dagbag.py:538} INFO - Filling up the DagBag from /opt/airflow/dags/weekly_grocery_pipeline.py
[2026-09-10T10:30:08.730+0000] {processor.py:840} INFO - DAG(s) 'weekly_grocery_pipeline' retrieved from /opt/airflow/dags/weekly_grocery_pipeline.py
[2026-09-10T10:30:08.747+0000] {logging_mixin.py:188} INFO - [2026-09-10T10:30:08.747+0000] {dag.py:3036} INFO - Sync 1 DAGs
[2026-09-10T10:30:08.758+0000] {logging_mixin.py:188} INFO - [2026-09-10T10:30:08.758+0000] {dag.py:3823} INFO - Setting next_dagrun for weekly_grocery_pipeline to 2026-09-06 00:00:00+00:00, run_after=2026-09-13 00:00:00+00:00
[2026-09-10T10:30:08.765+0000] {processor.py:183} INFO - Processing /opt/airflow/dags/weekly_grocery_pipeline.py took 0.053 seconds
[2026-09-10T10:30:38.968+0000] {processor.py:161} INFO - Started process (PID=2201) to work on /opt/airflow/dags/weekly_grocery_pipeline.py
[2026-09-10T10:30:38.969+0000] {processor.py:830} INFO - Processing file /opt/airflow/dags/weekly_grocery_pipeline.py for tasks to queue
[2026-09-10T10:30:38.969+0000] {logging_mixin.py:188} INFO - [2026-09-10T10:30:38.969+0000] {dagbag.py:538} INFO - Filling up the DagBag from /opt/airflow/dags/weekly_grocery_pipeline.py
[2026-09-10T10:30:38.980+0000] {processor.py:840} INFO - DAG(s) 'weekly_grocery_pipeline' retrieved from /opt/airflow/dags/weekly_grocery_pipeline.py
[2026-09-10T10:30:38.998+0000] {logging_mixin.py:188} INFO - [2026-09-10T10:30:38.998+0000] {dag.py:3036} INFO - Sync 1 DAGs
[2026-09-10T10:30:39.008+0000] {logging_mixin.py:188} INFO - [2026-09-10T10:30:39.008+0000] {dag.py:3823} INFO - Setting next_dagrun for weekly_grocery_pipeline to 2026-09-06 00:00:00+00:00, run_after=2026-09-13 00:00:00+00:00
[2026-09-10T10:30:39.015+0000] {processor.py:183} INFO - Processing /opt/airflow/dags/weekly_grocery_pipeline.py took 0.050 seconds
[2026-09-10T10:31:09.249+0000] {processor.py:161} INFO - Started process (PID=2206) to work on /opt/airflow/dags/weekly_grocery_pipeline.py
[2026-09-10T10:31:09.250+0000] {processor.py:830} INFO - Processing file /opt/airflow/dags/weekly_grocery_pipeline.py for tasks to queue
[2026-09-10T10:31:09.251+0000] {logging_mixin.py:188} INFO - [2026-09-10T10:31:09.251+0000] {dagbag.py:538} INFO - Filling up the DagBag from /opt/airflow/dags/weekly_grocery_pipeline.py
[2026-09-10T10:31:09.265+0000] {processor.py:840} INFO - DAG(s) 'weekly_grocery_pipeline' retrieved from /opt/airflow/dags/weekly_grocery_pipeline.py
[2026-09-10T10:31:09.286+0000] {logging_mixin.py:188} INFO - [2026-09-10T10:31:09.286+0000] {dag.py:3036} INFO - Sync 1 DAGs
[2026-09-10T10:31:09.298+0000] {logging_mixin.py:188} INFO - [2026-09-10T10:31:09.298+0000] {dag.py:3823} INFO - Setting next_dagrun for weekly_grocery_pipeline to 2026-09-06 00:00:00+00:00, run_after=2026-09-13 00:00:00+00:00
[2026-09-10T10:31:09.305+0000] {processor.py:183} INFO - Processing /opt/airflow/dags/weekly_grocery_pipeline.py took 0.060 seconds
[2026-09-10T10:31:39.532+0000] {processor.py:161} INFO - Started process (PID=2211) to work on /opt/airflow/dags/weekly_grocery_pipeline.py
[2026-09-10T10:31:39.533+0000] {processor.py:830} INFO - Processing file /opt/airflow/dags/weekly_grocery_pipeline.py for tasks to queue
[2026-09-10T10:31:39.534+0000] {logging_mixin.py:188} INFO - [2026-09-10T10:31:39.534+0000] {dagbag.py:538} INFO - Filling up the DagBag from /opt/airflow/dags/weekly_grocery_pipeline.py
[2026-09-10T10:31:39.549+0000] {processor.py:840} INFO - DAG(s) 'weekly_grocery_pipeline' retrieved from /opt/airflow/dags/weekly_grocery_pipeline.py
[2026-09-10T10:31:39.572+0000] {logging_mixin.py:188} INFO - [2026-09-10T10:31:39.572+0000] {dag.py:3036} INFO - Sync 1 DAGs
[2026-09-10T10:31:39.583+0000] {logging_mixin.py:188} INFO - [2026-09-10T10:31:39.583+0000] {dag.py:3823} INFO - Setting next_dagrun for weekly_grocery_pipeline to 2026-09-06 00:00:00+00:00, run_after=2026-09-13 00:00:00+00:00
[2026-09-10T10:31:39.593+0000] {processor.py:183} INFO - Processing /opt/airflow/dags/weekly_grocery_pipeline.py took 0.064 seconds
[2026-09-10T10:32:09.768+0000] {processor.py:161} INFO - Started process (PID=2216) to work on /opt/airflow/dags/weekly_grocery_pipeline.py
[2026-09-10T10:32:09.769+0000] {processor.py:830} INFO - Processing file /opt/airflow/dags/weekly_grocery_pipeline.py for tasks to queue
[2026-09-10T10:32:09.770+0000] {logging_mixin.py:188} INFO - [2026-09-10T10:32:09.770+0000] {dagbag.py:538} INFO - Filling up the DagBag from /opt/airflow/dags/weekly_grocery_pipeline.py
[2026-09-10T10:32:09.782+0000] {processor.py:840} INFO - DAG(s) 'weekly_grocery_pipeline' retrieved from /opt/airflow/dags/weekly_grocery_pipeline.py
[2026-09-10T10:32:09.802+0000] {logging_mixin.py:188} INFO - [2026-09-10T10:32:09.802+0000] {dag.py:3036} INFO - Sync 1 DAGs
[2026-09-10T10:32:09.813+0000] {logging_mixin.py:188} INFO - [2026-09-10T10:32:09.813+0000] {dag.py:3823} INFO - Setting next_dagrun for weekly_grocery_pipeline to 2026-09-06 00:00:00+00:00, run_after=2026-09-13 00:00:00+00:00
[2026-09-10T10:32:09.820+0000] {processor.py:183} INFO - Processing /opt/airflow/dags/weekly_grocery_pipeline.py took 0.056 seconds
[2026-09-10T10:32:40.017+0000] {processor.py:161} INFO - Started process (PID=2221) to work on /opt/airflow/dags/weekly_grocery_pipeline.py
[2026-09-10T10:32:40.018+0000] {processor.py:830} INFO - Processing file /opt/airflow/dags/weekly_grocery_pipeline.py for tasks to queue
[2026-09-10T10:32:40.018+0000] {logging_mixin.py:188} INFO - [2026-09-10T10:32:40.018+0000] {dagbag.py:538} INFO - Filling up the DagBag from /opt/airflow/dags/weekly_grocery_pipeline.py
[2026-09-10T10:32:40.033+0000] {processor.py:840} INFO - DAG(s) 'weekly_grocery_pipeline' retrieved from /opt/airflow/dags/weekly_grocery_pipeline.py
[2026-09-10T10:32:40.052+0000] {logging_mixin.py:188} INFO - [2026-09-10T10:32:40.051+0000] {dag.py:3036} INFO - Sync 1 DAGs
[2026-09-10T10:32:40.062+0000] {logging_mixin.py:188} INFO - [2026-09-10T10:32:40.061+0000] {dag.py:3823} INFO - Setting next_dagrun for weekly_grocery_pipeline to 2026-09-06 00:00:00+00:00, run_after=2026-09-13 00:00:00+00:00
[2026-09-10T10:32:40.068+0000] {processor.py:183} INFO - Processing /opt/airflow/dags/weekly_grocery_pipeline.py took 0.055 seconds
[2026-09-10T10:33:10.275+0000] {processor.py:161} INFO - Started process (PID=2226) to work on /opt/airflow/dags/weekly_grocery_pipeline.py
[2026-09-10T10:33:10.276+0000] {processor.py:830} INFO - Processing file /opt/airflow/dags/weekly_grocery_pipeline.py for tasks to queue
[2026-09-10T10:33:10.277+0000] {logging_mixin.py:188} INFO - [2026-09-10T10:33:10.277+0000] {dagbag.py:538} INFO - Filling up the DagBag from /opt/airflow/dags/weekly_grocery_pipeline.py
[2026-09-10T10:33:10.293+0000] {processor.py:840} INFO - DAG(s) 'weekly_grocery_pipeline' retrieved from /opt/airflow/dags/weekly_grocery_pipeline.py
[2026-09-10T10:33:10.316+0000] {logging_mixin.py:188} INFO - [2026-09-10T10:33:10.316+0000] {dag.py:3036} INFO - Sync 1 DAGs
[2026-09-10T10:33:10.329+0000] {logging_mixin.py:188} INFO - [2026-09-10T10:33:10.329+0000] {dag.py:3823} INFO - Setting next_dagrun for weekly_grocery_pipeline to 2026-09-06 00:00:00+00:00, run_after=2026-09-13 00:00:00+00:00
[2026-09-10T10:33:10.337+0000] {processor.py:183} INFO - Processing /opt/airflow/dags/weekly_grocery_pipeline.py took 0.067 seconds
[2026-09-10T10:33:40.550+0000] {processor.py:161} INFO - Started process (PID=2231) to work on /opt/airflow/dags/weekly_grocery_pipeline.py
[2026-09-10T10:33:40.551+0000] {processor.py:830} INFO - Processing file /opt/airflow/dags/weekly_grocery_pipeline.py for tasks to queue
[2026-09-10T10:33:40.552+0000] {logging_mixin.py:188} INFO - [2026-09-10T10:33:40.552+0000] {dagbag.py:538} INFO - Filling up the DagBag from /opt/airflow/dags/weekly_grocery_pipeline.py
[2026-09-10T10:33:40.569+0000] {processor.py:840} INFO - DAG(s) 'weekly_grocery_pipeline' retrieved from /opt/airflow/dags/weekly_grocery_pipeline.py
[2026-09-10T10:33:40.590+0000] {logging_mixin.py:188} INFO - [2026-09-10T10:33:40.590+0000] {dag.py:3036} INFO - Sync 1 DAGs
[2026-09-10T10:33:40.601+0000] {logging_mixin.py:188} INFO - [2026-09-10T10:33:40.601+0000] {dag.py:3823} INFO - Setting next_dagrun for weekly_grocery_pipeline to 2026-09-06 00:00:00+00:00, run_after=2026-09-13 00:00:00+00:00
[2026-09-10T10:33:40.608+0000] {processor.py:183} INFO - Processing /opt/airflow/dags/weekly_grocery_pipeline.py took 0.062 seconds
[2026-09-10T10:34:10.796+0000] {processor.py:161} INFO - Started process (PID=2236) to work on /opt/airflow/dags/weekly_grocery_pipeline.py
[2026-09-10T10:34:10.797+0000] {processor.py:830} INFO - Processing file /opt/airflow/dags/weekly_grocery_pipeline.py for tasks to queue
[2026-09-10T10:34:10.797+0000] {logging_mixin.py:188} INFO - [2026-09-10T10:34:10.797+0000] {dagbag.py:538} INFO - Filling up the DagBag from /opt/airflow/dags/weekly_grocery_pipeline.py
[2026-09-10T10:34:10.807+0000] {processor.py:840} INFO - DAG(s) 'weekly_grocery_pipeline' retrieved from /opt/airflow/dags/weekly_grocery_pipeline.py
[2026-09-10T10:34:10.824+0000] {logging_mixin.py:188} INFO - [2026-09-10T10:34:10.824+0000] {dag.py:3036} INFO - Sync 1 DAGs
[2026-09-10T10:34:10.834+0000] {logging_mixin.py:188} INFO - [2026-09-10T10:34:10.834+0000] {dag.py:3823} INFO - Setting next_dagrun for weekly_grocery_pipeline to 2026-09-06 00:00:00+00:00, run_after=2026-09-13 00:00:00+00:00
[2026-09-10T10:34:10.841+0000] {processor.py:183} INFO - Processing /opt/airflow/dags/weekly_grocery_pipeline.py took 0.049 seconds
[2026-09-10T10:34:41.087+0000] {processor.py:161} INFO - Started process (PID=2241) to work on /opt/airflow/dags/weekly_grocery_pipeline.py
[2026-09-10T10:34:41.088+0000] {processor.py:830} INFO - Processing file /opt/airflow/dags/weekly_grocery_pipeline.py for tasks to queue
[2026-09-10T10:34:41.088+0000] {logging_mixin.py:188} INFO - [2026-09-10T10:34:41.088+0000] {dagbag.py:538} INFO - Filling up the DagBag from /opt/airflow/dags/weekly_grocery_pipeline.py
[2026-09-10T10:34:41.098+0000] {processor.py:840} INFO - DAG(s) 'weekly_grocery_pipeline' retrieved from /opt/airflow/dags/weekly_grocery_pipeline.py
[2026-09-10T10:34:41.115+0000] {logging_mixin.py:188} INFO - [2026-09-10T10:34:41.114+0000] {dag.py:3036} INFO - Sync 1 DAGs
[2026-09-10T10:34:41.125+0000] {logging_mixin.py:188} INFO - [2026-09-10T10:34:41.124+0000] {dag.py:3823} INFO - Setting next_dagrun for weekly_grocery_pipeline to 2026-09-06 00:00:00+00:00, run_after=2026-09-13 00:00:00+00:00
[2026-09-10T10:34:41.131+0000] {processor.py:183} INFO - Processing /opt/airflow/dags/weekly_grocery_pipeline.py took 0.047 seconds
[2026-09-10T10:35:11.379+0000] {processor.py:161} INFO - Started process (PID=2246) to work on /opt/airflow/dags/weekly_grocery_pipeline.py
[2026-09-10T10:35:11.380+0000] {processor.py:830} INFO - Processing file /opt/airflow/dags/weekly_grocery_pipeline.py for tasks to queue
[2026-09-10T10:35:11.381+0000] {logging_mixin.py:188} INFO - [2026-09-10T10:35:11.381+0000] {dagbag.py:538} INFO - Filling up the DagBag from /opt/airflow/dags/weekly_grocery_pipeline.py
[2026-09-10T10:35:11.392+0000] {processor.py:840} INFO - DAG(s) 'weekly_grocery_pipeline' retrieved from /opt/airflow/dags/weekly_grocery_pipeline.py
[2026-09-10T10:35:11.412+0000] {logging_mixin.py:188} INFO - [2026-09-10T10:35:11.412+0000] {dag.py:3036} INFO - Sync 1 DAGs
[2026-09-10T10:35:11.423+0000] {logging_mixin.py:188} INFO - [2026-09-10T10:35:11.423+0000] {dag.py:3823} INFO - Setting next_dagrun for weekly_grocery_pipeline to 2026-09-06 00:00:00+00:00, run_after=2026-09-13 00:00:00+00:00
[2026-09-10T10:35:11.430+0000] {processor.py:183} INFO - Processing /opt/airflow/dags/weekly_grocery_pipeline.py took 0.054 seconds
[2026-09-10T10:35:41.702+0000] {processor.py:161} INFO - Started process (PID=2251) to work on /opt/airflow/dags/weekly_grocery_pipeline.py
[2026-09-10T10:35:41.704+0000] {processor.py:830} INFO - Processing file /opt/airflow/dags/weekly_grocery_pipeline.py for tasks to queue
[2026-09-10T10:35:41.705+0000] {logging_mixin.py:188} INFO - [2026-09-10T10:35:41.705+0000] {dagbag.py:538} INFO - Filling up the DagBag from /opt/airflow/dags/weekly_grocery_pipeline.py
[2026-09-10T10:35:41.728+0000] {processor.py:840} INFO - DAG(s) 'weekly_grocery_pipeline' retrieved from /opt/airflow/dags/weekly_grocery_pipeline.py
[2026-09-10T10:35:41.753+0000] {logging_mixin.py:188} INFO - [2026-09-10T10:35:41.752+0000] {dag.py:3036} INFO - Sync 1 DAGs
[2026-09-10T10:35:41.765+0000] {logging_mixin.py:188} INFO - [2026-09-10T10:35:41.765+0000] {dag.py:3823} INFO - Setting next_dagrun for weekly_grocery_pipeline to 2026-09-06 00:00:00+00:00, run_after=2026-09-13 00:00:00+00:00
[2026-09-10T10:35:41.772+0000] {processor.py:183} INFO - Processing /opt/airflow/dags/weekly_grocery_pipeline.py took 0.076 seconds
[2026-09-10T10:36:11.977+0000] {processor.py:161} INFO - Started process (PID=2256) to work on /opt/airflow/dags/weekly_grocery_pipeline.py
[2026-09-10T10:36:11.979+0000] {processor.py:830} INFO - Processing file /opt/airflow/dags/weekly_grocery_pipeline.py for tasks to queue
[2026-09-10T10:36:11.980+0000] {logging_mixin.py:188} INFO - [2026-09-10T10:36:11.979+0000] {dagbag.py:538} INFO - Filling up the DagBag from /opt/airflow/dags/weekly_grocery_pipeline.py
[2026-09-10T10:36:11.994+0000] {processor.py:840} INFO - DAG(s) 'weekly_grocery_pipeline' retrieved from /opt/airflow/dags/weekly_grocery_pipeline.py
[2026-09-10T10:36:12.014+0000] {logging_mixin.py:188} INFO - [2026-09-10T10:36:12.014+0000] {dag.py:3036} INFO - Sync 1 DAGs
[2026-09-10T10:36:12.024+0000] {logging_mixin.py:188} INFO - [2026-09-10T10:36:12.024+0000] {dag.py:3823} INFO - Setting next_dagrun for weekly_grocery_pipeline to 2026-09-06 00:00:00+00:00, run_after=2026-09-13 00:00:00+00:00
[2026-09-10T10:36:12.031+0000] {processor.py:183} INFO - Processing /opt/airflow/dags/weekly_grocery_pipeline.py took 0.058 seconds
[2026-09-10T10:36:42.287+0000] {processor.py:161} INFO - Started process (PID=2261) to work on /opt/airflow/dags/weekly_grocery_pipeline.py
[2026-09-10T10:36:42.288+0000] {processor.py:830} INFO - Processing file /opt/airflow/dags/weekly_grocery_pipeline.py for tasks to queue
[2026-09-10T10:36:42.289+0000] {logging_mixin.py:188} INFO - [2026-09-10T10:36:42.289+0000] {dagbag.py:538} INFO - Filling up the DagBag from /opt/airflow/dags/weekly_grocery_pipeline.py
[2026-09-10T10:36:42.301+0000] {processor.py:840} INFO - DAG(s) 'weekly_grocery_pipeline' retrieved from /opt/airflow/dags/weekly_grocery_pipeline.py
[2026-09-10T10:36:42.322+0000] {logging_mixin.py:188} INFO - [2026-09-10T10:36:42.322+0000] {dag.py:3036} INFO - Sync 1 DAGs
[2026-09-10T10:36:42.334+0000] {logging_mixin.py:188} INFO - [2026-09-10T10:36:42.334+0000] {dag.py:3823} INFO - Setting next_dagrun for weekly_grocery_pipeline to 2026-09-06 00:00:00+00:00, run_after=2026-09-13 00:00:00+00:00
[2026-09-10T10:36:42.342+0000] {processor.py:183} INFO - Processing /opt/airflow/dags/weekly_grocery_pipeline.py took 0.057 seconds
[2026-09-10T10:37:12.566+0000] {processor.py:161} INFO - Started process (PID=2266) to work on /opt/airflow/dags/weekly_grocery_pipeline.py
[2026-09-10T10:37:12.567+0000] {processor.py:830} INFO - Processing file /opt/airflow/dags/weekly_grocery_pipeline.py for tasks to queue
[2026-09-10T10:37:12.567+0000] {logging_mixin.py:188} INFO - [2026-09-10T10:37:12.567+0000] {dagbag.py:538} INFO - Filling up the DagBag from /opt/airflow/dags/weekly_grocery_pipeline.py
[2026-09-10T10:37:12.578+0000] {processor.py:840} INFO - DAG(s) 'weekly_grocery_pipeline' retrieved from /opt/airflow/dags/weekly_grocery_pipeline.py
[2026-09-10T10:37:12.598+0000] {logging_mixin.py:188} INFO - [2026-09-10T10:37:12.598+0000] {dag.py:3036} INFO - Sync 1 DAGs
[2026-09-10T10:37:12.612+0000] {logging_mixin.py:188} INFO - [2026-09-10T10:37:12.612+0000] {dag.py:3823} INFO - Setting next_dagrun for weekly_grocery_pipeline to 2026-09-06 00:00:00+00:00, run_after=2026-09-13 00:00:00+00:00
[2026-09-10T10:37:12.621+0000] {processor.py:183} INFO - Processing /opt/airflow/dags/weekly_grocery_pipeline.py took 0.058 seconds
[2026-09-10T10:37:42.926+0000] {processor.py:161} INFO - Started process (PID=2271) to work on /opt/airflow/dags/weekly_grocery_pipeline.py
[2026-09-10T10:37:42.931+0000] {processor.py:830} INFO - Processing file /opt/airflow/dags/weekly_grocery_pipeline.py for tasks to queue
[2026-09-10T10:37:42.932+0000] {logging_mixin.py:188} INFO - [2026-09-10T10:37:42.932+0000] {dagbag.py:538} INFO - Filling up the DagBag from /opt/airflow/dags/weekly_grocery_pipeline.py
[2026-09-10T10:37:42.957+0000] {processor.py:840} INFO - DAG(s) 'weekly_grocery_pipeline' retrieved from /opt/airflow/dags/weekly_grocery_pipeline.py
[2026-09-10T10:37:42.986+0000] {logging_mixin.py:188} INFO - [2026-09-10T10:37:42.985+0000] {dag.py:3036} INFO - Sync 1 DAGs
[2026-09-10T10:37:43.000+0000] {logging_mixin.py:188} INFO - [2026-09-10T10:37:43.000+0000] {dag.py:3823} INFO - Setting next_dagrun for weekly_grocery_pipeline to 2026-09-06 00:00:00+00:00, run_after=2026-09-13 00:00:00+00:00
[2026-09-10T10:37:43.008+0000] {processor.py:183} INFO - Processing /opt/airflow/dags/weekly_grocery_pipeline.py took 0.092 seconds
[2026-09-10T10:38:13.208+0000] {processor.py:161} INFO - Started process (PID=2276) to work on /opt/airflow/dags/weekly_grocery_pipeline.py
[2026-09-10T10:38:13.209+0000] {processor.py:830} INFO - Processing file /opt/airflow/dags/weekly_grocery_pipeline.py for tasks to queue
[2026-09-10T10:38:13.210+0000] {logging_mixin.py:188} INFO - [2026-09-10T10:38:13.209+0000] {dagbag.py:538} INFO - Filling up the DagBag from /opt/airflow/dags/weekly_grocery_pipeline.py
[2026-09-10T10:38:13.231+0000] {processor.py:840} INFO - DAG(s) 'weekly_grocery_pipeline' retrieved from /opt/airflow/dags/weekly_grocery_pipeline.py
[2026-09-10T10:38:13.256+0000] {logging_mixin.py:188} INFO - [2026-09-10T10:38:13.256+0000] {dag.py:3036} INFO - Sync 1 DAGs
[2026-09-10T10:38:13.274+0000] {logging_mixin.py:188} INFO - [2026-09-10T10:38:13.274+0000] {dag.py:3823} INFO - Setting next_dagrun for weekly_grocery_pipeline to 2026-09-06 00:00:00+00:00, run_after=2026-09-13 00:00:00+00:00
[2026-09-10T10:38:13.282+0000] {processor.py:183} INFO - Processing /opt/airflow/dags/weekly_grocery_pipeline.py took 0.078 seconds
[2026-09-10T10:38:43.648+0000] {processor.py:161} INFO - Started process (PID=2281) to work on /opt/airflow/dags/weekly_grocery_pipeline.py
[2026-09-10T10:38:43.650+0000] {processor.py:830} INFO - Processing file /opt/airflow/dags/weekly_grocery_pipeline.py for tasks to queue
[2026-09-10T10:38:43.651+0000] {logging_mixin.py:188} INFO - [2026-09-10T10:38:43.650+0000] {dagbag.py:538} INFO - Filling up the DagBag from /opt/airflow/dags/weekly_grocery_pipeline.py
[2026-09-10T10:38:43.673+0000] {processor.py:840} INFO - DAG(s) 'weekly_grocery_pipeline' retrieved from /opt/airflow/dags/weekly_grocery_pipeline.py
[2026-09-10T10:38:43.698+0000] {logging_mixin.py:188} INFO - [2026-09-10T10:38:43.698+0000] {dag.py:3036} INFO - Sync 1 DAGs
[2026-09-10T10:38:43.717+0000] {logging_mixin.py:188} INFO - [2026-09-10T10:38:43.717+0000] {dag.py:3823} INFO - Setting next_dagrun for weekly_grocery_pipeline to 2026-09-06 00:00:00+00:00, run_after=2026-09-13 00:00:00+00:00
[2026-09-10T10:38:43.725+0000] {processor.py:183} INFO - Processing /opt/airflow/dags/weekly_grocery_pipeline.py took 0.083 seconds
[2026-09-10T10:39:13.937+0000] {processor.py:161} INFO - Started process (PID=2286) to work on /opt/airflow/dags/weekly_grocery_pipeline.py
[2026-09-10T10:39:13.940+0000] {processor.py:830} INFO - Processing file /opt/airflow/dags/weekly_grocery_pipeline.py for tasks to queue
[2026-09-10T10:39:13.941+0000] {logging_mixin.py:188} INFO - [2026-09-10T10:39:13.941+0000] {dagbag.py:538} INFO - Filling up the DagBag from /opt/airflow/dags/weekly_grocery_pipeline.py
[2026-09-10T10:39:13.960+0000] {processor.py:840} INFO - DAG(s) 'weekly_grocery_pipeline' retrieved from /opt/airflow/dags/weekly_grocery_pipeline.py
[2026-09-10T10:39:13.989+0000] {logging_mixin.py:188} INFO - [2026-09-10T10:39:13.989+0000] {dag.py:3036} INFO - Sync 1 DAGs
[2026-09-10T10:39:14.006+0000] {logging_mixin.py:188} INFO - [2026-09-10T10:39:14.006+0000] {dag.py:3823} INFO - Setting next_dagrun for weekly_grocery_pipeline to 2026-09-06 00:00:00+00:00, run_after=2026-09-13 00:00:00+00:00
[2026-09-10T10:39:14.016+0000] {processor.py:183} INFO - Processing /opt/airflow/dags/weekly_grocery_pipeline.py took 0.085 seconds
[2026-09-10T10:39:44.177+0000] {processor.py:161} INFO - Started process (PID=2291) to work on /opt/airflow/dags/weekly_grocery_pipeline.py
[2026-09-10T10:39:44.178+0000] {processor.py:830} INFO - Processing file /opt/airflow/dags/weekly_grocery_pipeline.py for tasks to queue
[2026-09-10T10:39:44.178+0000] {logging_mixin.py:188} INFO - [2026-09-10T10:39:44.178+0000] {dagbag.py:538} INFO - Filling up the DagBag from /opt/airflow/dags/weekly_grocery_pipeline.py
[2026-09-10T10:39:44.189+0000] {processor.py:840} INFO - DAG(s) 'weekly_grocery_pipeline' retrieved from /opt/airflow/dags/weekly_grocery_pipeline.py
[2026-09-10T10:39:44.210+0000] {logging_mixin.py:188} INFO - [2026-09-10T10:39:44.210+0000] {dag.py:3036} INFO - Sync 1 DAGs
[2026-09-10T10:39:44.220+0000] {logging_mixin.py:188} INFO - [2026-09-10T10:39:44.220+0000] {dag.py:3823} INFO - Setting next_dagrun for weekly_grocery_pipeline to 2026-09-06 00:00:00+00:00, run_after=2026-09-13 00:00:00+00:00
[2026-09-10T10:39:44.228+0000] {processor.py:183} INFO - Processing /opt/airflow/dags/weekly_grocery_pipeline.py took 0.055 seconds
[2026-09-10T10:40:14.461+0000] {processor.py:161} INFO - Started process (PID=2296) to work on /opt/airflow/dags/weekly_grocery_pipeline.py
[2026-09-10T10:40:14.462+0000] {processor.py:830} INFO - Processing file /opt/airflow/dags/weekly_grocery_pipeline.py for tasks to queue
[2026-09-10T10:40:14.463+0000] {logging_mixin.py:188} INFO - [2026-09-10T10:40:14.463+0000] {dagbag.py:538} INFO - Filling up the DagBag from /opt/airflow/dags/weekly_grocery_pipeline.py
[2026-09-10T10:40:14.476+0000] {processor.py:840} INFO - DAG(s) 'weekly_grocery_pipeline' retrieved from /opt/airflow/dags/weekly_grocery_pipeline.py
[2026-09-10T10:40:14.495+0000] {logging_mixin.py:188} INFO - [2026-09-10T10:40:14.495+0000] {dag.py:3036} INFO - Sync 1 DAGs
[2026-09-10T10:40:14.505+0000] {logging_mixin.py:188} INFO - [2026-09-10T10:40:14.505+0000] {dag.py:3823} INFO - Setting next_dagrun for weekly_grocery_pipeline to 2026-09-06 00:00:00+00:00, run_after=2026-09-13 00:00:00+00:00
[2026-09-10T10:40:14.512+0000] {processor.py:183} INFO - Processing /opt/airflow/dags/weekly_grocery_pipeline.py took 0.053 seconds
[2026-09-10T10:40:44.719+0000] {processor.py:161} INFO - Started process (PID=2301) to work on /opt/airflow/dags/weekly_grocery_pipeline.py
[2026-09-10T10:40:44.720+0000] {processor.py:830} INFO - Processing file /opt/airflow/dags/weekly_grocery_pipeline.py for tasks to queue
[2026-09-10T10:40:44.721+0000] {logging_mixin.py:188} INFO - [2026-09-10T10:40:44.721+0000] {dagbag.py:538} INFO - Filling up the DagBag from /opt/airflow/dags/weekly_grocery_pipeline.py
[2026-09-10T10:40:44.735+0000] {processor.py:840} INFO - DAG(s) 'weekly_grocery_pipeline' retrieved from /opt/airflow/dags/weekly_grocery_pipeline.py
[2026-09-10T10:40:44.759+0000] {logging_mixin.py:188} INFO - [2026-09-10T10:40:44.759+0000] {dag.py:3036} INFO - Sync 1 DAGs
[2026-09-10T10:40:44.771+0000] {logging_mixin.py:188} INFO - [2026-09-10T10:40:44.771+0000] {dag.py:3823} INFO - Setting next_dagrun for weekly_grocery_pipeline to 2026-09-06 00:00:00+00:00, run_after=2026-09-13 00:00:00+00:00
[2026-09-10T10:40:44.779+0000] {processor.py:183} INFO - Processing /opt/airflow/dags/weekly_grocery_pipeline.py took 0.063 seconds
[2026-09-10T10:41:15.002+0000] {processor.py:161} INFO - Started process (PID=2306) to work on /opt/airflow/dags/weekly_grocery_pipeline.py
[2026-09-10T10:41:15.003+0000] {processor.py:830} INFO - Processing file /opt/airflow/dags/weekly_grocery_pipeline.py for tasks to queue
[2026-09-10T10:41:15.004+0000] {logging_mixin.py:188} INFO - [2026-09-10T10:41:15.004+0000] {dagbag.py:538} INFO - Filling up the DagBag from /opt/airflow/dags/weekly_grocery_pipeline.py
[2026-09-10T10:41:15.017+0000] {processor.py:840} INFO - DAG(s) 'weekly_grocery_pipeline' retrieved from /opt/airflow/dags/weekly_grocery_pipeline.py
[2026-09-10T10:41:15.037+0000] {logging_mixin.py:188} INFO - [2026-09-10T10:41:15.036+0000] {dag.py:3036} INFO - Sync 1 DAGs
[2026-09-10T10:41:15.048+0000] {logging_mixin.py:188} INFO - [2026-09-10T10:41:15.048+0000] {dag.py:3823} INFO - Setting next_dagrun for weekly_grocery_pipeline to 2026-09-06 00:00:00+00:00, run_after=2026-09-13 00:00:00+00:00
[2026-09-10T10:41:15.055+0000] {processor.py:183} INFO - Processing /opt/airflow/dags/weekly_grocery_pipeline.py took 0.056 seconds
[2026-09-10T10:41:45.269+0000] {processor.py:161} INFO - Started process (PID=2311) to work on /opt/airflow/dags/weekly_grocery_pipeline.py
[2026-09-10T10:41:45.270+0000] {processor.py:830} INFO - Processing file /opt/airflow/dags/weekly_grocery_pipeline.py for tasks to queue
[2026-09-10T10:41:45.271+0000] {logging_mixin.py:188} INFO - [2026-09-10T10:41:45.271+0000] {dagbag.py:538} INFO - Filling up the DagBag from /opt/airflow/dags/weekly_grocery_pipeline.py
[2026-09-10T10:41:45.283+0000] {processor.py:840} INFO - DAG(s) 'weekly_grocery_pipeline' retrieved from /opt/airflow/dags/weekly_grocery_pipeline.py
[2026-09-10T10:41:45.303+0000] {logging_mixin.py:188} INFO - [2026-09-10T10:41:45.303+0000] {dag.py:3036} INFO - Sync 1 DAGs
[2026-09-10T10:41:45.314+0000] {logging_mixin.py:188} INFO - [2026-09-10T10:41:45.314+0000] {dag.py:3823} INFO - Setting next_dagrun for weekly_grocery_pipeline to 2026-09-06 00:00:00+00:00, run_after=2026-09-13 00:00:00+00:00
[2026-09-10T10:41:45.320+0000] {processor.py:183} INFO - Processing /opt/airflow/dags/weekly_grocery_pipeline.py took 0.055 seconds
[2026-09-10T10:42:15.506+0000] {processor.py:161} INFO - Started process (PID=2316) to work on /opt/airflow/dags/weekly_grocery_pipeline.py
[2026-09-10T10:42:15.507+0000] {processor.py:830} INFO - Processing file /opt/airflow/dags/weekly_grocery_pipeline.py for tasks to queue
[2026-09-10T10:42:15.508+0000] {logging_mixin.py:188} INFO - [2026-09-10T10:42:15.508+0000] {dagbag.py:538} INFO - Filling up the DagBag from /opt/airflow/dags/weekly_grocery_pipeline.py
[2026-09-10T10:42:15.521+0000] {processor.py:840} INFO - DAG(s) 'weekly_grocery_pipeline' retrieved from /opt/airflow/dags/weekly_grocery_pipeline.py
[2026-09-10T10:42:15.541+0000] {logging_mixin.py:188} INFO - [2026-09-10T10:42:15.541+0000] {dag.py:3036} INFO - Sync 1 DAGs
[2026-09-10T10:42:15.552+0000] {logging_mixin.py:188} INFO - [2026-09-10T10:42:15.552+0000] {dag.py:3823} INFO - Setting next_dagrun for weekly_grocery_pipeline to 2026-09-06 00:00:00+00:00, run_after=2026-09-13 00:00:00+00:00
[2026-09-10T10:42:15.560+0000] {processor.py:183} INFO - Processing /opt/airflow/dags/weekly_grocery_pipeline.py took 0.057 seconds
[2026-09-10T10:42:45.772+0000] {processor.py:161} INFO - Started process (PID=2321) to work on /opt/airflow/dags/weekly_grocery_pipeline.py
[2026-09-10T10:42:45.773+0000] {processor.py:830} INFO - Processing file /opt/airflow/dags/weekly_grocery_pipeline.py for tasks to queue
[2026-09-10T10:42:45.774+0000] {logging_mixin.py:188} INFO - [2026-09-10T10:42:45.774+0000] {dagbag.py:538} INFO - Filling up the DagBag from /opt/airflow/dags/weekly_grocery_pipeline.py
[2026-09-10T10:42:45.787+0000] {processor.py:840} INFO - DAG(s) 'weekly_grocery_pipeline' retrieved from /opt/airflow/dags/weekly_grocery_pipeline.py
[2026-09-10T10:42:45.807+0000] {logging_mixin.py:188} INFO - [2026-09-10T10:42:45.806+0000] {dag.py:3036} INFO - Sync 1 DAGs
[2026-09-10T10:42:45.817+0000] {logging_mixin.py:188} INFO - [2026-09-10T10:42:45.817+0000] {dag.py:3823} INFO - Setting next_dagrun for weekly_grocery_pipeline to 2026-09-06 00:00:00+00:00, run_after=2026-09-13 00:00:00+00:00
[2026-09-10T10:42:45.824+0000] {processor.py:183} INFO - Processing /opt/airflow/dags/weekly_grocery_pipeline.py took 0.055 seconds
[2026-09-10T10:43:16.042+0000] {processor.py:161} INFO - Started process (PID=2326) to work on /opt/airflow/dags/weekly_grocery_pipeline.py
[2026-09-10T10:43:16.043+0000] {processor.py:830} INFO - Processing file /opt/airflow/dags/weekly_grocery_pipeline.py for tasks to queue
[2026-09-10T10:43:16.043+0000] {logging_mixin.py:188} INFO - [2026-09-10T10:43:16.043+0000] {dagbag.py:538} INFO - Filling up the DagBag from /opt/airflow/dags/weekly_grocery_pipeline.py
[2026-09-10T10:43:16.053+0000] {processor.py:840} INFO - DAG(s) 'weekly_grocery_pipeline' retrieved from /opt/airflow/dags/weekly_grocery_pipeline.py
[2026-09-10T10:43:16.071+0000] {logging_mixin.py:188} INFO - [2026-09-10T10:43:16.071+0000] {dag.py:3036} INFO - Sync 1 DAGs
[2026-09-10T10:43:16.093+0000] {logging_mixin.py:188} INFO - [2026-09-10T10:43:16.093+0000] {dag.py:3823} INFO - Setting next_dagrun for weekly_grocery_pipeline to 2026-09-06 00:00:00+00:00, run_after=2026-09-13 00:00:00+00:00
[2026-09-10T10:43:16.114+0000] {processor.py:183} INFO - Processing /opt/airflow/dags/weekly_grocery_pipeline.py took 0.075 seconds
[2026-09-10T10:43:46.321+0000] {processor.py:161} INFO - Started process (PID=2331) to work on /opt/airflow/dags/weekly_grocery_pipeline.py
[2026-09-10T10:43:46.322+0000] {processor.py:830} INFO - Processing file /opt/airflow/dags/weekly_grocery_pipeline.py for tasks to queue
[2026-09-10T10:43:46.323+0000] {logging_mixin.py:188} INFO - [2026-09-10T10:43:46.323+0000] {dagbag.py:538} INFO - Filling up the DagBag from /opt/airflow/dags/weekly_grocery_pipeline.py
[2026-09-10T10:43:46.340+0000] {processor.py:840} INFO - DAG(s) 'weekly_grocery_pipeline' retrieved from /opt/airflow/dags/weekly_grocery_pipeline.py
[2026-09-10T10:43:46.361+0000] {logging_mixin.py:188} INFO - [2026-09-10T10:43:46.361+0000] {dag.py:3036} INFO - Sync 1 DAGs
[2026-09-10T10:43:46.373+0000] {logging_mixin.py:188} INFO - [2026-09-10T10:43:46.373+0000] {dag.py:3823} INFO - Setting next_dagrun for weekly_grocery_pipeline to 2026-09-06 00:00:00+00:00, run_after=2026-09-13 00:00:00+00:00
[2026-09-10T10:43:46.380+0000] {processor.py:183} INFO - Processing /opt/airflow/dags/weekly_grocery_pipeline.py took 0.064 seconds
[2026-09-10T10:44:16.580+0000] {processor.py:161} INFO - Started process (PID=2336) to work on /opt/airflow/dags/weekly_grocery_pipeline.py
[2026-09-10T10:44:16.581+0000] {processor.py:830} INFO - Processing file /opt/airflow/dags/weekly_grocery_pipeline.py for tasks to queue
[2026-09-10T10:44:16.582+0000] {logging_mixin.py:188} INFO - [2026-09-10T10:44:16.582+0000] {dagbag.py:538} INFO - Filling up the DagBag from /opt/airflow/dags/weekly_grocery_pipeline.py
[2026-09-10T10:44:16.594+0000] {processor.py:840} INFO - DAG(s) 'weekly_grocery_pipeline' retrieved from /opt/airflow/dags/weekly_grocery_pipeline.py
[2026-09-10T10:44:16.614+0000] {logging_mixin.py:188} INFO - [2026-09-10T10:44:16.614+0000] {dag.py:3036} INFO - Sync 1 DAGs
[2026-09-10T10:44:16.625+0000] {logging_mixin.py:188} INFO - [2026-09-10T10:44:16.625+0000] {dag.py:3823} INFO - Setting next_dagrun for weekly_grocery_pipeline to 2026-09-06 00:00:00+00:00, run_after=2026-09-13 00:00:00+00:00
[2026-09-10T10:44:16.632+0000] {processor.py:183} INFO - Processing /opt/airflow/dags/weekly_grocery_pipeline.py took 0.055 seconds
[2026-09-10T10:44:46.868+0000] {processor.py:161} INFO - Started process (PID=2341) to work on /opt/airflow/dags/weekly_grocery_pipeline.py
[2026-09-10T10:44:46.868+0000] {processor.py:830} INFO - Processing file /opt/airflow/dags/weekly_grocery_pipeline.py for tasks to queue
[2026-09-10T10:44:46.869+0000] {logging_mixin.py:188} INFO - [2026-09-10T10:44:46.869+0000] {dagbag.py:538} INFO - Filling up the DagBag from /opt/airflow/dags/weekly_grocery_pipeline.py
[2026-09-10T10:44:46.880+0000] {processor.py:840} INFO - DAG(s) 'weekly_grocery_pipeline' retrieved from /opt/airflow/dags/weekly_grocery_pipeline.py
[2026-09-10T10:44:46.898+0000] {logging_mixin.py:188} INFO - [2026-09-10T10:44:46.897+0000] {dag.py:3036} INFO - Sync 1 DAGs
[2026-09-10T10:44:46.908+0000] {logging_mixin.py:188} INFO - [2026-09-10T10:44:46.908+0000] {dag.py:3823} INFO - Setting next_dagrun for weekly_grocery_pipeline to 2026-09-06 00:00:00+00:00, run_after=2026-09-13 00:00:00+00:00
[2026-09-10T10:44:46.914+0000] {processor.py:183} INFO - Processing /opt/airflow/dags/weekly_grocery_pipeline.py took 0.049 seconds
[2026-09-10T10:45:17.159+0000] {processor.py:161} INFO - Started process (PID=2346) to work on /opt/airflow/dags/weekly_grocery_pipeline.py
[2026-09-10T10:45:17.162+0000] {processor.py:830} INFO - Processing file /opt/airflow/dags/weekly_grocery_pipeline.py for tasks to queue
[2026-09-10T10:45:17.163+0000] {logging_mixin.py:188} INFO - [2026-09-10T10:45:17.162+0000] {dagbag.py:538} INFO - Filling up the DagBag from /opt/airflow/dags/weekly_grocery_pipeline.py
[2026-09-10T10:45:17.172+0000] {processor.py:840} INFO - DAG(s) 'weekly_grocery_pipeline' retrieved from /opt/airflow/dags/weekly_grocery_pipeline.py
[2026-09-10T10:45:17.187+0000] {logging_mixin.py:188} INFO - [2026-09-10T10:45:17.187+0000] {dag.py:3036} INFO - Sync 1 DAGs
[2026-09-10T10:45:17.198+0000] {logging_mixin.py:188} INFO - [2026-09-10T10:45:17.198+0000] {dag.py:3823} INFO - Setting next_dagrun for weekly_grocery_pipeline to 2026-09-06 00:00:00+00:00, run_after=2026-09-13 00:00:00+00:00
[2026-09-10T10:45:17.204+0000] {processor.py:183} INFO - Processing /opt/airflow/dags/weekly_grocery_pipeline.py took 0.048 seconds
[2026-09-10T10:45:47.422+0000] {processor.py:161} INFO - Started process (PID=2351) to work on /opt/airflow/dags/weekly_grocery_pipeline.py
[2026-09-10T10:45:47.423+0000] {processor.py:830} INFO - Processing file /opt/airflow/dags/weekly_grocery_pipeline.py for tasks to queue
[2026-09-10T10:45:47.424+0000] {logging_mixin.py:188} INFO - [2026-09-10T10:45:47.424+0000] {dagbag.py:538} INFO - Filling up the DagBag from /opt/airflow/dags/weekly_grocery_pipeline.py
[2026-09-10T10:45:47.438+0000] {processor.py:840} INFO - DAG(s) 'weekly_grocery_pipeline' retrieved from /opt/airflow/dags/weekly_grocery_pipeline.py
[2026-09-10T10:45:47.469+0000] {logging_mixin.py:188} INFO - [2026-09-10T10:45:47.469+0000] {dag.py:3036} INFO - Sync 1 DAGs
[2026-09-10T10:45:47.491+0000] {logging_mixin.py:188} INFO - [2026-09-10T10:45:47.491+0000] {dag.py:3823} INFO - Setting next_dagrun for weekly_grocery_pipeline to 2026-09-06 00:00:00+00:00, run_after=2026-09-13 00:00:00+00:00
[2026-09-10T10:45:47.510+0000] {processor.py:183} INFO - Processing /opt/airflow/dags/weekly_grocery_pipeline.py took 0.092 seconds
[2026-09-10T10:46:17.698+0000] {processor.py:161} INFO - Started process (PID=2356) to work on /opt/airflow/dags/weekly_grocery_pipeline.py
[2026-09-10T10:46:17.700+0000] {processor.py:830} INFO - Processing file /opt/airflow/dags/weekly_grocery_pipeline.py for tasks to queue
[2026-09-10T10:46:17.701+0000] {logging_mixin.py:188} INFO - [2026-09-10T10:46:17.700+0000] {dagbag.py:538} INFO - Filling up the DagBag from /opt/airflow/dags/weekly_grocery_pipeline.py
[2026-09-10T10:46:17.717+0000] {processor.py:840} INFO - DAG(s) 'weekly_grocery_pipeline' retrieved from /opt/airflow/dags/weekly_grocery_pipeline.py
[2026-09-10T10:46:17.739+0000] {logging_mixin.py:188} INFO - [2026-09-10T10:46:17.739+0000] {dag.py:3036} INFO - Sync 1 DAGs
[2026-09-10T10:46:17.751+0000] {logging_mixin.py:188} INFO - [2026-09-10T10:46:17.751+0000] {dag.py:3823} INFO - Setting next_dagrun for weekly_grocery_pipeline to 2026-09-06 00:00:00+00:00, run_after=2026-09-13 00:00:00+00:00
[2026-09-10T10:46:17.761+0000] {processor.py:183} INFO - Processing /opt/airflow/dags/weekly_grocery_pipeline.py took 0.067 seconds
[2026-09-10T10:46:48.035+0000] {processor.py:161} INFO - Started process (PID=2361) to work on /opt/airflow/dags/weekly_grocery_pipeline.py
[2026-09-10T10:46:48.036+0000] {processor.py:830} INFO - Processing file /opt/airflow/dags/weekly_grocery_pipeline.py for tasks to queue
[2026-09-10T10:46:48.036+0000] {logging_mixin.py:188} INFO - [2026-09-10T10:46:48.036+0000] {dagbag.py:538} INFO - Filling up the DagBag from /opt/airflow/dags/weekly_grocery_pipeline.py
[2026-09-10T10:46:48.049+0000] {processor.py:840} INFO - DAG(s) 'weekly_grocery_pipeline' retrieved from /opt/airflow/dags/weekly_grocery_pipeline.py
[2026-09-10T10:46:48.069+0000] {logging_mixin.py:188} INFO - [2026-09-10T10:46:48.069+0000] {dag.py:3036} INFO - Sync 1 DAGs
[2026-09-10T10:46:48.079+0000] {logging_mixin.py:188} INFO - [2026-09-10T10:46:48.079+0000] {dag.py:3823} INFO - Setting next_dagrun for weekly_grocery_pipeline to 2026-09-06 00:00:00+00:00, run_after=2026-09-13 00:00:00+00:00
[2026-09-10T10:46:48.086+0000] {processor.py:183} INFO - Processing /opt/airflow/dags/weekly_grocery_pipeline.py took 0.055 seconds
[2026-09-10T10:47:18.354+0000] {processor.py:161} INFO - Started process (PID=2366) to work on /opt/airflow/dags/weekly_grocery_pipeline.py
[2026-09-10T10:47:18.355+0000] {processor.py:830} INFO - Processing file /opt/airflow/dags/weekly_grocery_pipeline.py for tasks to queue
[2026-09-10T10:47:18.356+0000] {logging_mixin.py:188} INFO - [2026-09-10T10:47:18.356+0000] {dagbag.py:538} INFO - Filling up the DagBag from /opt/airflow/dags/weekly_grocery_pipeline.py
[2026-09-10T10:47:18.367+0000] {processor.py:840} INFO - DAG(s) 'weekly_grocery_pipeline' retrieved from /opt/airflow/dags/weekly_grocery_pipeline.py
[2026-09-10T10:47:18.386+0000] {logging_mixin.py:188} INFO - [2026-09-10T10:47:18.386+0000] {dag.py:3036} INFO - Sync 1 DAGs
[2026-09-10T10:47:18.397+0000] {logging_mixin.py:188} INFO - [2026-09-10T10:47:18.396+0000] {dag.py:3823} INFO - Setting next_dagrun for weekly_grocery_pipeline to 2026-09-06 00:00:00+00:00, run_after=2026-09-13 00:00:00+00:00
[2026-09-10T10:47:18.403+0000] {processor.py:183} INFO - Processing /opt/airflow/dags/weekly_grocery_pipeline.py took 0.052 seconds
[2026-09-10T10:47:48.684+0000] {processor.py:161} INFO - Started process (PID=2371) to work on /opt/airflow/dags/weekly_grocery_pipeline.py
[2026-09-10T10:47:48.685+0000] {processor.py:830} INFO - Processing file /opt/airflow/dags/weekly_grocery_pipeline.py for tasks to queue
[2026-09-10T10:47:48.685+0000] {logging_mixin.py:188} INFO - [2026-09-10T10:47:48.685+0000] {dagbag.py:538} INFO - Filling up the DagBag from /opt/airflow/dags/weekly_grocery_pipeline.py
[2026-09-10T10:47:48.697+0000] {processor.py:840} INFO - DAG(s) 'weekly_grocery_pipeline' retrieved from /opt/airflow/dags/weekly_grocery_pipeline.py
[2026-09-10T10:47:48.715+0000] {logging_mixin.py:188} INFO - [2026-09-10T10:47:48.715+0000] {dag.py:3036} INFO - Sync 1 DAGs
[2026-09-10T10:47:48.725+0000] {logging_mixin.py:188} INFO - [2026-09-10T10:47:48.725+0000] {dag.py:3823} INFO - Setting next_dagrun for weekly_grocery_pipeline to 2026-09-06 00:00:00+00:00, run_after=2026-09-13 00:00:00+00:00
[2026-09-10T10:47:48.732+0000] {processor.py:183} INFO - Processing /opt/airflow/dags/weekly_grocery_pipeline.py took 0.051 seconds
[2026-09-10T10:48:18.972+0000] {processor.py:161} INFO - Started process (PID=2376) to work on /opt/airflow/dags/weekly_grocery_pipeline.py
[2026-09-10T10:48:18.973+0000] {processor.py:830} INFO - Processing file /opt/airflow/dags/weekly_grocery_pipeline.py for tasks to queue
[2026-09-10T10:48:18.974+0000] {logging_mixin.py:188} INFO - [2026-09-10T10:48:18.973+0000] {dagbag.py:538} INFO - Filling up the DagBag from /opt/airflow/dags/weekly_grocery_pipeline.py
[2026-09-10T10:48:18.986+0000] {processor.py:840} INFO - DAG(s) 'weekly_grocery_pipeline' retrieved from /opt/airflow/dags/weekly_grocery_pipeline.py
[2026-09-10T10:48:19.005+0000] {logging_mixin.py:188} INFO - [2026-09-10T10:48:19.005+0000] {dag.py:3036} INFO - Sync 1 DAGs
[2026-09-10T10:48:19.016+0000] {logging_mixin.py:188} INFO - [2026-09-10T10:48:19.016+0000] {dag.py:3823} INFO - Setting next_dagrun for weekly_grocery_pipeline to 2026-09-06 00:00:00+00:00, run_after=2026-09-13 00:00:00+00:00
[2026-09-10T10:48:19.022+0000] {processor.py:183} INFO - Processing /opt/airflow/dags/weekly_grocery_pipeline.py took 0.054 seconds
[2026-09-10T10:48:49.214+0000] {processor.py:161} INFO - Started process (PID=2381) to work on /opt/airflow/dags/weekly_grocery_pipeline.py
[2026-09-10T10:48:49.215+0000] {processor.py:830} INFO - Processing file /opt/airflow/dags/weekly_grocery_pipeline.py for tasks to queue
[2026-09-10T10:48:49.216+0000] {logging_mixin.py:188} INFO - [2026-09-10T10:48:49.215+0000] {dagbag.py:538} INFO - Filling up the DagBag from /opt/airflow/dags/weekly_grocery_pipeline.py
[2026-09-10T10:48:49.225+0000] {processor.py:840} INFO - DAG(s) 'weekly_grocery_pipeline' retrieved from /opt/airflow/dags/weekly_grocery_pipeline.py
[2026-09-10T10:48:49.240+0000] {logging_mixin.py:188} INFO - [2026-09-10T10:48:49.240+0000] {dag.py:3036} INFO - Sync 1 DAGs
[2026-09-10T10:48:49.250+0000] {logging_mixin.py:188} INFO - [2026-09-10T10:48:49.250+0000] {dag.py:3823} INFO - Setting next_dagrun for weekly_grocery_pipeline to 2026-09-06 00:00:00+00:00, run_after=2026-09-13 00:00:00+00:00
[2026-09-10T10:48:49.256+0000] {processor.py:183} INFO - Processing /opt/airflow/dags/weekly_grocery_pipeline.py took 0.045 seconds
[2026-09-10T11:13:14.020+0000] {processor.py:161} INFO - Started process (PID=2388) to work on /opt/airflow/dags/weekly_grocery_pipeline.py
[2026-09-10T11:13:14.021+0000] {processor.py:830} INFO - Processing file /opt/airflow/dags/weekly_grocery_pipeline.py for tasks to queue
[2026-09-10T11:13:14.022+0000] {logging_mixin.py:188} INFO - [2026-09-10T11:13:14.022+0000] {dagbag.py:538} INFO - Filling up the DagBag from /opt/airflow/dags/weekly_grocery_pipeline.py
[2026-09-10T11:13:14.038+0000] {processor.py:840} INFO - DAG(s) 'weekly_grocery_pipeline' retrieved from /opt/airflow/dags/weekly_grocery_pipeline.py
[2026-09-10T11:13:14.068+0000] {logging_mixin.py:188} INFO - [2026-09-10T11:13:14.068+0000] {dag.py:3036} INFO - Sync 1 DAGs
[2026-09-10T11:13:14.086+0000] {logging_mixin.py:188} INFO - [2026-09-10T11:13:14.086+0000] {dag.py:3823} INFO - Setting next_dagrun for weekly_grocery_pipeline to 2026-09-06 00:00:00+00:00, run_after=2026-09-13 00:00:00+00:00
[2026-09-10T11:13:14.101+0000] {processor.py:183} INFO - Processing /opt/airflow/dags/weekly_grocery_pipeline.py took 0.084 seconds
[2026-09-10T11:13:44.310+0000] {processor.py:161} INFO - Started process (PID=2393) to work on /opt/airflow/dags/weekly_grocery_pipeline.py
[2026-09-10T11:13:44.311+0000] {processor.py:830} INFO - Processing file /opt/airflow/dags/weekly_grocery_pipeline.py for tasks to queue
[2026-09-10T11:13:44.312+0000] {logging_mixin.py:188} INFO - [2026-09-10T11:13:44.312+0000] {dagbag.py:538} INFO - Filling up the DagBag from /opt/airflow/dags/weekly_grocery_pipeline.py
[2026-09-10T11:13:44.325+0000] {processor.py:840} INFO - DAG(s) 'weekly_grocery_pipeline' retrieved from /opt/airflow/dags/weekly_grocery_pipeline.py
[2026-09-10T11:13:44.344+0000] {logging_mixin.py:188} INFO - [2026-09-10T11:13:44.344+0000] {dag.py:3036} INFO - Sync 1 DAGs
[2026-09-10T11:13:44.355+0000] {logging_mixin.py:188} INFO - [2026-09-10T11:13:44.355+0000] {dag.py:3823} INFO - Setting next_dagrun for weekly_grocery_pipeline to 2026-09-06 00:00:00+00:00, run_after=2026-09-13 00:00:00+00:00
[2026-09-10T11:13:44.361+0000] {processor.py:183} INFO - Processing /opt/airflow/dags/weekly_grocery_pipeline.py took 0.056 seconds
[2026-09-10T11:14:14.671+0000] {processor.py:161} INFO - Started process (PID=2398) to work on /opt/airflow/dags/weekly_grocery_pipeline.py
[2026-09-10T11:14:14.672+0000] {processor.py:830} INFO - Processing file /opt/airflow/dags/weekly_grocery_pipeline.py for tasks to queue
[2026-09-10T11:14:14.673+0000] {logging_mixin.py:188} INFO - [2026-09-10T11:14:14.673+0000] {dagbag.py:538} INFO - Filling up the DagBag from /opt/airflow/dags/weekly_grocery_pipeline.py
[2026-09-10T11:14:14.684+0000] {processor.py:840} INFO - DAG(s) 'weekly_grocery_pipeline' retrieved from /opt/airflow/dags/weekly_grocery_pipeline.py
[2026-09-10T11:14:14.703+0000] {logging_mixin.py:188} INFO - [2026-09-10T11:14:14.703+0000] {dag.py:3036} INFO - Sync 1 DAGs
[2026-09-10T11:14:14.713+0000] {logging_mixin.py:188} INFO - [2026-09-10T11:14:14.713+0000] {dag.py:3823} INFO - Setting next_dagrun for weekly_grocery_pipeline to 2026-09-06 00:00:00+00:00, run_after=2026-09-13 00:00:00+00:00
[2026-09-10T11:14:14.720+0000] {processor.py:183} INFO - Processing /opt/airflow/dags/weekly_grocery_pipeline.py took 0.052 seconds
[2026-09-10T11:14:44.984+0000] {processor.py:161} INFO - Started process (PID=2403) to work on /opt/airflow/dags/weekly_grocery_pipeline.py
[2026-09-10T11:14:44.985+0000] {processor.py:830} INFO - Processing file /opt/airflow/dags/weekly_grocery_pipeline.py for tasks to queue
[2026-09-10T11:14:44.985+0000] {logging_mixin.py:188} INFO - [2026-09-10T11:14:44.985+0000] {dagbag.py:538} INFO - Filling up the DagBag from /opt/airflow/dags/weekly_grocery_pipeline.py
[2026-09-10T11:14:44.998+0000] {processor.py:840} INFO - DAG(s) 'weekly_grocery_pipeline' retrieved from /opt/airflow/dags/weekly_grocery_pipeline.py
[2026-09-10T11:14:45.017+0000] {logging_mixin.py:188} INFO - [2026-09-10T11:14:45.017+0000] {dag.py:3036} INFO - Sync 1 DAGs
[2026-09-10T11:14:45.028+0000] {logging_mixin.py:188} INFO - [2026-09-10T11:14:45.028+0000] {dag.py:3823} INFO - Setting next_dagrun for weekly_grocery_pipeline to 2026-09-06 00:00:00+00:00, run_after=2026-09-13 00:00:00+00:00
[2026-09-10T11:14:45.035+0000] {processor.py:183} INFO - Processing /opt/airflow/dags/weekly_grocery_pipeline.py took 0.055 seconds
[2026-09-10T11:15:15.287+0000] {processor.py:161} INFO - Started process (PID=2408) to work on /opt/airflow/dags/weekly_grocery_pipeline.py
[2026-09-10T11:15:15.288+0000] {processor.py:830} INFO - Processing file /opt/airflow/dags/weekly_grocery_pipeline.py for tasks to queue
[2026-09-10T11:15:15.289+0000] {logging_mixin.py:188} INFO - [2026-09-10T11:15:15.289+0000] {dagbag.py:538} INFO - Filling up the DagBag from /opt/airflow/dags/weekly_grocery_pipeline.py
[2026-09-10T11:15:15.300+0000] {processor.py:840} INFO - DAG(s) 'weekly_grocery_pipeline' retrieved from /opt/airflow/dags/weekly_grocery_pipeline.py
[2026-09-10T11:15:15.316+0000] {logging_mixin.py:188} INFO - [2026-09-10T11:15:15.316+0000] {dag.py:3036} INFO - Sync 1 DAGs
[2026-09-10T11:15:15.326+0000] {logging_mixin.py:188} INFO - [2026-09-10T11:15:15.326+0000] {dag.py:3823} INFO - Setting next_dagrun for weekly_grocery_pipeline to 2026-09-06 00:00:00+00:00, run_after=2026-09-13 00:00:00+00:00
[2026-09-10T11:15:15.333+0000] {processor.py:183} INFO - Processing /opt/airflow/dags/weekly_grocery_pipeline.py took 0.049 seconds
[2026-09-10T11:24:29.732+0000] {processor.py:161} INFO - Started process (PID=2415) to work on /opt/airflow/dags/weekly_grocery_pipeline.py
[2026-09-10T11:24:29.732+0000] {processor.py:830} INFO - Processing file /opt/airflow/dags/weekly_grocery_pipeline.py for tasks to queue
[2026-09-10T11:24:29.733+0000] {logging_mixin.py:188} INFO - [2026-09-10T11:24:29.733+0000] {dagbag.py:538} INFO - Filling up the DagBag from /opt/airflow/dags/weekly_grocery_pipeline.py
[2026-09-10T11:24:29.752+0000] {processor.py:840} INFO - DAG(s) 'weekly_grocery_pipeline' retrieved from /opt/airflow/dags/weekly_grocery_pipeline.py
[2026-09-10T11:24:29.777+0000] {logging_mixin.py:188} INFO - [2026-09-10T11:24:29.777+0000] {dag.py:3036} INFO - Sync 1 DAGs
[2026-09-10T11:24:29.792+0000] {logging_mixin.py:188} INFO - [2026-09-10T11:24:29.791+0000] {dag.py:3823} INFO - Setting next_dagrun for weekly_grocery_pipeline to 2026-09-06 00:00:00+00:00, run_after=2026-09-13 00:00:00+00:00
[2026-09-10T11:24:29.805+0000] {processor.py:183} INFO - Processing /opt/airflow/dags/weekly_grocery_pipeline.py took 0.079 seconds
[2026-09-10T11:25:00.054+0000] {processor.py:161} INFO - Started process (PID=2420) to work on /opt/airflow/dags/weekly_grocery_pipeline.py
[2026-09-10T11:25:00.055+0000] {processor.py:830} INFO - Processing file /opt/airflow/dags/weekly_grocery_pipeline.py for tasks to queue
[2026-09-10T11:25:00.056+0000] {logging_mixin.py:188} INFO - [2026-09-10T11:25:00.056+0000] {dagbag.py:538} INFO - Filling up the DagBag from /opt/airflow/dags/weekly_grocery_pipeline.py
[2026-09-10T11:25:00.071+0000] {processor.py:840} INFO - DAG(s) 'weekly_grocery_pipeline' retrieved from /opt/airflow/dags/weekly_grocery_pipeline.py
[2026-09-10T11:25:00.089+0000] {logging_mixin.py:188} INFO - [2026-09-10T11:25:00.089+0000] {dag.py:3036} INFO - Sync 1 DAGs
[2026-09-10T11:25:00.100+0000] {logging_mixin.py:188} INFO - [2026-09-10T11:25:00.100+0000] {dag.py:3823} INFO - Setting next_dagrun for weekly_grocery_pipeline to 2026-09-06 00:00:00+00:00, run_after=2026-09-13 00:00:00+00:00
[2026-09-10T11:25:00.106+0000] {processor.py:183} INFO - Processing /opt/airflow/dags/weekly_grocery_pipeline.py took 0.058 seconds
[2026-09-10T11:25:30.356+0000] {processor.py:161} INFO - Started process (PID=2425) to work on /opt/airflow/dags/weekly_grocery_pipeline.py
[2026-09-10T11:25:30.357+0000] {processor.py:830} INFO - Processing file /opt/airflow/dags/weekly_grocery_pipeline.py for tasks to queue
[2026-09-10T11:25:30.358+0000] {logging_mixin.py:188} INFO - [2026-09-10T11:25:30.357+0000] {dagbag.py:538} INFO - Filling up the DagBag from /opt/airflow/dags/weekly_grocery_pipeline.py
[2026-09-10T11:25:30.370+0000] {processor.py:840} INFO - DAG(s) 'weekly_grocery_pipeline' retrieved from /opt/airflow/dags/weekly_grocery_pipeline.py
[2026-09-10T11:25:30.389+0000] {logging_mixin.py:188} INFO - [2026-09-10T11:25:30.389+0000] {dag.py:3036} INFO - Sync 1 DAGs
[2026-09-10T11:25:30.403+0000] {logging_mixin.py:188} INFO - [2026-09-10T11:25:30.403+0000] {dag.py:3823} INFO - Setting next_dagrun for weekly_grocery_pipeline to 2026-09-06 00:00:00+00:00, run_after=2026-09-13 00:00:00+00:00
[2026-09-10T11:25:30.411+0000] {processor.py:183} INFO - Processing /opt/airflow/dags/weekly_grocery_pipeline.py took 0.058 seconds
[2026-09-10T11:26:00.673+0000] {processor.py:161} INFO - Started process (PID=2430) to work on /opt/airflow/dags/weekly_grocery_pipeline.py
[2026-09-10T11:26:00.674+0000] {processor.py:830} INFO - Processing file /opt/airflow/dags/weekly_grocery_pipeline.py for tasks to queue
[2026-09-10T11:26:00.676+0000] {logging_mixin.py:188} INFO - [2026-09-10T11:26:00.675+0000] {dagbag.py:538} INFO - Filling up the DagBag from /opt/airflow/dags/weekly_grocery_pipeline.py
[2026-09-10T11:26:00.690+0000] {processor.py:840} INFO - DAG(s) 'weekly_grocery_pipeline' retrieved from /opt/airflow/dags/weekly_grocery_pipeline.py
[2026-09-10T11:26:00.710+0000] {logging_mixin.py:188} INFO - [2026-09-10T11:26:00.710+0000] {dag.py:3036} INFO - Sync 1 DAGs
[2026-09-10T11:26:00.721+0000] {logging_mixin.py:188} INFO - [2026-09-10T11:26:00.721+0000] {dag.py:3823} INFO - Setting next_dagrun for weekly_grocery_pipeline to 2026-09-06 00:00:00+00:00, run_after=2026-09-13 00:00:00+00:00
[2026-09-10T11:26:00.728+0000] {processor.py:183} INFO - Processing /opt/airflow/dags/weekly_grocery_pipeline.py took 0.060 seconds
[2026-09-10T11:26:30.909+0000] {processor.py:161} INFO - Started process (PID=2435) to work on /opt/airflow/dags/weekly_grocery_pipeline.py
[2026-09-10T11:26:30.911+0000] {processor.py:830} INFO - Processing file /opt/airflow/dags/weekly_grocery_pipeline.py for tasks to queue
[2026-09-10T11:26:30.912+0000] {logging_mixin.py:188} INFO - [2026-09-10T11:26:30.911+0000] {dagbag.py:538} INFO - Filling up the DagBag from /opt/airflow/dags/weekly_grocery_pipeline.py
[2026-09-10T11:26:30.930+0000] {processor.py:840} INFO - DAG(s) 'weekly_grocery_pipeline' retrieved from /opt/airflow/dags/weekly_grocery_pipeline.py
[2026-09-10T11:26:30.955+0000] {logging_mixin.py:188} INFO - [2026-09-10T11:26:30.955+0000] {dag.py:3036} INFO - Sync 1 DAGs
[2026-09-10T11:26:30.968+0000] {logging_mixin.py:188} INFO - [2026-09-10T11:26:30.968+0000] {dag.py:3823} INFO - Setting next_dagrun for weekly_grocery_pipeline to 2026-09-06 00:00:00+00:00, run_after=2026-09-13 00:00:00+00:00
[2026-09-10T11:26:30.975+0000] {processor.py:183} INFO - Processing /opt/airflow/dags/weekly_grocery_pipeline.py took 0.073 seconds
[2026-09-10T11:27:01.199+0000] {processor.py:161} INFO - Started process (PID=2440) to work on /opt/airflow/dags/weekly_grocery_pipeline.py
[2026-09-10T11:27:01.200+0000] {processor.py:830} INFO - Processing file /opt/airflow/dags/weekly_grocery_pipeline.py for tasks to queue
[2026-09-10T11:27:01.201+0000] {logging_mixin.py:188} INFO - [2026-09-10T11:27:01.201+0000] {dagbag.py:538} INFO - Filling up the DagBag from /opt/airflow/dags/weekly_grocery_pipeline.py
[2026-09-10T11:27:01.216+0000] {processor.py:840} INFO - DAG(s) 'weekly_grocery_pipeline' retrieved from /opt/airflow/dags/weekly_grocery_pipeline.py
[2026-09-10T11:27:01.238+0000] {logging_mixin.py:188} INFO - [2026-09-10T11:27:01.237+0000] {dag.py:3036} INFO - Sync 1 DAGs
[2026-09-10T11:27:01.249+0000] {logging_mixin.py:188} INFO - [2026-09-10T11:27:01.249+0000] {dag.py:3823} INFO - Setting next_dagrun for weekly_grocery_pipeline to 2026-09-06 00:00:00+00:00, run_after=2026-09-13 00:00:00+00:00
[2026-09-10T11:27:01.256+0000] {processor.py:183} INFO - Processing /opt/airflow/dags/weekly_grocery_pipeline.py took 0.062 seconds
[2026-09-10T11:27:31.449+0000] {processor.py:161} INFO - Started process (PID=2445) to work on /opt/airflow/dags/weekly_grocery_pipeline.py
[2026-09-10T11:27:31.450+0000] {processor.py:830} INFO - Processing file /opt/airflow/dags/weekly_grocery_pipeline.py for tasks to queue
[2026-09-10T11:27:31.450+0000] {logging_mixin.py:188} INFO - [2026-09-10T11:27:31.450+0000] {dagbag.py:538} INFO - Filling up the DagBag from /opt/airflow/dags/weekly_grocery_pipeline.py
[2026-09-10T11:27:31.461+0000] {processor.py:840} INFO - DAG(s) 'weekly_grocery_pipeline' retrieved from /opt/airflow/dags/weekly_grocery_pipeline.py
[2026-09-10T11:27:31.478+0000] {logging_mixin.py:188} INFO - [2026-09-10T11:27:31.478+0000] {dag.py:3036} INFO - Sync 1 DAGs
[2026-09-10T11:27:31.489+0000] {logging_mixin.py:188} INFO - [2026-09-10T11:27:31.489+0000] {dag.py:3823} INFO - Setting next_dagrun for weekly_grocery_pipeline to 2026-09-06 00:00:00+00:00, run_after=2026-09-13 00:00:00+00:00
[2026-09-10T11:27:31.496+0000] {processor.py:183} INFO - Processing /opt/airflow/dags/weekly_grocery_pipeline.py took 0.051 seconds
[2026-09-10T11:28:01.686+0000] {processor.py:161} INFO - Started process (PID=2450) to work on /opt/airflow/dags/weekly_grocery_pipeline.py
[2026-09-10T11:28:01.687+0000] {processor.py:830} INFO - Processing file /opt/airflow/dags/weekly_grocery_pipeline.py for tasks to queue
[2026-09-10T11:28:01.688+0000] {logging_mixin.py:188} INFO - [2026-09-10T11:28:01.688+0000] {dagbag.py:538} INFO - Filling up the DagBag from /opt/airflow/dags/weekly_grocery_pipeline.py
[2026-09-10T11:28:01.703+0000] {processor.py:840} INFO - DAG(s) 'weekly_grocery_pipeline' retrieved from /opt/airflow/dags/weekly_grocery_pipeline.py
[2026-09-10T11:28:01.723+0000] {logging_mixin.py:188} INFO - [2026-09-10T11:28:01.723+0000] {dag.py:3036} INFO - Sync 1 DAGs
[2026-09-10T11:28:01.735+0000] {logging_mixin.py:188} INFO - [2026-09-10T11:28:01.735+0000] {dag.py:3823} INFO - Setting next_dagrun for weekly_grocery_pipeline to 2026-09-06 00:00:00+00:00, run_after=2026-09-13 00:00:00+00:00
[2026-09-10T11:28:01.742+0000] {processor.py:183} INFO - Processing /opt/airflow/dags/weekly_grocery_pipeline.py took 0.060 seconds
[2026-09-10T11:28:31.960+0000] {processor.py:161} INFO - Started process (PID=2455) to work on /opt/airflow/dags/weekly_grocery_pipeline.py
[2026-09-10T11:28:31.962+0000] {processor.py:830} INFO - Processing file /opt/airflow/dags/weekly_grocery_pipeline.py for tasks to queue
[2026-09-10T11:28:31.963+0000] {logging_mixin.py:188} INFO - [2026-09-10T11:28:31.962+0000] {dagbag.py:538} INFO - Filling up the DagBag from /opt/airflow/dags/weekly_grocery_pipeline.py
[2026-09-10T11:28:31.977+0000] {processor.py:840} INFO - DAG(s) 'weekly_grocery_pipeline' retrieved from /opt/airflow/dags/weekly_grocery_pipeline.py
[2026-09-10T11:28:31.999+0000] {logging_mixin.py:188} INFO - [2026-09-10T11:28:31.999+0000] {dag.py:3036} INFO - Sync 1 DAGs
[2026-09-10T11:28:32.010+0000] {logging_mixin.py:188} INFO - [2026-09-10T11:28:32.010+0000] {dag.py:3823} INFO - Setting next_dagrun for weekly_grocery_pipeline to 2026-09-06 00:00:00+00:00, run_after=2026-09-13 00:00:00+00:00
[2026-09-10T11:28:32.017+0000] {processor.py:183} INFO - Processing /opt/airflow/dags/weekly_grocery_pipeline.py took 0.061 seconds
[2026-09-10T11:29:02.225+0000] {processor.py:161} INFO - Started process (PID=2460) to work on /opt/airflow/dags/weekly_grocery_pipeline.py
[2026-09-10T11:29:02.226+0000] {processor.py:830} INFO - Processing file /opt/airflow/dags/weekly_grocery_pipeline.py for tasks to queue
[2026-09-10T11:29:02.227+0000] {logging_mixin.py:188} INFO - [2026-09-10T11:29:02.227+0000] {dagbag.py:538} INFO - Filling up the DagBag from /opt/airflow/dags/weekly_grocery_pipeline.py
[2026-09-10T11:29:02.240+0000] {processor.py:840} INFO - DAG(s) 'weekly_grocery_pipeline' retrieved from /opt/airflow/dags/weekly_grocery_pipeline.py
[2026-09-10T11:29:02.261+0000] {logging_mixin.py:188} INFO - [2026-09-10T11:29:02.261+0000] {dag.py:3036} INFO - Sync 1 DAGs
[2026-09-10T11:29:02.272+0000] {logging_mixin.py:188} INFO - [2026-09-10T11:29:02.272+0000] {dag.py:3823} INFO - Setting next_dagrun for weekly_grocery_pipeline to 2026-09-06 00:00:00+00:00, run_after=2026-09-13 00:00:00+00:00
[2026-09-10T11:29:02.279+0000] {processor.py:183} INFO - Processing /opt/airflow/dags/weekly_grocery_pipeline.py took 0.057 seconds
[2026-09-10T11:29:32.503+0000] {processor.py:161} INFO - Started process (PID=2465) to work on /opt/airflow/dags/weekly_grocery_pipeline.py
[2026-09-10T11:29:32.504+0000] {processor.py:830} INFO - Processing file /opt/airflow/dags/weekly_grocery_pipeline.py for tasks to queue
[2026-09-10T11:29:32.505+0000] {logging_mixin.py:188} INFO - [2026-09-10T11:29:32.505+0000] {dagbag.py:538} INFO - Filling up the DagBag from /opt/airflow/dags/weekly_grocery_pipeline.py
[2026-09-10T11:29:32.522+0000] {processor.py:840} INFO - DAG(s) 'weekly_grocery_pipeline' retrieved from /opt/airflow/dags/weekly_grocery_pipeline.py
[2026-09-10T11:29:32.544+0000] {logging_mixin.py:188} INFO - [2026-09-10T11:29:32.544+0000] {dag.py:3036} INFO - Sync 1 DAGs
[2026-09-10T11:29:32.555+0000] {logging_mixin.py:188} INFO - [2026-09-10T11:29:32.555+0000] {dag.py:3823} INFO - Setting next_dagrun for weekly_grocery_pipeline to 2026-09-06 00:00:00+00:00, run_after=2026-09-13 00:00:00+00:00
[2026-09-10T11:29:32.565+0000] {processor.py:183} INFO - Processing /opt/airflow/dags/weekly_grocery_pipeline.py took 0.067 seconds
[2026-09-10T11:30:02.793+0000] {processor.py:161} INFO - Started process (PID=2470) to work on /opt/airflow/dags/weekly_grocery_pipeline.py
[2026-09-10T11:30:02.795+0000] {processor.py:830} INFO - Processing file /opt/airflow/dags/weekly_grocery_pipeline.py for tasks to queue
[2026-09-10T11:30:02.796+0000] {logging_mixin.py:188} INFO - [2026-09-10T11:30:02.795+0000] {dagbag.py:538} INFO - Filling up the DagBag from /opt/airflow/dags/weekly_grocery_pipeline.py
[2026-09-10T11:30:02.813+0000] {processor.py:840} INFO - DAG(s) 'weekly_grocery_pipeline' retrieved from /opt/airflow/dags/weekly_grocery_pipeline.py
[2026-09-10T11:30:02.835+0000] {logging_mixin.py:188} INFO - [2026-09-10T11:30:02.835+0000] {dag.py:3036} INFO - Sync 1 DAGs
[2026-09-10T11:30:02.846+0000] {logging_mixin.py:188} INFO - [2026-09-10T11:30:02.846+0000] {dag.py:3823} INFO - Setting next_dagrun for weekly_grocery_pipeline to 2026-09-06 00:00:00+00:00, run_after=2026-09-13 00:00:00+00:00
[2026-09-10T11:30:02.853+0000] {processor.py:183} INFO - Processing /opt/airflow/dags/weekly_grocery_pipeline.py took 0.065 seconds
[2026-09-10T11:30:33.071+0000] {processor.py:161} INFO - Started process (PID=2475) to work on /opt/airflow/dags/weekly_grocery_pipeline.py
[2026-09-10T11:30:33.072+0000] {processor.py:830} INFO - Processing file /opt/airflow/dags/weekly_grocery_pipeline.py for tasks to queue
[2026-09-10T11:30:33.072+0000] {logging_mixin.py:188} INFO - [2026-09-10T11:30:33.072+0000] {dagbag.py:538} INFO - Filling up the DagBag from /opt/airflow/dags/weekly_grocery_pipeline.py
[2026-09-10T11:30:33.080+0000] {processor.py:840} INFO - DAG(s) 'weekly_grocery_pipeline' retrieved from /opt/airflow/dags/weekly_grocery_pipeline.py
[2026-09-10T11:30:33.093+0000] {logging_mixin.py:188} INFO - [2026-09-10T11:30:33.093+0000] {dag.py:3036} INFO - Sync 1 DAGs
[2026-09-10T11:30:33.102+0000] {logging_mixin.py:188} INFO - [2026-09-10T11:30:33.102+0000] {dag.py:3823} INFO - Setting next_dagrun for weekly_grocery_pipeline to 2026-09-06 00:00:00+00:00, run_after=2026-09-13 00:00:00+00:00
[2026-09-10T11:30:33.109+0000] {processor.py:183} INFO - Processing /opt/airflow/dags/weekly_grocery_pipeline.py took 0.040 seconds
[2026-09-10T11:31:03.360+0000] {processor.py:161} INFO - Started process (PID=2480) to work on /opt/airflow/dags/weekly_grocery_pipeline.py
[2026-09-10T11:31:03.361+0000] {processor.py:830} INFO - Processing file /opt/airflow/dags/weekly_grocery_pipeline.py for tasks to queue
[2026-09-10T11:31:03.362+0000] {logging_mixin.py:188} INFO - [2026-09-10T11:31:03.362+0000] {dagbag.py:538} INFO - Filling up the DagBag from /opt/airflow/dags/weekly_grocery_pipeline.py
[2026-09-10T11:31:03.377+0000] {processor.py:840} INFO - DAG(s) 'weekly_grocery_pipeline' retrieved from /opt/airflow/dags/weekly_grocery_pipeline.py
[2026-09-10T11:31:03.398+0000] {logging_mixin.py:188} INFO - [2026-09-10T11:31:03.398+0000] {dag.py:3036} INFO - Sync 1 DAGs
[2026-09-10T11:31:03.409+0000] {logging_mixin.py:188} INFO - [2026-09-10T11:31:03.409+0000] {dag.py:3823} INFO - Setting next_dagrun for weekly_grocery_pipeline to 2026-09-06 00:00:00+00:00, run_after=2026-09-13 00:00:00+00:00
[2026-09-10T11:31:03.416+0000] {processor.py:183} INFO - Processing /opt/airflow/dags/weekly_grocery_pipeline.py took 0.060 seconds
[2026-09-10T11:31:33.663+0000] {processor.py:161} INFO - Started process (PID=2485) to work on /opt/airflow/dags/weekly_grocery_pipeline.py
[2026-09-10T11:31:33.665+0000] {processor.py:830} INFO - Processing file /opt/airflow/dags/weekly_grocery_pipeline.py for tasks to queue
[2026-09-10T11:31:33.666+0000] {logging_mixin.py:188} INFO - [2026-09-10T11:31:33.665+0000] {dagbag.py:538} INFO - Filling up the DagBag from /opt/airflow/dags/weekly_grocery_pipeline.py
[2026-09-10T11:31:33.682+0000] {processor.py:840} INFO - DAG(s) 'weekly_grocery_pipeline' retrieved from /opt/airflow/dags/weekly_grocery_pipeline.py
[2026-09-10T11:31:33.703+0000] {logging_mixin.py:188} INFO - [2026-09-10T11:31:33.703+0000] {dag.py:3036} INFO - Sync 1 DAGs
[2026-09-10T11:31:33.715+0000] {logging_mixin.py:188} INFO - [2026-09-10T11:31:33.715+0000] {dag.py:3823} INFO - Setting next_dagrun for weekly_grocery_pipeline to 2026-09-06 00:00:00+00:00, run_after=2026-09-13 00:00:00+00:00
[2026-09-10T11:31:33.722+0000] {processor.py:183} INFO - Processing /opt/airflow/dags/weekly_grocery_pipeline.py took 0.064 seconds
[2026-09-10T11:32:03.922+0000] {processor.py:161} INFO - Started process (PID=2490) to work on /opt/airflow/dags/weekly_grocery_pipeline.py
[2026-09-10T11:32:03.923+0000] {processor.py:830} INFO - Processing file /opt/airflow/dags/weekly_grocery_pipeline.py for tasks to queue
[2026-09-10T11:32:03.924+0000] {logging_mixin.py:188} INFO - [2026-09-10T11:32:03.924+0000] {dagbag.py:538} INFO - Filling up the DagBag from /opt/airflow/dags/weekly_grocery_pipeline.py
[2026-09-10T11:32:03.933+0000] {processor.py:840} INFO - DAG(s) 'weekly_grocery_pipeline' retrieved from /opt/airflow/dags/weekly_grocery_pipeline.py
[2026-09-10T11:32:03.948+0000] {logging_mixin.py:188} INFO - [2026-09-10T11:32:03.948+0000] {dag.py:3036} INFO - Sync 1 DAGs
[2026-09-10T11:32:03.958+0000] {logging_mixin.py:188} INFO - [2026-09-10T11:32:03.958+0000] {dag.py:3823} INFO - Setting next_dagrun for weekly_grocery_pipeline to 2026-09-06 00:00:00+00:00, run_after=2026-09-13 00:00:00+00:00
[2026-09-10T11:32:03.968+0000] {processor.py:183} INFO - Processing /opt/airflow/dags/weekly_grocery_pipeline.py took 0.050 seconds
[2026-09-10T11:32:34.196+0000] {processor.py:161} INFO - Started process (PID=2495) to work on /opt/airflow/dags/weekly_grocery_pipeline.py
[2026-09-10T11:32:34.197+0000] {processor.py:830} INFO - Processing file /opt/airflow/dags/weekly_grocery_pipeline.py for tasks to queue
[2026-09-10T11:32:34.197+0000] {logging_mixin.py:188} INFO - [2026-09-10T11:32:34.197+0000] {dagbag.py:538} INFO - Filling up the DagBag from /opt/airflow/dags/weekly_grocery_pipeline.py
[2026-09-10T11:32:34.210+0000] {processor.py:840} INFO - DAG(s) 'weekly_grocery_pipeline' retrieved from /opt/airflow/dags/weekly_grocery_pipeline.py
[2026-09-10T11:32:34.230+0000] {logging_mixin.py:188} INFO - [2026-09-10T11:32:34.230+0000] {dag.py:3036} INFO - Sync 1 DAGs
[2026-09-10T11:32:34.242+0000] {logging_mixin.py:188} INFO - [2026-09-10T11:32:34.242+0000] {dag.py:3823} INFO - Setting next_dagrun for weekly_grocery_pipeline to 2026-09-06 00:00:00+00:00, run_after=2026-09-13 00:00:00+00:00
[2026-09-10T11:32:34.249+0000] {processor.py:183} INFO - Processing /opt/airflow/dags/weekly_grocery_pipeline.py took 0.057 seconds
[2026-09-10T11:33:04.460+0000] {processor.py:161} INFO - Started process (PID=2500) to work on /opt/airflow/dags/weekly_grocery_pipeline.py
[2026-09-10T11:33:04.461+0000] {processor.py:830} INFO - Processing file /opt/airflow/dags/weekly_grocery_pipeline.py for tasks to queue
[2026-09-10T11:33:04.462+0000] {logging_mixin.py:188} INFO - [2026-09-10T11:33:04.461+0000] {dagbag.py:538} INFO - Filling up the DagBag from /opt/airflow/dags/weekly_grocery_pipeline.py
[2026-09-10T11:33:04.474+0000] {processor.py:840} INFO - DAG(s) 'weekly_grocery_pipeline' retrieved from /opt/airflow/dags/weekly_grocery_pipeline.py
[2026-09-10T11:33:04.494+0000] {logging_mixin.py:188} INFO - [2026-09-10T11:33:04.494+0000] {dag.py:3036} INFO - Sync 1 DAGs
[2026-09-10T11:33:04.506+0000] {logging_mixin.py:188} INFO - [2026-09-10T11:33:04.505+0000] {dag.py:3823} INFO - Setting next_dagrun for weekly_grocery_pipeline to 2026-09-06 00:00:00+00:00, run_after=2026-09-13 00:00:00+00:00
[2026-09-10T11:33:04.512+0000] {processor.py:183} INFO - Processing /opt/airflow/dags/weekly_grocery_pipeline.py took 0.056 seconds
[2026-09-10T11:33:34.764+0000] {processor.py:161} INFO - Started process (PID=2505) to work on /opt/airflow/dags/weekly_grocery_pipeline.py
[2026-09-10T11:33:34.764+0000] {processor.py:830} INFO - Processing file /opt/airflow/dags/weekly_grocery_pipeline.py for tasks to queue
[2026-09-10T11:33:34.765+0000] {logging_mixin.py:188} INFO - [2026-09-10T11:33:34.765+0000] {dagbag.py:538} INFO - Filling up the DagBag from /opt/airflow/dags/weekly_grocery_pipeline.py
[2026-09-10T11:33:34.774+0000] {processor.py:840} INFO - DAG(s) 'weekly_grocery_pipeline' retrieved from /opt/airflow/dags/weekly_grocery_pipeline.py
[2026-09-10T11:33:34.791+0000] {logging_mixin.py:188} INFO - [2026-09-10T11:33:34.791+0000] {dag.py:3036} INFO - Sync 1 DAGs
[2026-09-10T11:33:34.803+0000] {logging_mixin.py:188} INFO - [2026-09-10T11:33:34.803+0000] {dag.py:3823} INFO - Setting next_dagrun for weekly_grocery_pipeline to 2026-09-06 00:00:00+00:00, run_after=2026-09-13 00:00:00+00:00
[2026-09-10T11:33:34.810+0000] {processor.py:183} INFO - Processing /opt/airflow/dags/weekly_grocery_pipeline.py took 0.049 seconds
[2026-09-10T11:34:05.082+0000] {processor.py:161} INFO - Started process (PID=2510) to work on /opt/airflow/dags/weekly_grocery_pipeline.py
[2026-09-10T11:34:05.084+0000] {processor.py:830} INFO - Processing file /opt/airflow/dags/weekly_grocery_pipeline.py for tasks to queue
[2026-09-10T11:34:05.085+0000] {logging_mixin.py:188} INFO - [2026-09-10T11:34:05.084+0000] {dagbag.py:538} INFO - Filling up the DagBag from /opt/airflow/dags/weekly_grocery_pipeline.py
[2026-09-10T11:34:05.103+0000] {processor.py:840} INFO - DAG(s) 'weekly_grocery_pipeline' retrieved from /opt/airflow/dags/weekly_grocery_pipeline.py
[2026-09-10T11:34:05.127+0000] {logging_mixin.py:188} INFO - [2026-09-10T11:34:05.127+0000] {dag.py:3036} INFO - Sync 1 DAGs
[2026-09-10T11:34:05.140+0000] {logging_mixin.py:188} INFO - [2026-09-10T11:34:05.140+0000] {dag.py:3823} INFO - Setting next_dagrun for weekly_grocery_pipeline to 2026-09-06 00:00:00+00:00, run_after=2026-09-13 00:00:00+00:00
[2026-09-10T11:34:05.147+0000] {processor.py:183} INFO - Processing /opt/airflow/dags/weekly_grocery_pipeline.py took 0.071 seconds
[2026-09-10T11:34:35.381+0000] {processor.py:161} INFO - Started process (PID=2515) to work on /opt/airflow/dags/weekly_grocery_pipeline.py
[2026-09-10T11:34:35.383+0000] {processor.py:830} INFO - Processing file /opt/airflow/dags/weekly_grocery_pipeline.py for tasks to queue
[2026-09-10T11:34:35.383+0000] {logging_mixin.py:188} INFO - [2026-09-10T11:34:35.383+0000] {dagbag.py:538} INFO - Filling up the DagBag from /opt/airflow/dags/weekly_grocery_pipeline.py
[2026-09-10T11:34:35.397+0000] {processor.py:840} INFO - DAG(s) 'weekly_grocery_pipeline' retrieved from /opt/airflow/dags/weekly_grocery_pipeline.py
[2026-09-10T11:34:35.417+0000] {logging_mixin.py:188} INFO - [2026-09-10T11:34:35.417+0000] {dag.py:3036} INFO - Sync 1 DAGs
[2026-09-10T11:34:35.428+0000] {logging_mixin.py:188} INFO - [2026-09-10T11:34:35.428+0000] {dag.py:3823} INFO - Setting next_dagrun for weekly_grocery_pipeline to 2026-09-06 00:00:00+00:00, run_after=2026-09-13 00:00:00+00:00
[2026-09-10T11:34:35.436+0000] {processor.py:183} INFO - Processing /opt/airflow/dags/weekly_grocery_pipeline.py took 0.058 seconds
[2026-09-10T11:35:05.657+0000] {processor.py:161} INFO - Started process (PID=2520) to work on /opt/airflow/dags/weekly_grocery_pipeline.py
[2026-09-10T11:35:05.658+0000] {processor.py:830} INFO - Processing file /opt/airflow/dags/weekly_grocery_pipeline.py for tasks to queue
[2026-09-10T11:35:05.659+0000] {logging_mixin.py:188} INFO - [2026-09-10T11:35:05.659+0000] {dagbag.py:538} INFO - Filling up the DagBag from /opt/airflow/dags/weekly_grocery_pipeline.py
[2026-09-10T11:35:05.671+0000] {processor.py:840} INFO - DAG(s) 'weekly_grocery_pipeline' retrieved from /opt/airflow/dags/weekly_grocery_pipeline.py
[2026-09-10T11:35:05.691+0000] {logging_mixin.py:188} INFO - [2026-09-10T11:35:05.691+0000] {dag.py:3036} INFO - Sync 1 DAGs
[2026-09-10T11:35:05.701+0000] {logging_mixin.py:188} INFO - [2026-09-10T11:35:05.701+0000] {dag.py:3823} INFO - Setting next_dagrun for weekly_grocery_pipeline to 2026-09-06 00:00:00+00:00, run_after=2026-09-13 00:00:00+00:00
[2026-09-10T11:35:05.708+0000] {processor.py:183} INFO - Processing /opt/airflow/dags/weekly_grocery_pipeline.py took 0.053 seconds
[2026-09-10T11:35:35.984+0000] {processor.py:161} INFO - Started process (PID=2525) to work on /opt/airflow/dags/weekly_grocery_pipeline.py
[2026-09-10T11:35:35.986+0000] {processor.py:830} INFO - Processing file /opt/airflow/dags/weekly_grocery_pipeline.py for tasks to queue
[2026-09-10T11:35:35.987+0000] {logging_mixin.py:188} INFO - [2026-09-10T11:35:35.986+0000] {dagbag.py:538} INFO - Filling up the DagBag from /opt/airflow/dags/weekly_grocery_pipeline.py
[2026-09-10T11:35:36.002+0000] {processor.py:840} INFO - DAG(s) 'weekly_grocery_pipeline' retrieved from /opt/airflow/dags/weekly_grocery_pipeline.py
[2026-09-10T11:35:36.024+0000] {logging_mixin.py:188} INFO - [2026-09-10T11:35:36.023+0000] {dag.py:3036} INFO - Sync 1 DAGs
[2026-09-10T11:35:36.034+0000] {logging_mixin.py:188} INFO - [2026-09-10T11:35:36.034+0000] {dag.py:3823} INFO - Setting next_dagrun for weekly_grocery_pipeline to 2026-09-06 00:00:00+00:00, run_after=2026-09-13 00:00:00+00:00
[2026-09-10T11:35:36.042+0000] {processor.py:183} INFO - Processing /opt/airflow/dags/weekly_grocery_pipeline.py took 0.063 seconds
[2026-09-10T11:36:06.270+0000] {processor.py:161} INFO - Started process (PID=2530) to work on /opt/airflow/dags/weekly_grocery_pipeline.py
[2026-09-10T11:36:06.271+0000] {processor.py:830} INFO - Processing file /opt/airflow/dags/weekly_grocery_pipeline.py for tasks to queue
[2026-09-10T11:36:06.272+0000] {logging_mixin.py:188} INFO - [2026-09-10T11:36:06.272+0000] {dagbag.py:538} INFO - Filling up the DagBag from /opt/airflow/dags/weekly_grocery_pipeline.py
[2026-09-10T11:36:06.286+0000] {processor.py:840} INFO - DAG(s) 'weekly_grocery_pipeline' retrieved from /opt/airflow/dags/weekly_grocery_pipeline.py
[2026-09-10T11:36:06.306+0000] {logging_mixin.py:188} INFO - [2026-09-10T11:36:06.306+0000] {dag.py:3036} INFO - Sync 1 DAGs
[2026-09-10T11:36:06.321+0000] {logging_mixin.py:188} INFO - [2026-09-10T11:36:06.320+0000] {dag.py:3823} INFO - Setting next_dagrun for weekly_grocery_pipeline to 2026-09-06 00:00:00+00:00, run_after=2026-09-13 00:00:00+00:00
[2026-09-10T11:36:06.328+0000] {processor.py:183} INFO - Processing /opt/airflow/dags/weekly_grocery_pipeline.py took 0.063 seconds
[2026-09-10T11:36:36.517+0000] {processor.py:161} INFO - Started process (PID=2535) to work on /opt/airflow/dags/weekly_grocery_pipeline.py
[2026-09-10T11:36:36.518+0000] {processor.py:830} INFO - Processing file /opt/airflow/dags/weekly_grocery_pipeline.py for tasks to queue
[2026-09-10T11:36:36.519+0000] {logging_mixin.py:188} INFO - [2026-09-10T11:36:36.519+0000] {dagbag.py:538} INFO - Filling up the DagBag from /opt/airflow/dags/weekly_grocery_pipeline.py
[2026-09-10T11:36:36.530+0000] {processor.py:840} INFO - DAG(s) 'weekly_grocery_pipeline' retrieved from /opt/airflow/dags/weekly_grocery_pipeline.py
[2026-09-10T11:36:36.548+0000] {logging_mixin.py:188} INFO - [2026-09-10T11:36:36.548+0000] {dag.py:3036} INFO - Sync 1 DAGs
[2026-09-10T11:36:36.559+0000] {logging_mixin.py:188} INFO - [2026-09-10T11:36:36.559+0000] {dag.py:3823} INFO - Setting next_dagrun for weekly_grocery_pipeline to 2026-09-06 00:00:00+00:00, run_after=2026-09-13 00:00:00+00:00
[2026-09-10T11:36:36.566+0000] {processor.py:183} INFO - Processing /opt/airflow/dags/weekly_grocery_pipeline.py took 0.052 seconds
[2026-09-10T11:37:10.776+0000] {processor.py:161} INFO - Started process (PID=192) to work on /opt/airflow/dags/weekly_grocery_pipeline.py
[2026-09-10T11:37:10.777+0000] {processor.py:830} INFO - Processing file /opt/airflow/dags/weekly_grocery_pipeline.py for tasks to queue
[2026-09-10T11:37:10.778+0000] {logging_mixin.py:188} INFO - [2026-09-10T11:37:10.778+0000] {dagbag.py:538} INFO - Filling up the DagBag from /opt/airflow/dags/weekly_grocery_pipeline.py
[2026-09-10T11:37:10.791+0000] {processor.py:840} INFO - DAG(s) 'weekly_grocery_pipeline' retrieved from /opt/airflow/dags/weekly_grocery_pipeline.py
[2026-09-10T11:37:10.880+0000] {logging_mixin.py:188} INFO - [2026-09-10T11:37:10.880+0000] {dag.py:3036} INFO - Sync 1 DAGs
[2026-09-10T11:37:10.888+0000] {logging_mixin.py:188} INFO - [2026-09-10T11:37:10.888+0000] {dag.py:3823} INFO - Setting next_dagrun for weekly_grocery_pipeline to 2026-09-06 00:00:00+00:00, run_after=2026-09-13 00:00:00+00:00
[2026-09-10T11:37:10.895+0000] {processor.py:183} INFO - Processing /opt/airflow/dags/weekly_grocery_pipeline.py took 0.120 seconds
[2026-09-10T11:37:41.017+0000] {processor.py:161} INFO - Started process (PID=209) to work on /opt/airflow/dags/weekly_grocery_pipeline.py
[2026-09-10T11:37:41.018+0000] {processor.py:830} INFO - Processing file /opt/airflow/dags/weekly_grocery_pipeline.py for tasks to queue
[2026-09-10T11:37:41.018+0000] {logging_mixin.py:188} INFO - [2026-09-10T11:37:41.018+0000] {dagbag.py:538} INFO - Filling up the DagBag from /opt/airflow/dags/weekly_grocery_pipeline.py
[2026-09-10T11:37:41.027+0000] {processor.py:840} INFO - DAG(s) 'weekly_grocery_pipeline' retrieved from /opt/airflow/dags/weekly_grocery_pipeline.py
[2026-09-10T11:37:41.043+0000] {logging_mixin.py:188} INFO - [2026-09-10T11:37:41.043+0000] {dag.py:3036} INFO - Sync 1 DAGs
[2026-09-10T11:37:41.059+0000] {processor.py:183} INFO - Processing /opt/airflow/dags/weekly_grocery_pipeline.py took 0.044 seconds
[2026-09-10T11:38:11.277+0000] {processor.py:161} INFO - Started process (PID=222) to work on /opt/airflow/dags/weekly_grocery_pipeline.py
[2026-09-10T11:38:11.278+0000] {processor.py:830} INFO - Processing file /opt/airflow/dags/weekly_grocery_pipeline.py for tasks to queue
[2026-09-10T11:38:11.278+0000] {logging_mixin.py:188} INFO - [2026-09-10T11:38:11.278+0000] {dagbag.py:538} INFO - Filling up the DagBag from /opt/airflow/dags/weekly_grocery_pipeline.py
[2026-09-10T11:38:11.288+0000] {processor.py:840} INFO - DAG(s) 'weekly_grocery_pipeline' retrieved from /opt/airflow/dags/weekly_grocery_pipeline.py
[2026-09-10T11:38:11.304+0000] {logging_mixin.py:188} INFO - [2026-09-10T11:38:11.304+0000] {dag.py:3036} INFO - Sync 1 DAGs
[2026-09-10T11:38:11.319+0000] {processor.py:183} INFO - Processing /opt/airflow/dags/weekly_grocery_pipeline.py took 0.046 seconds
[2026-09-10T11:38:41.520+0000] {processor.py:161} INFO - Started process (PID=265) to work on /opt/airflow/dags/weekly_grocery_pipeline.py
[2026-09-10T11:38:41.521+0000] {processor.py:830} INFO - Processing file /opt/airflow/dags/weekly_grocery_pipeline.py for tasks to queue
[2026-09-10T11:38:41.522+0000] {logging_mixin.py:188} INFO - [2026-09-10T11:38:41.521+0000] {dagbag.py:538} INFO - Filling up the DagBag from /opt/airflow/dags/weekly_grocery_pipeline.py
[2026-09-10T11:38:41.534+0000] {processor.py:840} INFO - DAG(s) 'weekly_grocery_pipeline' retrieved from /opt/airflow/dags/weekly_grocery_pipeline.py
[2026-09-10T11:38:41.551+0000] {logging_mixin.py:188} INFO - [2026-09-10T11:38:41.551+0000] {dag.py:3036} INFO - Sync 1 DAGs
[2026-09-10T11:38:41.567+0000] {processor.py:183} INFO - Processing /opt/airflow/dags/weekly_grocery_pipeline.py took 0.052 seconds
[2026-09-10T11:39:11.781+0000] {processor.py:161} INFO - Started process (PID=270) to work on /opt/airflow/dags/weekly_grocery_pipeline.py
[2026-09-10T11:39:11.782+0000] {processor.py:830} INFO - Processing file /opt/airflow/dags/weekly_grocery_pipeline.py for tasks to queue
[2026-09-10T11:39:11.782+0000] {logging_mixin.py:188} INFO - [2026-09-10T11:39:11.782+0000] {dagbag.py:538} INFO - Filling up the DagBag from /opt/airflow/dags/weekly_grocery_pipeline.py
[2026-09-10T11:39:11.792+0000] {processor.py:840} INFO - DAG(s) 'weekly_grocery_pipeline' retrieved from /opt/airflow/dags/weekly_grocery_pipeline.py
[2026-09-10T11:39:11.809+0000] {logging_mixin.py:188} INFO - [2026-09-10T11:39:11.809+0000] {dag.py:3036} INFO - Sync 1 DAGs
[2026-09-10T11:39:11.819+0000] {logging_mixin.py:188} INFO - [2026-09-10T11:39:11.819+0000] {dag.py:3823} INFO - Setting next_dagrun for weekly_grocery_pipeline to 2026-09-06 00:00:00+00:00, run_after=2026-09-13 00:00:00+00:00
[2026-09-10T11:39:11.825+0000] {processor.py:183} INFO - Processing /opt/airflow/dags/weekly_grocery_pipeline.py took 0.047 seconds
[2026-09-10T11:39:42.052+0000] {processor.py:161} INFO - Started process (PID=275) to work on /opt/airflow/dags/weekly_grocery_pipeline.py
[2026-09-10T11:39:42.053+0000] {processor.py:830} INFO - Processing file /opt/airflow/dags/weekly_grocery_pipeline.py for tasks to queue
[2026-09-10T11:39:42.054+0000] {logging_mixin.py:188} INFO - [2026-09-10T11:39:42.054+0000] {dagbag.py:538} INFO - Filling up the DagBag from /opt/airflow/dags/weekly_grocery_pipeline.py
[2026-09-10T11:39:42.066+0000] {processor.py:840} INFO - DAG(s) 'weekly_grocery_pipeline' retrieved from /opt/airflow/dags/weekly_grocery_pipeline.py
[2026-09-10T11:39:42.084+0000] {logging_mixin.py:188} INFO - [2026-09-10T11:39:42.084+0000] {dag.py:3036} INFO - Sync 1 DAGs
[2026-09-10T11:39:42.096+0000] {logging_mixin.py:188} INFO - [2026-09-10T11:39:42.096+0000] {dag.py:3823} INFO - Setting next_dagrun for weekly_grocery_pipeline to 2026-09-06 00:00:00+00:00, run_after=2026-09-13 00:00:00+00:00
[2026-09-10T11:39:42.103+0000] {processor.py:183} INFO - Processing /opt/airflow/dags/weekly_grocery_pipeline.py took 0.054 seconds
[2026-09-10T11:40:12.277+0000] {processor.py:161} INFO - Started process (PID=280) to work on /opt/airflow/dags/weekly_grocery_pipeline.py
[2026-09-10T11:40:12.277+0000] {processor.py:830} INFO - Processing file /opt/airflow/dags/weekly_grocery_pipeline.py for tasks to queue
[2026-09-10T11:40:12.278+0000] {logging_mixin.py:188} INFO - [2026-09-10T11:40:12.278+0000] {dagbag.py:538} INFO - Filling up the DagBag from /opt/airflow/dags/weekly_grocery_pipeline.py
[2026-09-10T11:40:12.289+0000] {processor.py:840} INFO - DAG(s) 'weekly_grocery_pipeline' retrieved from /opt/airflow/dags/weekly_grocery_pipeline.py
[2026-09-10T11:40:12.307+0000] {logging_mixin.py:188} INFO - [2026-09-10T11:40:12.307+0000] {dag.py:3036} INFO - Sync 1 DAGs
[2026-09-10T11:40:12.318+0000] {logging_mixin.py:188} INFO - [2026-09-10T11:40:12.318+0000] {dag.py:3823} INFO - Setting next_dagrun for weekly_grocery_pipeline to 2026-09-06 00:00:00+00:00, run_after=2026-09-13 00:00:00+00:00
[2026-09-10T11:40:12.324+0000] {processor.py:183} INFO - Processing /opt/airflow/dags/weekly_grocery_pipeline.py took 0.051 seconds
[2026-09-10T11:40:42.489+0000] {processor.py:161} INFO - Started process (PID=285) to work on /opt/airflow/dags/weekly_grocery_pipeline.py
[2026-09-10T11:40:42.489+0000] {processor.py:830} INFO - Processing file /opt/airflow/dags/weekly_grocery_pipeline.py for tasks to queue
[2026-09-10T11:40:42.490+0000] {logging_mixin.py:188} INFO - [2026-09-10T11:40:42.490+0000] {dagbag.py:538} INFO - Filling up the DagBag from /opt/airflow/dags/weekly_grocery_pipeline.py
[2026-09-10T11:40:42.498+0000] {processor.py:840} INFO - DAG(s) 'weekly_grocery_pipeline' retrieved from /opt/airflow/dags/weekly_grocery_pipeline.py
[2026-09-10T11:40:42.513+0000] {logging_mixin.py:188} INFO - [2026-09-10T11:40:42.513+0000] {dag.py:3036} INFO - Sync 1 DAGs
[2026-09-10T11:40:42.523+0000] {logging_mixin.py:188} INFO - [2026-09-10T11:40:42.523+0000] {dag.py:3823} INFO - Setting next_dagrun for weekly_grocery_pipeline to 2026-09-06 00:00:00+00:00, run_after=2026-09-13 00:00:00+00:00
[2026-09-10T11:40:42.529+0000] {processor.py:183} INFO - Processing /opt/airflow/dags/weekly_grocery_pipeline.py took 0.043 seconds
[2026-09-10T11:41:12.747+0000] {processor.py:161} INFO - Started process (PID=290) to work on /opt/airflow/dags/weekly_grocery_pipeline.py
[2026-09-10T11:41:12.748+0000] {processor.py:830} INFO - Processing file /opt/airflow/dags/weekly_grocery_pipeline.py for tasks to queue
[2026-09-10T11:41:12.749+0000] {logging_mixin.py:188} INFO - [2026-09-10T11:41:12.749+0000] {dagbag.py:538} INFO - Filling up the DagBag from /opt/airflow/dags/weekly_grocery_pipeline.py
[2026-09-10T11:41:12.760+0000] {processor.py:840} INFO - DAG(s) 'weekly_grocery_pipeline' retrieved from /opt/airflow/dags/weekly_grocery_pipeline.py
[2026-09-10T11:41:12.781+0000] {logging_mixin.py:188} INFO - [2026-09-10T11:41:12.781+0000] {dag.py:3036} INFO - Sync 1 DAGs
[2026-09-10T11:41:12.795+0000] {logging_mixin.py:188} INFO - [2026-09-10T11:41:12.795+0000] {dag.py:3823} INFO - Setting next_dagrun for weekly_grocery_pipeline to 2026-09-06 00:00:00+00:00, run_after=2026-09-13 00:00:00+00:00
[2026-09-10T11:41:12.802+0000] {processor.py:183} INFO - Processing /opt/airflow/dags/weekly_grocery_pipeline.py took 0.059 seconds
[2026-09-10T11:41:42.981+0000] {processor.py:161} INFO - Started process (PID=295) to work on /opt/airflow/dags/weekly_grocery_pipeline.py
[2026-09-10T11:41:42.982+0000] {processor.py:830} INFO - Processing file /opt/airflow/dags/weekly_grocery_pipeline.py for tasks to queue
[2026-09-10T11:41:42.983+0000] {logging_mixin.py:188} INFO - [2026-09-10T11:41:42.983+0000] {dagbag.py:538} INFO - Filling up the DagBag from /opt/airflow/dags/weekly_grocery_pipeline.py
[2026-09-10T11:41:42.995+0000] {processor.py:840} INFO - DAG(s) 'weekly_grocery_pipeline' retrieved from /opt/airflow/dags/weekly_grocery_pipeline.py
[2026-09-10T11:41:43.015+0000] {logging_mixin.py:188} INFO - [2026-09-10T11:41:43.014+0000] {dag.py:3036} INFO - Sync 1 DAGs
[2026-09-10T11:41:43.026+0000] {logging_mixin.py:188} INFO - [2026-09-10T11:41:43.026+0000] {dag.py:3823} INFO - Setting next_dagrun for weekly_grocery_pipeline to 2026-09-06 00:00:00+00:00, run_after=2026-09-13 00:00:00+00:00
[2026-09-10T11:41:43.033+0000] {processor.py:183} INFO - Processing /opt/airflow/dags/weekly_grocery_pipeline.py took 0.056 seconds
[2026-09-10T11:42:13.238+0000] {processor.py:161} INFO - Started process (PID=300) to work on /opt/airflow/dags/weekly_grocery_pipeline.py
[2026-09-10T11:42:13.239+0000] {processor.py:830} INFO - Processing file /opt/airflow/dags/weekly_grocery_pipeline.py for tasks to queue
[2026-09-10T11:42:13.239+0000] {logging_mixin.py:188} INFO - [2026-09-10T11:42:13.239+0000] {dagbag.py:538} INFO - Filling up the DagBag from /opt/airflow/dags/weekly_grocery_pipeline.py
[2026-09-10T11:42:13.251+0000] {processor.py:840} INFO - DAG(s) 'weekly_grocery_pipeline' retrieved from /opt/airflow/dags/weekly_grocery_pipeline.py
[2026-09-10T11:42:13.271+0000] {logging_mixin.py:188} INFO - [2026-09-10T11:42:13.271+0000] {dag.py:3036} INFO - Sync 1 DAGs
[2026-09-10T11:42:13.282+0000] {logging_mixin.py:188} INFO - [2026-09-10T11:42:13.282+0000] {dag.py:3823} INFO - Setting next_dagrun for weekly_grocery_pipeline to 2026-09-06 00:00:00+00:00, run_after=2026-09-13 00:00:00+00:00
[2026-09-10T11:42:13.288+0000] {processor.py:183} INFO - Processing /opt/airflow/dags/weekly_grocery_pipeline.py took 0.054 seconds
[2026-09-10T11:42:43.518+0000] {processor.py:161} INFO - Started process (PID=305) to work on /opt/airflow/dags/weekly_grocery_pipeline.py
[2026-09-10T11:42:43.519+0000] {processor.py:830} INFO - Processing file /opt/airflow/dags/weekly_grocery_pipeline.py for tasks to queue
[2026-09-10T11:42:43.520+0000] {logging_mixin.py:188} INFO - [2026-09-10T11:42:43.520+0000] {dagbag.py:538} INFO - Filling up the DagBag from /opt/airflow/dags/weekly_grocery_pipeline.py
[2026-09-10T11:42:43.532+0000] {processor.py:840} INFO - DAG(s) 'weekly_grocery_pipeline' retrieved from /opt/airflow/dags/weekly_grocery_pipeline.py
[2026-09-10T11:42:43.552+0000] {logging_mixin.py:188} INFO - [2026-09-10T11:42:43.552+0000] {dag.py:3036} INFO - Sync 1 DAGs
[2026-09-10T11:42:43.563+0000] {logging_mixin.py:188} INFO - [2026-09-10T11:42:43.563+0000] {dag.py:3823} INFO - Setting next_dagrun for weekly_grocery_pipeline to 2026-09-06 00:00:00+00:00, run_after=2026-09-13 00:00:00+00:00
[2026-09-10T11:42:43.570+0000] {processor.py:183} INFO - Processing /opt/airflow/dags/weekly_grocery_pipeline.py took 0.055 seconds
[2026-09-10T11:43:13.759+0000] {processor.py:161} INFO - Started process (PID=310) to work on /opt/airflow/dags/weekly_grocery_pipeline.py
[2026-09-10T11:43:13.760+0000] {processor.py:830} INFO - Processing file /opt/airflow/dags/weekly_grocery_pipeline.py for tasks to queue
[2026-09-10T11:43:13.761+0000] {logging_mixin.py:188} INFO - [2026-09-10T11:43:13.761+0000] {dagbag.py:538} INFO - Filling up the DagBag from /opt/airflow/dags/weekly_grocery_pipeline.py
[2026-09-10T11:43:13.775+0000] {processor.py:840} INFO - DAG(s) 'weekly_grocery_pipeline' retrieved from /opt/airflow/dags/weekly_grocery_pipeline.py
[2026-09-10T11:43:13.794+0000] {logging_mixin.py:188} INFO - [2026-09-10T11:43:13.794+0000] {dag.py:3036} INFO - Sync 1 DAGs
[2026-09-10T11:43:13.804+0000] {logging_mixin.py:188} INFO - [2026-09-10T11:43:13.804+0000] {dag.py:3823} INFO - Setting next_dagrun for weekly_grocery_pipeline to 2026-09-06 00:00:00+00:00, run_after=2026-09-13 00:00:00+00:00
[2026-09-10T11:43:13.810+0000] {processor.py:183} INFO - Processing /opt/airflow/dags/weekly_grocery_pipeline.py took 0.054 seconds
[2026-09-10T11:43:44.043+0000] {processor.py:161} INFO - Started process (PID=315) to work on /opt/airflow/dags/weekly_grocery_pipeline.py
[2026-09-10T11:43:44.044+0000] {processor.py:830} INFO - Processing file /opt/airflow/dags/weekly_grocery_pipeline.py for tasks to queue
[2026-09-10T11:43:44.045+0000] {logging_mixin.py:188} INFO - [2026-09-10T11:43:44.045+0000] {dagbag.py:538} INFO - Filling up the DagBag from /opt/airflow/dags/weekly_grocery_pipeline.py
[2026-09-10T11:43:44.059+0000] {processor.py:840} INFO - DAG(s) 'weekly_grocery_pipeline' retrieved from /opt/airflow/dags/weekly_grocery_pipeline.py
[2026-09-10T11:43:44.078+0000] {logging_mixin.py:188} INFO - [2026-09-10T11:43:44.078+0000] {dag.py:3036} INFO - Sync 1 DAGs
[2026-09-10T11:43:44.089+0000] {logging_mixin.py:188} INFO - [2026-09-10T11:43:44.089+0000] {dag.py:3823} INFO - Setting next_dagrun for weekly_grocery_pipeline to 2026-09-06 00:00:00+00:00, run_after=2026-09-13 00:00:00+00:00
[2026-09-10T11:43:44.096+0000] {processor.py:183} INFO - Processing /opt/airflow/dags/weekly_grocery_pipeline.py took 0.056 seconds
[2026-09-10T11:44:14.312+0000] {processor.py:161} INFO - Started process (PID=320) to work on /opt/airflow/dags/weekly_grocery_pipeline.py
[2026-09-10T11:44:14.313+0000] {processor.py:830} INFO - Processing file /opt/airflow/dags/weekly_grocery_pipeline.py for tasks to queue
[2026-09-10T11:44:14.314+0000] {logging_mixin.py:188} INFO - [2026-09-10T11:44:14.314+0000] {dagbag.py:538} INFO - Filling up the DagBag from /opt/airflow/dags/weekly_grocery_pipeline.py
[2026-09-10T11:44:14.326+0000] {processor.py:840} INFO - DAG(s) 'weekly_grocery_pipeline' retrieved from /opt/airflow/dags/weekly_grocery_pipeline.py
[2026-09-10T11:44:14.347+0000] {logging_mixin.py:188} INFO - [2026-09-10T11:44:14.346+0000] {dag.py:3036} INFO - Sync 1 DAGs
[2026-09-10T11:44:14.358+0000] {logging_mixin.py:188} INFO - [2026-09-10T11:44:14.358+0000] {dag.py:3823} INFO - Setting next_dagrun for weekly_grocery_pipeline to 2026-09-06 00:00:00+00:00, run_after=2026-09-13 00:00:00+00:00
[2026-09-10T11:44:14.365+0000] {processor.py:183} INFO - Processing /opt/airflow/dags/weekly_grocery_pipeline.py took 0.055 seconds
[2026-09-10T11:44:44.606+0000] {processor.py:161} INFO - Started process (PID=325) to work on /opt/airflow/dags/weekly_grocery_pipeline.py
[2026-09-10T11:44:44.606+0000] {processor.py:830} INFO - Processing file /opt/airflow/dags/weekly_grocery_pipeline.py for tasks to queue
[2026-09-10T11:44:44.607+0000] {logging_mixin.py:188} INFO - [2026-09-10T11:44:44.607+0000] {dagbag.py:538} INFO - Filling up the DagBag from /opt/airflow/dags/weekly_grocery_pipeline.py
[2026-09-10T11:44:44.619+0000] {processor.py:840} INFO - DAG(s) 'weekly_grocery_pipeline' retrieved from /opt/airflow/dags/weekly_grocery_pipeline.py
[2026-09-10T11:44:44.638+0000] {logging_mixin.py:188} INFO - [2026-09-10T11:44:44.638+0000] {dag.py:3036} INFO - Sync 1 DAGs
[2026-09-10T11:44:44.649+0000] {logging_mixin.py:188} INFO - [2026-09-10T11:44:44.648+0000] {dag.py:3823} INFO - Setting next_dagrun for weekly_grocery_pipeline to 2026-09-06 00:00:00+00:00, run_after=2026-09-13 00:00:00+00:00
[2026-09-10T11:44:44.655+0000] {processor.py:183} INFO - Processing /opt/airflow/dags/weekly_grocery_pipeline.py took 0.053 seconds
[2026-09-10T11:45:14.944+0000] {processor.py:161} INFO - Started process (PID=330) to work on /opt/airflow/dags/weekly_grocery_pipeline.py
[2026-09-10T11:45:14.944+0000] {processor.py:830} INFO - Processing file /opt/airflow/dags/weekly_grocery_pipeline.py for tasks to queue
[2026-09-10T11:45:14.945+0000] {logging_mixin.py:188} INFO - [2026-09-10T11:45:14.945+0000] {dagbag.py:538} INFO - Filling up the DagBag from /opt/airflow/dags/weekly_grocery_pipeline.py
[2026-09-10T11:45:14.956+0000] {processor.py:840} INFO - DAG(s) 'weekly_grocery_pipeline' retrieved from /opt/airflow/dags/weekly_grocery_pipeline.py
[2026-09-10T11:45:14.975+0000] {logging_mixin.py:188} INFO - [2026-09-10T11:45:14.975+0000] {dag.py:3036} INFO - Sync 1 DAGs
[2026-09-10T11:45:14.989+0000] {logging_mixin.py:188} INFO - [2026-09-10T11:45:14.989+0000] {dag.py:3823} INFO - Setting next_dagrun for weekly_grocery_pipeline to 2026-09-06 00:00:00+00:00, run_after=2026-09-13 00:00:00+00:00
[2026-09-10T11:45:14.999+0000] {processor.py:183} INFO - Processing /opt/airflow/dags/weekly_grocery_pipeline.py took 0.058 seconds
[2026-09-10T11:46:26.533+0000] {processor.py:161} INFO - Started process (PID=337) to work on /opt/airflow/dags/weekly_grocery_pipeline.py
[2026-09-10T11:46:26.534+0000] {processor.py:830} INFO - Processing file /opt/airflow/dags/weekly_grocery_pipeline.py for tasks to queue
[2026-09-10T11:46:26.535+0000] {logging_mixin.py:188} INFO - [2026-09-10T11:46:26.535+0000] {dagbag.py:538} INFO - Filling up the DagBag from /opt/airflow/dags/weekly_grocery_pipeline.py
[2026-09-10T11:46:26.544+0000] {processor.py:840} INFO - DAG(s) 'weekly_grocery_pipeline' retrieved from /opt/airflow/dags/weekly_grocery_pipeline.py
[2026-09-10T11:46:26.561+0000] {logging_mixin.py:188} INFO - [2026-09-10T11:46:26.561+0000] {dag.py:3036} INFO - Sync 1 DAGs
[2026-09-10T11:46:26.572+0000] {logging_mixin.py:188} INFO - [2026-09-10T11:46:26.572+0000] {dag.py:3823} INFO - Setting next_dagrun for weekly_grocery_pipeline to 2026-09-06 00:00:00+00:00, run_after=2026-09-13 00:00:00+00:00
[2026-09-10T11:46:26.579+0000] {processor.py:183} INFO - Processing /opt/airflow/dags/weekly_grocery_pipeline.py took 0.054 seconds
[2026-09-10T11:49:30.110+0000] {processor.py:161} INFO - Started process (PID=342) to work on /opt/airflow/dags/weekly_grocery_pipeline.py
[2026-09-10T11:49:30.112+0000] {processor.py:830} INFO - Processing file /opt/airflow/dags/weekly_grocery_pipeline.py for tasks to queue
[2026-09-10T11:49:30.113+0000] {logging_mixin.py:188} INFO - [2026-09-10T11:49:30.112+0000] {dagbag.py:538} INFO - Filling up the DagBag from /opt/airflow/dags/weekly_grocery_pipeline.py
[2026-09-10T11:49:30.126+0000] {processor.py:840} INFO - DAG(s) 'weekly_grocery_pipeline' retrieved from /opt/airflow/dags/weekly_grocery_pipeline.py
[2026-09-10T11:49:30.167+0000] {logging_mixin.py:188} INFO - [2026-09-10T11:49:30.167+0000] {dag.py:3036} INFO - Sync 1 DAGs
[2026-09-10T11:49:30.195+0000] {logging_mixin.py:188} INFO - [2026-09-10T11:49:30.195+0000] {dag.py:3823} INFO - Setting next_dagrun for weekly_grocery_pipeline to 2026-09-06 00:00:00+00:00, run_after=2026-09-13 00:00:00+00:00
[2026-09-10T11:49:30.214+0000] {processor.py:183} INFO - Processing /opt/airflow/dags/weekly_grocery_pipeline.py took 0.109 seconds
[2026-09-10T11:50:00.466+0000] {processor.py:161} INFO - Started process (PID=347) to work on /opt/airflow/dags/weekly_grocery_pipeline.py
[2026-09-10T11:50:00.467+0000] {processor.py:830} INFO - Processing file /opt/airflow/dags/weekly_grocery_pipeline.py for tasks to queue
[2026-09-10T11:50:00.467+0000] {logging_mixin.py:188} INFO - [2026-09-10T11:50:00.467+0000] {dagbag.py:538} INFO - Filling up the DagBag from /opt/airflow/dags/weekly_grocery_pipeline.py
[2026-09-10T11:50:00.477+0000] {processor.py:840} INFO - DAG(s) 'weekly_grocery_pipeline' retrieved from /opt/airflow/dags/weekly_grocery_pipeline.py
[2026-09-10T11:50:00.492+0000] {logging_mixin.py:188} INFO - [2026-09-10T11:50:00.492+0000] {dag.py:3036} INFO - Sync 1 DAGs
[2026-09-10T11:50:00.502+0000] {logging_mixin.py:188} INFO - [2026-09-10T11:50:00.502+0000] {dag.py:3823} INFO - Setting next_dagrun for weekly_grocery_pipeline to 2026-09-06 00:00:00+00:00, run_after=2026-09-13 00:00:00+00:00
[2026-09-10T11:50:00.509+0000] {processor.py:183} INFO - Processing /opt/airflow/dags/weekly_grocery_pipeline.py took 0.045 seconds
[2026-09-10T11:50:30.728+0000] {processor.py:161} INFO - Started process (PID=352) to work on /opt/airflow/dags/weekly_grocery_pipeline.py
[2026-09-10T11:50:30.729+0000] {processor.py:830} INFO - Processing file /opt/airflow/dags/weekly_grocery_pipeline.py for tasks to queue
[2026-09-10T11:50:30.730+0000] {logging_mixin.py:188} INFO - [2026-09-10T11:50:30.730+0000] {dagbag.py:538} INFO - Filling up the DagBag from /opt/airflow/dags/weekly_grocery_pipeline.py
[2026-09-10T11:50:30.741+0000] {processor.py:840} INFO - DAG(s) 'weekly_grocery_pipeline' retrieved from /opt/airflow/dags/weekly_grocery_pipeline.py
[2026-09-10T11:50:30.757+0000] {logging_mixin.py:188} INFO - [2026-09-10T11:50:30.757+0000] {dag.py:3036} INFO - Sync 1 DAGs
[2026-09-10T11:50:30.767+0000] {logging_mixin.py:188} INFO - [2026-09-10T11:50:30.767+0000] {dag.py:3823} INFO - Setting next_dagrun for weekly_grocery_pipeline to 2026-09-06 00:00:00+00:00, run_after=2026-09-13 00:00:00+00:00
[2026-09-10T11:50:30.776+0000] {processor.py:183} INFO - Processing /opt/airflow/dags/weekly_grocery_pipeline.py took 0.056 seconds
[2026-09-10T11:51:01.003+0000] {processor.py:161} INFO - Started process (PID=357) to work on /opt/airflow/dags/weekly_grocery_pipeline.py
[2026-09-10T11:51:01.004+0000] {processor.py:830} INFO - Processing file /opt/airflow/dags/weekly_grocery_pipeline.py for tasks to queue
[2026-09-10T11:51:01.005+0000] {logging_mixin.py:188} INFO - [2026-09-10T11:51:01.004+0000] {dagbag.py:538} INFO - Filling up the DagBag from /opt/airflow/dags/weekly_grocery_pipeline.py
[2026-09-10T11:51:01.017+0000] {processor.py:840} INFO - DAG(s) 'weekly_grocery_pipeline' retrieved from /opt/airflow/dags/weekly_grocery_pipeline.py
[2026-09-10T11:51:01.038+0000] {logging_mixin.py:188} INFO - [2026-09-10T11:51:01.037+0000] {dag.py:3036} INFO - Sync 1 DAGs
[2026-09-10T11:51:01.049+0000] {logging_mixin.py:188} INFO - [2026-09-10T11:51:01.049+0000] {dag.py:3823} INFO - Setting next_dagrun for weekly_grocery_pipeline to 2026-09-06 00:00:00+00:00, run_after=2026-09-13 00:00:00+00:00
[2026-09-10T11:51:01.055+0000] {processor.py:183} INFO - Processing /opt/airflow/dags/weekly_grocery_pipeline.py took 0.056 seconds
[2026-09-10T11:51:31.299+0000] {processor.py:161} INFO - Started process (PID=362) to work on /opt/airflow/dags/weekly_grocery_pipeline.py
[2026-09-10T11:51:31.300+0000] {processor.py:830} INFO - Processing file /opt/airflow/dags/weekly_grocery_pipeline.py for tasks to queue
[2026-09-10T11:51:31.301+0000] {logging_mixin.py:188} INFO - [2026-09-10T11:51:31.301+0000] {dagbag.py:538} INFO - Filling up the DagBag from /opt/airflow/dags/weekly_grocery_pipeline.py
[2026-09-10T11:51:31.314+0000] {processor.py:840} INFO - DAG(s) 'weekly_grocery_pipeline' retrieved from /opt/airflow/dags/weekly_grocery_pipeline.py
[2026-09-10T11:51:31.335+0000] {logging_mixin.py:188} INFO - [2026-09-10T11:51:31.335+0000] {dag.py:3036} INFO - Sync 1 DAGs
[2026-09-10T11:51:31.346+0000] {logging_mixin.py:188} INFO - [2026-09-10T11:51:31.346+0000] {dag.py:3823} INFO - Setting next_dagrun for weekly_grocery_pipeline to 2026-09-06 00:00:00+00:00, run_after=2026-09-13 00:00:00+00:00
[2026-09-10T11:51:31.353+0000] {processor.py:183} INFO - Processing /opt/airflow/dags/weekly_grocery_pipeline.py took 0.058 seconds
[2026-09-10T11:52:01.583+0000] {processor.py:161} INFO - Started process (PID=367) to work on /opt/airflow/dags/weekly_grocery_pipeline.py
[2026-09-10T11:52:01.584+0000] {processor.py:830} INFO - Processing file /opt/airflow/dags/weekly_grocery_pipeline.py for tasks to queue
[2026-09-10T11:52:01.585+0000] {logging_mixin.py:188} INFO - [2026-09-10T11:52:01.585+0000] {dagbag.py:538} INFO - Filling up the DagBag from /opt/airflow/dags/weekly_grocery_pipeline.py
[2026-09-10T11:52:01.601+0000] {processor.py:840} INFO - DAG(s) 'weekly_grocery_pipeline' retrieved from /opt/airflow/dags/weekly_grocery_pipeline.py
[2026-09-10T11:52:01.621+0000] {logging_mixin.py:188} INFO - [2026-09-10T11:52:01.621+0000] {dag.py:3036} INFO - Sync 1 DAGs
[2026-09-10T11:52:01.632+0000] {logging_mixin.py:188} INFO - [2026-09-10T11:52:01.632+0000] {dag.py:3823} INFO - Setting next_dagrun for weekly_grocery_pipeline to 2026-09-06 00:00:00+00:00, run_after=2026-09-13 00:00:00+00:00
[2026-09-10T11:52:01.639+0000] {processor.py:183} INFO - Processing /opt/airflow/dags/weekly_grocery_pipeline.py took 0.061 seconds
[2026-09-10T11:52:31.893+0000] {processor.py:161} INFO - Started process (PID=372) to work on /opt/airflow/dags/weekly_grocery_pipeline.py
[2026-09-10T11:52:31.894+0000] {processor.py:830} INFO - Processing file /opt/airflow/dags/weekly_grocery_pipeline.py for tasks to queue
[2026-09-10T11:52:31.895+0000] {logging_mixin.py:188} INFO - [2026-09-10T11:52:31.895+0000] {dagbag.py:538} INFO - Filling up the DagBag from /opt/airflow/dags/weekly_grocery_pipeline.py
[2026-09-10T11:52:31.906+0000] {processor.py:840} INFO - DAG(s) 'weekly_grocery_pipeline' retrieved from /opt/airflow/dags/weekly_grocery_pipeline.py
[2026-09-10T11:52:31.926+0000] {logging_mixin.py:188} INFO - [2026-09-10T11:52:31.926+0000] {dag.py:3036} INFO - Sync 1 DAGs
[2026-09-10T11:52:31.937+0000] {logging_mixin.py:188} INFO - [2026-09-10T11:52:31.937+0000] {dag.py:3823} INFO - Setting next_dagrun for weekly_grocery_pipeline to 2026-09-06 00:00:00+00:00, run_after=2026-09-13 00:00:00+00:00
[2026-09-10T11:52:31.944+0000] {processor.py:183} INFO - Processing /opt/airflow/dags/weekly_grocery_pipeline.py took 0.054 seconds
[2026-09-10T11:53:02.178+0000] {processor.py:161} INFO - Started process (PID=377) to work on /opt/airflow/dags/weekly_grocery_pipeline.py
[2026-09-10T11:53:02.179+0000] {processor.py:830} INFO - Processing file /opt/airflow/dags/weekly_grocery_pipeline.py for tasks to queue
[2026-09-10T11:53:02.179+0000] {logging_mixin.py:188} INFO - [2026-09-10T11:53:02.179+0000] {dagbag.py:538} INFO - Filling up the DagBag from /opt/airflow/dags/weekly_grocery_pipeline.py
[2026-09-10T11:53:02.191+0000] {processor.py:840} INFO - DAG(s) 'weekly_grocery_pipeline' retrieved from /opt/airflow/dags/weekly_grocery_pipeline.py
[2026-09-10T11:53:02.210+0000] {logging_mixin.py:188} INFO - [2026-09-10T11:53:02.209+0000] {dag.py:3036} INFO - Sync 1 DAGs
[2026-09-10T11:53:02.221+0000] {logging_mixin.py:188} INFO - [2026-09-10T11:53:02.221+0000] {dag.py:3823} INFO - Setting next_dagrun for weekly_grocery_pipeline to 2026-09-06 00:00:00+00:00, run_after=2026-09-13 00:00:00+00:00
[2026-09-10T11:53:02.227+0000] {processor.py:183} INFO - Processing /opt/airflow/dags/weekly_grocery_pipeline.py took 0.053 seconds
[2026-09-10T11:53:32.488+0000] {processor.py:161} INFO - Started process (PID=382) to work on /opt/airflow/dags/weekly_grocery_pipeline.py
[2026-09-10T11:53:32.488+0000] {processor.py:830} INFO - Processing file /opt/airflow/dags/weekly_grocery_pipeline.py for tasks to queue
[2026-09-10T11:53:32.489+0000] {logging_mixin.py:188} INFO - [2026-09-10T11:53:32.489+0000] {dagbag.py:538} INFO - Filling up the DagBag from /opt/airflow/dags/weekly_grocery_pipeline.py
[2026-09-10T11:53:32.500+0000] {processor.py:840} INFO - DAG(s) 'weekly_grocery_pipeline' retrieved from /opt/airflow/dags/weekly_grocery_pipeline.py
[2026-09-10T11:53:32.518+0000] {logging_mixin.py:188} INFO - [2026-09-10T11:53:32.518+0000] {dag.py:3036} INFO - Sync 1 DAGs
[2026-09-10T11:53:32.528+0000] {logging_mixin.py:188} INFO - [2026-09-10T11:53:32.528+0000] {dag.py:3823} INFO - Setting next_dagrun for weekly_grocery_pipeline to 2026-09-06 00:00:00+00:00, run_after=2026-09-13 00:00:00+00:00
[2026-09-10T11:53:32.535+0000] {processor.py:183} INFO - Processing /opt/airflow/dags/weekly_grocery_pipeline.py took 0.050 seconds
[2026-09-10T11:54:02.773+0000] {processor.py:161} INFO - Started process (PID=387) to work on /opt/airflow/dags/weekly_grocery_pipeline.py
[2026-09-10T11:54:02.774+0000] {processor.py:830} INFO - Processing file /opt/airflow/dags/weekly_grocery_pipeline.py for tasks to queue
[2026-09-10T11:54:02.775+0000] {logging_mixin.py:188} INFO - [2026-09-10T11:54:02.775+0000] {dagbag.py:538} INFO - Filling up the DagBag from /opt/airflow/dags/weekly_grocery_pipeline.py
[2026-09-10T11:54:02.787+0000] {processor.py:840} INFO - DAG(s) 'weekly_grocery_pipeline' retrieved from /opt/airflow/dags/weekly_grocery_pipeline.py
[2026-09-10T11:54:02.805+0000] {logging_mixin.py:188} INFO - [2026-09-10T11:54:02.805+0000] {dag.py:3036} INFO - Sync 1 DAGs
[2026-09-10T11:54:02.816+0000] {logging_mixin.py:188} INFO - [2026-09-10T11:54:02.816+0000] {dag.py:3823} INFO - Setting next_dagrun for weekly_grocery_pipeline to 2026-09-06 00:00:00+00:00, run_after=2026-09-13 00:00:00+00:00
[2026-09-10T11:54:02.822+0000] {processor.py:183} INFO - Processing /opt/airflow/dags/weekly_grocery_pipeline.py took 0.052 seconds
[2026-09-10T11:54:33.070+0000] {processor.py:161} INFO - Started process (PID=392) to work on /opt/airflow/dags/weekly_grocery_pipeline.py
[2026-09-10T11:54:33.071+0000] {processor.py:830} INFO - Processing file /opt/airflow/dags/weekly_grocery_pipeline.py for tasks to queue
[2026-09-10T11:54:33.072+0000] {logging_mixin.py:188} INFO - [2026-09-10T11:54:33.072+0000] {dagbag.py:538} INFO - Filling up the DagBag from /opt/airflow/dags/weekly_grocery_pipeline.py
[2026-09-10T11:54:33.083+0000] {processor.py:840} INFO - DAG(s) 'weekly_grocery_pipeline' retrieved from /opt/airflow/dags/weekly_grocery_pipeline.py
[2026-09-10T11:54:33.102+0000] {logging_mixin.py:188} INFO - [2026-09-10T11:54:33.102+0000] {dag.py:3036} INFO - Sync 1 DAGs
[2026-09-10T11:54:33.113+0000] {logging_mixin.py:188} INFO - [2026-09-10T11:54:33.113+0000] {dag.py:3823} INFO - Setting next_dagrun for weekly_grocery_pipeline to 2026-09-06 00:00:00+00:00, run_after=2026-09-13 00:00:00+00:00
[2026-09-10T11:54:33.120+0000] {processor.py:183} INFO - Processing /opt/airflow/dags/weekly_grocery_pipeline.py took 0.053 seconds
[2026-09-10T11:55:03.338+0000] {processor.py:161} INFO - Started process (PID=397) to work on /opt/airflow/dags/weekly_grocery_pipeline.py
[2026-09-10T11:55:03.339+0000] {processor.py:830} INFO - Processing file /opt/airflow/dags/weekly_grocery_pipeline.py for tasks to queue
[2026-09-10T11:55:03.340+0000] {logging_mixin.py:188} INFO - [2026-09-10T11:55:03.340+0000] {dagbag.py:538} INFO - Filling up the DagBag from /opt/airflow/dags/weekly_grocery_pipeline.py
[2026-09-10T11:55:03.354+0000] {processor.py:840} INFO - DAG(s) 'weekly_grocery_pipeline' retrieved from /opt/airflow/dags/weekly_grocery_pipeline.py
[2026-09-10T11:55:03.372+0000] {logging_mixin.py:188} INFO - [2026-09-10T11:55:03.372+0000] {dag.py:3036} INFO - Sync 1 DAGs
[2026-09-10T11:55:03.382+0000] {logging_mixin.py:188} INFO - [2026-09-10T11:55:03.382+0000] {dag.py:3823} INFO - Setting next_dagrun for weekly_grocery_pipeline to 2026-09-06 00:00:00+00:00, run_after=2026-09-13 00:00:00+00:00
[2026-09-10T11:55:03.388+0000] {processor.py:183} INFO - Processing /opt/airflow/dags/weekly_grocery_pipeline.py took 0.053 seconds
[2026-09-10T11:55:33.653+0000] {processor.py:161} INFO - Started process (PID=402) to work on /opt/airflow/dags/weekly_grocery_pipeline.py
[2026-09-10T11:55:33.654+0000] {processor.py:830} INFO - Processing file /opt/airflow/dags/weekly_grocery_pipeline.py for tasks to queue
[2026-09-10T11:55:33.655+0000] {logging_mixin.py:188} INFO - [2026-09-10T11:55:33.655+0000] {dagbag.py:538} INFO - Filling up the DagBag from /opt/airflow/dags/weekly_grocery_pipeline.py
[2026-09-10T11:55:33.667+0000] {processor.py:840} INFO - DAG(s) 'weekly_grocery_pipeline' retrieved from /opt/airflow/dags/weekly_grocery_pipeline.py
[2026-09-10T11:55:33.686+0000] {logging_mixin.py:188} INFO - [2026-09-10T11:55:33.686+0000] {dag.py:3036} INFO - Sync 1 DAGs
[2026-09-10T11:55:33.697+0000] {logging_mixin.py:188} INFO - [2026-09-10T11:55:33.697+0000] {dag.py:3823} INFO - Setting next_dagrun for weekly_grocery_pipeline to 2026-09-06 00:00:00+00:00, run_after=2026-09-13 00:00:00+00:00
[2026-09-10T11:55:33.706+0000] {processor.py:183} INFO - Processing /opt/airflow/dags/weekly_grocery_pipeline.py took 0.057 seconds
[2026-09-10T11:56:03.946+0000] {processor.py:161} INFO - Started process (PID=407) to work on /opt/airflow/dags/weekly_grocery_pipeline.py
[2026-09-10T11:56:03.947+0000] {processor.py:830} INFO - Processing file /opt/airflow/dags/weekly_grocery_pipeline.py for tasks to queue
[2026-09-10T11:56:03.948+0000] {logging_mixin.py:188} INFO - [2026-09-10T11:56:03.947+0000] {dagbag.py:538} INFO - Filling up the DagBag from /opt/airflow/dags/weekly_grocery_pipeline.py
[2026-09-10T11:56:03.959+0000] {processor.py:840} INFO - DAG(s) 'weekly_grocery_pipeline' retrieved from /opt/airflow/dags/weekly_grocery_pipeline.py
[2026-09-10T11:56:03.979+0000] {logging_mixin.py:188} INFO - [2026-09-10T11:56:03.979+0000] {dag.py:3036} INFO - Sync 1 DAGs
[2026-09-10T11:56:03.990+0000] {logging_mixin.py:188} INFO - [2026-09-10T11:56:03.990+0000] {dag.py:3823} INFO - Setting next_dagrun for weekly_grocery_pipeline to 2026-09-06 00:00:00+00:00, run_after=2026-09-13 00:00:00+00:00
[2026-09-10T11:56:03.996+0000] {processor.py:183} INFO - Processing /opt/airflow/dags/weekly_grocery_pipeline.py took 0.053 seconds
[2026-09-10T11:56:34.217+0000] {processor.py:161} INFO - Started process (PID=412) to work on /opt/airflow/dags/weekly_grocery_pipeline.py
[2026-09-10T11:56:34.218+0000] {processor.py:830} INFO - Processing file /opt/airflow/dags/weekly_grocery_pipeline.py for tasks to queue
[2026-09-10T11:56:34.218+0000] {logging_mixin.py:188} INFO - [2026-09-10T11:56:34.218+0000] {dagbag.py:538} INFO - Filling up the DagBag from /opt/airflow/dags/weekly_grocery_pipeline.py
[2026-09-10T11:56:34.233+0000] {processor.py:840} INFO - DAG(s) 'weekly_grocery_pipeline' retrieved from /opt/airflow/dags/weekly_grocery_pipeline.py
[2026-09-10T11:56:34.251+0000] {logging_mixin.py:188} INFO - [2026-09-10T11:56:34.251+0000] {dag.py:3036} INFO - Sync 1 DAGs
[2026-09-10T11:56:34.262+0000] {logging_mixin.py:188} INFO - [2026-09-10T11:56:34.261+0000] {dag.py:3823} INFO - Setting next_dagrun for weekly_grocery_pipeline to 2026-09-06 00:00:00+00:00, run_after=2026-09-13 00:00:00+00:00
[2026-09-10T11:56:34.268+0000] {processor.py:183} INFO - Processing /opt/airflow/dags/weekly_grocery_pipeline.py took 0.055 seconds
[2026-09-10T11:57:04.499+0000] {processor.py:161} INFO - Started process (PID=417) to work on /opt/airflow/dags/weekly_grocery_pipeline.py
[2026-09-10T11:57:04.500+0000] {processor.py:830} INFO - Processing file /opt/airflow/dags/weekly_grocery_pipeline.py for tasks to queue
[2026-09-10T11:57:04.500+0000] {logging_mixin.py:188} INFO - [2026-09-10T11:57:04.500+0000] {dagbag.py:538} INFO - Filling up the DagBag from /opt/airflow/dags/weekly_grocery_pipeline.py
[2026-09-10T11:57:04.512+0000] {processor.py:840} INFO - DAG(s) 'weekly_grocery_pipeline' retrieved from /opt/airflow/dags/weekly_grocery_pipeline.py
[2026-09-10T11:57:04.533+0000] {logging_mixin.py:188} INFO - [2026-09-10T11:57:04.533+0000] {dag.py:3036} INFO - Sync 1 DAGs
[2026-09-10T11:57:04.544+0000] {logging_mixin.py:188} INFO - [2026-09-10T11:57:04.544+0000] {dag.py:3823} INFO - Setting next_dagrun for weekly_grocery_pipeline to 2026-09-06 00:00:00+00:00, run_after=2026-09-13 00:00:00+00:00
[2026-09-10T11:57:04.550+0000] {processor.py:183} INFO - Processing /opt/airflow/dags/weekly_grocery_pipeline.py took 0.055 seconds
[2026-09-10T11:57:34.795+0000] {processor.py:161} INFO - Started process (PID=422) to work on /opt/airflow/dags/weekly_grocery_pipeline.py
[2026-09-10T11:57:34.796+0000] {processor.py:830} INFO - Processing file /opt/airflow/dags/weekly_grocery_pipeline.py for tasks to queue
[2026-09-10T11:57:34.797+0000] {logging_mixin.py:188} INFO - [2026-09-10T11:57:34.797+0000] {dagbag.py:538} INFO - Filling up the DagBag from /opt/airflow/dags/weekly_grocery_pipeline.py
[2026-09-10T11:57:34.809+0000] {processor.py:840} INFO - DAG(s) 'weekly_grocery_pipeline' retrieved from /opt/airflow/dags/weekly_grocery_pipeline.py
[2026-09-10T11:57:34.828+0000] {logging_mixin.py:188} INFO - [2026-09-10T11:57:34.828+0000] {dag.py:3036} INFO - Sync 1 DAGs
[2026-09-10T11:57:34.838+0000] {logging_mixin.py:188} INFO - [2026-09-10T11:57:34.838+0000] {dag.py:3823} INFO - Setting next_dagrun for weekly_grocery_pipeline to 2026-09-06 00:00:00+00:00, run_after=2026-09-13 00:00:00+00:00
[2026-09-10T11:57:34.847+0000] {processor.py:183} INFO - Processing /opt/airflow/dags/weekly_grocery_pipeline.py took 0.056 seconds
[2026-09-10T11:58:05.090+0000] {processor.py:161} INFO - Started process (PID=427) to work on /opt/airflow/dags/weekly_grocery_pipeline.py
[2026-09-10T11:58:05.091+0000] {processor.py:830} INFO - Processing file /opt/airflow/dags/weekly_grocery_pipeline.py for tasks to queue
[2026-09-10T11:58:05.092+0000] {logging_mixin.py:188} INFO - [2026-09-10T11:58:05.091+0000] {dagbag.py:538} INFO - Filling up the DagBag from /opt/airflow/dags/weekly_grocery_pipeline.py
[2026-09-10T11:58:05.103+0000] {processor.py:840} INFO - DAG(s) 'weekly_grocery_pipeline' retrieved from /opt/airflow/dags/weekly_grocery_pipeline.py
[2026-09-10T11:58:05.122+0000] {logging_mixin.py:188} INFO - [2026-09-10T11:58:05.122+0000] {dag.py:3036} INFO - Sync 1 DAGs
[2026-09-10T11:58:05.133+0000] {logging_mixin.py:188} INFO - [2026-09-10T11:58:05.133+0000] {dag.py:3823} INFO - Setting next_dagrun for weekly_grocery_pipeline to 2026-09-06 00:00:00+00:00, run_after=2026-09-13 00:00:00+00:00
[2026-09-10T11:58:05.139+0000] {processor.py:183} INFO - Processing /opt/airflow/dags/weekly_grocery_pipeline.py took 0.052 seconds
[2026-09-10T11:58:35.355+0000] {processor.py:161} INFO - Started process (PID=432) to work on /opt/airflow/dags/weekly_grocery_pipeline.py
[2026-09-10T11:58:35.356+0000] {processor.py:830} INFO - Processing file /opt/airflow/dags/weekly_grocery_pipeline.py for tasks to queue
[2026-09-10T11:58:35.357+0000] {logging_mixin.py:188} INFO - [2026-09-10T11:58:35.356+0000] {dagbag.py:538} INFO - Filling up the DagBag from /opt/airflow/dags/weekly_grocery_pipeline.py
[2026-09-10T11:58:35.368+0000] {processor.py:840} INFO - DAG(s) 'weekly_grocery_pipeline' retrieved from /opt/airflow/dags/weekly_grocery_pipeline.py
[2026-09-10T11:58:35.384+0000] {logging_mixin.py:188} INFO - [2026-09-10T11:58:35.384+0000] {dag.py:3036} INFO - Sync 1 DAGs
[2026-09-10T11:58:35.393+0000] {logging_mixin.py:188} INFO - [2026-09-10T11:58:35.393+0000] {dag.py:3823} INFO - Setting next_dagrun for weekly_grocery_pipeline to 2026-09-06 00:00:00+00:00, run_after=2026-09-13 00:00:00+00:00
[2026-09-10T11:58:35.399+0000] {processor.py:183} INFO - Processing /opt/airflow/dags/weekly_grocery_pipeline.py took 0.047 seconds
[2026-09-10T11:59:05.645+0000] {processor.py:161} INFO - Started process (PID=437) to work on /opt/airflow/dags/weekly_grocery_pipeline.py
[2026-09-10T11:59:05.646+0000] {processor.py:830} INFO - Processing file /opt/airflow/dags/weekly_grocery_pipeline.py for tasks to queue
[2026-09-10T11:59:05.647+0000] {logging_mixin.py:188} INFO - [2026-09-10T11:59:05.647+0000] {dagbag.py:538} INFO - Filling up the DagBag from /opt/airflow/dags/weekly_grocery_pipeline.py
[2026-09-10T11:59:05.659+0000] {processor.py:840} INFO - DAG(s) 'weekly_grocery_pipeline' retrieved from /opt/airflow/dags/weekly_grocery_pipeline.py
[2026-09-10T11:59:05.678+0000] {logging_mixin.py:188} INFO - [2026-09-10T11:59:05.678+0000] {dag.py:3036} INFO - Sync 1 DAGs
[2026-09-10T11:59:05.689+0000] {logging_mixin.py:188} INFO - [2026-09-10T11:59:05.689+0000] {dag.py:3823} INFO - Setting next_dagrun for weekly_grocery_pipeline to 2026-09-06 00:00:00+00:00, run_after=2026-09-13 00:00:00+00:00
[2026-09-10T11:59:05.696+0000] {processor.py:183} INFO - Processing /opt/airflow/dags/weekly_grocery_pipeline.py took 0.054 seconds
[2026-09-10T12:01:12.880+0000] {processor.py:161} INFO - Started process (PID=444) to work on /opt/airflow/dags/weekly_grocery_pipeline.py
[2026-09-10T12:01:12.881+0000] {processor.py:830} INFO - Processing file /opt/airflow/dags/weekly_grocery_pipeline.py for tasks to queue
[2026-09-10T12:01:12.881+0000] {logging_mixin.py:188} INFO - [2026-09-10T12:01:12.881+0000] {dagbag.py:538} INFO - Filling up the DagBag from /opt/airflow/dags/weekly_grocery_pipeline.py
[2026-09-10T12:01:12.891+0000] {processor.py:840} INFO - DAG(s) 'weekly_grocery_pipeline' retrieved from /opt/airflow/dags/weekly_grocery_pipeline.py
[2026-09-10T12:01:12.908+0000] {logging_mixin.py:188} INFO - [2026-09-10T12:01:12.908+0000] {dag.py:3036} INFO - Sync 1 DAGs
[2026-09-10T12:01:12.918+0000] {logging_mixin.py:188} INFO - [2026-09-10T12:01:12.917+0000] {dag.py:3823} INFO - Setting next_dagrun for weekly_grocery_pipeline to 2026-09-06 00:00:00+00:00, run_after=2026-09-13 00:00:00+00:00
[2026-09-10T12:01:12.924+0000] {processor.py:183} INFO - Processing /opt/airflow/dags/weekly_grocery_pipeline.py took 0.047 seconds
[2026-09-10T12:19:42.956+0000] {processor.py:161} INFO - Started process (PID=449) to work on /opt/airflow/dags/weekly_grocery_pipeline.py
[2026-09-10T12:19:42.957+0000] {processor.py:830} INFO - Processing file /opt/airflow/dags/weekly_grocery_pipeline.py for tasks to queue
[2026-09-10T12:19:42.957+0000] {logging_mixin.py:188} INFO - [2026-09-10T12:19:42.957+0000] {dagbag.py:538} INFO - Filling up the DagBag from /opt/airflow/dags/weekly_grocery_pipeline.py
[2026-09-10T12:19:42.967+0000] {processor.py:840} INFO - DAG(s) 'weekly_grocery_pipeline' retrieved from /opt/airflow/dags/weekly_grocery_pipeline.py
[2026-09-10T12:19:42.993+0000] {logging_mixin.py:188} INFO - [2026-09-10T12:19:42.993+0000] {dag.py:3036} INFO - Sync 1 DAGs
[2026-09-10T12:19:43.011+0000] {logging_mixin.py:188} INFO - [2026-09-10T12:19:43.010+0000] {dag.py:3823} INFO - Setting next_dagrun for weekly_grocery_pipeline to 2026-09-06 00:00:00+00:00, run_after=2026-09-13 00:00:00+00:00
[2026-09-10T12:19:43.025+0000] {processor.py:183} INFO - Processing /opt/airflow/dags/weekly_grocery_pipeline.py took 0.072 seconds
[2026-09-10T12:29:49.940+0000] {processor.py:161} INFO - Started process (PID=454) to work on /opt/airflow/dags/weekly_grocery_pipeline.py
[2026-09-10T12:29:49.941+0000] {processor.py:830} INFO - Processing file /opt/airflow/dags/weekly_grocery_pipeline.py for tasks to queue
[2026-09-10T12:29:49.944+0000] {logging_mixin.py:188} INFO - [2026-09-10T12:29:49.942+0000] {dagbag.py:538} INFO - Filling up the DagBag from /opt/airflow/dags/weekly_grocery_pipeline.py
[2026-09-10T12:29:49.963+0000] {processor.py:840} INFO - DAG(s) 'weekly_grocery_pipeline' retrieved from /opt/airflow/dags/weekly_grocery_pipeline.py
[2026-09-10T12:29:49.992+0000] {logging_mixin.py:188} INFO - [2026-09-10T12:29:49.992+0000] {dag.py:3036} INFO - Sync 1 DAGs
[2026-09-10T12:29:50.012+0000] {logging_mixin.py:188} INFO - [2026-09-10T12:29:50.012+0000] {dag.py:3823} INFO - Setting next_dagrun for weekly_grocery_pipeline to 2026-09-06 00:00:00+00:00, run_after=2026-09-13 00:00:00+00:00
[2026-09-10T12:29:50.025+0000] {processor.py:183} INFO - Processing /opt/airflow/dags/weekly_grocery_pipeline.py took 0.090 seconds
[2026-09-10T12:32:48.654+0000] {processor.py:161} INFO - Started process (PID=461) to work on /opt/airflow/dags/weekly_grocery_pipeline.py
[2026-09-10T12:32:48.656+0000] {processor.py:830} INFO - Processing file /opt/airflow/dags/weekly_grocery_pipeline.py for tasks to queue
[2026-09-10T12:32:48.657+0000] {logging_mixin.py:188} INFO - [2026-09-10T12:32:48.656+0000] {dagbag.py:538} INFO - Filling up the DagBag from /opt/airflow/dags/weekly_grocery_pipeline.py
[2026-09-10T12:32:48.681+0000] {processor.py:840} INFO - DAG(s) 'weekly_grocery_pipeline' retrieved from /opt/airflow/dags/weekly_grocery_pipeline.py
[2026-09-10T12:32:48.721+0000] {logging_mixin.py:188} INFO - [2026-09-10T12:32:48.721+0000] {dag.py:3036} INFO - Sync 1 DAGs
[2026-09-10T12:32:48.742+0000] {logging_mixin.py:188} INFO - [2026-09-10T12:32:48.742+0000] {dag.py:3823} INFO - Setting next_dagrun for weekly_grocery_pipeline to 2026-09-06 00:00:00+00:00, run_after=2026-09-13 00:00:00+00:00
[2026-09-10T12:32:48.758+0000] {processor.py:183} INFO - Processing /opt/airflow/dags/weekly_grocery_pipeline.py took 0.110 seconds
[2026-09-10T12:33:18.941+0000] {processor.py:161} INFO - Started process (PID=466) to work on /opt/airflow/dags/weekly_grocery_pipeline.py
[2026-09-10T12:33:18.942+0000] {processor.py:830} INFO - Processing file /opt/airflow/dags/weekly_grocery_pipeline.py for tasks to queue
[2026-09-10T12:33:18.942+0000] {logging_mixin.py:188} INFO - [2026-09-10T12:33:18.942+0000] {dagbag.py:538} INFO - Filling up the DagBag from /opt/airflow/dags/weekly_grocery_pipeline.py
[2026-09-10T12:33:18.950+0000] {processor.py:840} INFO - DAG(s) 'weekly_grocery_pipeline' retrieved from /opt/airflow/dags/weekly_grocery_pipeline.py
[2026-09-10T12:33:18.966+0000] {logging_mixin.py:188} INFO - [2026-09-10T12:33:18.965+0000] {dag.py:3036} INFO - Sync 1 DAGs
[2026-09-10T12:33:18.975+0000] {logging_mixin.py:188} INFO - [2026-09-10T12:33:18.975+0000] {dag.py:3823} INFO - Setting next_dagrun for weekly_grocery_pipeline to 2026-09-06 00:00:00+00:00, run_after=2026-09-13 00:00:00+00:00
[2026-09-10T12:33:18.981+0000] {processor.py:183} INFO - Processing /opt/airflow/dags/weekly_grocery_pipeline.py took 0.043 seconds
[2026-09-10T12:48:44.423+0000] {processor.py:161} INFO - Started process (PID=471) to work on /opt/airflow/dags/weekly_grocery_pipeline.py
[2026-09-10T12:48:44.424+0000] {processor.py:830} INFO - Processing file /opt/airflow/dags/weekly_grocery_pipeline.py for tasks to queue
[2026-09-10T12:48:44.424+0000] {logging_mixin.py:188} INFO - [2026-09-10T12:48:44.424+0000] {dagbag.py:538} INFO - Filling up the DagBag from /opt/airflow/dags/weekly_grocery_pipeline.py
[2026-09-10T12:48:44.438+0000] {processor.py:840} INFO - DAG(s) 'weekly_grocery_pipeline' retrieved from /opt/airflow/dags/weekly_grocery_pipeline.py
[2026-09-10T12:48:44.462+0000] {logging_mixin.py:188} INFO - [2026-09-10T12:48:44.462+0000] {dag.py:3036} INFO - Sync 1 DAGs
[2026-09-10T12:48:44.480+0000] {logging_mixin.py:188} INFO - [2026-09-10T12:48:44.480+0000] {dag.py:3823} INFO - Setting next_dagrun for weekly_grocery_pipeline to 2026-09-06 00:00:00+00:00, run_after=2026-09-13 00:00:00+00:00
[2026-09-10T12:48:44.492+0000] {processor.py:183} INFO - Processing /opt/airflow/dags/weekly_grocery_pipeline.py took 0.072 seconds
[2026-09-10T13:01:00.076+0000] {processor.py:161} INFO - Started process (PID=476) to work on /opt/airflow/dags/weekly_grocery_pipeline.py
[2026-09-10T13:01:00.077+0000] {processor.py:830} INFO - Processing file /opt/airflow/dags/weekly_grocery_pipeline.py for tasks to queue
[2026-09-10T13:01:00.078+0000] {logging_mixin.py:188} INFO - [2026-09-10T13:01:00.078+0000] {dagbag.py:538} INFO - Filling up the DagBag from /opt/airflow/dags/weekly_grocery_pipeline.py
[2026-09-10T13:01:00.092+0000] {processor.py:840} INFO - DAG(s) 'weekly_grocery_pipeline' retrieved from /opt/airflow/dags/weekly_grocery_pipeline.py
[2026-09-10T13:01:00.111+0000] {logging_mixin.py:188} INFO - [2026-09-10T13:01:00.111+0000] {dag.py:3036} INFO - Sync 1 DAGs
[2026-09-10T13:01:00.123+0000] {logging_mixin.py:188} INFO - [2026-09-10T13:01:00.123+0000] {dag.py:3823} INFO - Setting next_dagrun for weekly_grocery_pipeline to 2026-09-06 00:00:00+00:00, run_after=2026-09-13 00:00:00+00:00
[2026-09-10T13:01:00.130+0000] {processor.py:183} INFO - Processing /opt/airflow/dags/weekly_grocery_pipeline.py took 0.057 seconds
[2026-09-10T13:01:30.382+0000] {processor.py:161} INFO - Started process (PID=481) to work on /opt/airflow/dags/weekly_grocery_pipeline.py
[2026-09-10T13:01:30.383+0000] {processor.py:830} INFO - Processing file /opt/airflow/dags/weekly_grocery_pipeline.py for tasks to queue
[2026-09-10T13:01:30.384+0000] {logging_mixin.py:188} INFO - [2026-09-10T13:01:30.383+0000] {dagbag.py:538} INFO - Filling up the DagBag from /opt/airflow/dags/weekly_grocery_pipeline.py
[2026-09-10T13:01:30.396+0000] {processor.py:840} INFO - DAG(s) 'weekly_grocery_pipeline' retrieved from /opt/airflow/dags/weekly_grocery_pipeline.py
[2026-09-10T13:01:30.415+0000] {logging_mixin.py:188} INFO - [2026-09-10T13:01:30.415+0000] {dag.py:3036} INFO - Sync 1 DAGs
[2026-09-10T13:01:30.426+0000] {logging_mixin.py:188} INFO - [2026-09-10T13:01:30.425+0000] {dag.py:3823} INFO - Setting next_dagrun for weekly_grocery_pipeline to 2026-09-06 00:00:00+00:00, run_after=2026-09-13 00:00:00+00:00
[2026-09-10T13:01:30.433+0000] {processor.py:183} INFO - Processing /opt/airflow/dags/weekly_grocery_pipeline.py took 0.054 seconds
[2026-09-10T13:02:00.669+0000] {processor.py:161} INFO - Started process (PID=486) to work on /opt/airflow/dags/weekly_grocery_pipeline.py
[2026-09-10T13:02:00.671+0000] {processor.py:830} INFO - Processing file /opt/airflow/dags/weekly_grocery_pipeline.py for tasks to queue
[2026-09-10T13:02:00.672+0000] {logging_mixin.py:188} INFO - [2026-09-10T13:02:00.671+0000] {dagbag.py:538} INFO - Filling up the DagBag from /opt/airflow/dags/weekly_grocery_pipeline.py
[2026-09-10T13:02:00.687+0000] {processor.py:840} INFO - DAG(s) 'weekly_grocery_pipeline' retrieved from /opt/airflow/dags/weekly_grocery_pipeline.py
[2026-09-10T13:02:00.707+0000] {logging_mixin.py:188} INFO - [2026-09-10T13:02:00.707+0000] {dag.py:3036} INFO - Sync 1 DAGs
[2026-09-10T13:02:00.719+0000] {logging_mixin.py:188} INFO - [2026-09-10T13:02:00.719+0000] {dag.py:3823} INFO - Setting next_dagrun for weekly_grocery_pipeline to 2026-09-06 00:00:00+00:00, run_after=2026-09-13 00:00:00+00:00
[2026-09-10T13:02:00.727+0000] {processor.py:183} INFO - Processing /opt/airflow/dags/weekly_grocery_pipeline.py took 0.061 seconds
[2026-09-10T13:02:30.971+0000] {processor.py:161} INFO - Started process (PID=491) to work on /opt/airflow/dags/weekly_grocery_pipeline.py
[2026-09-10T13:02:30.972+0000] {processor.py:830} INFO - Processing file /opt/airflow/dags/weekly_grocery_pipeline.py for tasks to queue
[2026-09-10T13:02:30.973+0000] {logging_mixin.py:188} INFO - [2026-09-10T13:02:30.973+0000] {dagbag.py:538} INFO - Filling up the DagBag from /opt/airflow/dags/weekly_grocery_pipeline.py
[2026-09-10T13:02:30.986+0000] {processor.py:840} INFO - DAG(s) 'weekly_grocery_pipeline' retrieved from /opt/airflow/dags/weekly_grocery_pipeline.py
[2026-09-10T13:02:31.005+0000] {logging_mixin.py:188} INFO - [2026-09-10T13:02:31.005+0000] {dag.py:3036} INFO - Sync 1 DAGs
[2026-09-10T13:02:31.017+0000] {logging_mixin.py:188} INFO - [2026-09-10T13:02:31.017+0000] {dag.py:3823} INFO - Setting next_dagrun for weekly_grocery_pipeline to 2026-09-06 00:00:00+00:00, run_after=2026-09-13 00:00:00+00:00
[2026-09-10T13:02:31.024+0000] {processor.py:183} INFO - Processing /opt/airflow/dags/weekly_grocery_pipeline.py took 0.055 seconds
[2026-09-10T13:03:01.257+0000] {processor.py:161} INFO - Started process (PID=496) to work on /opt/airflow/dags/weekly_grocery_pipeline.py
[2026-09-10T13:03:01.258+0000] {processor.py:830} INFO - Processing file /opt/airflow/dags/weekly_grocery_pipeline.py for tasks to queue
[2026-09-10T13:03:01.259+0000] {logging_mixin.py:188} INFO - [2026-09-10T13:03:01.258+0000] {dagbag.py:538} INFO - Filling up the DagBag from /opt/airflow/dags/weekly_grocery_pipeline.py
[2026-09-10T13:03:01.270+0000] {processor.py:840} INFO - DAG(s) 'weekly_grocery_pipeline' retrieved from /opt/airflow/dags/weekly_grocery_pipeline.py
[2026-09-10T13:03:01.288+0000] {logging_mixin.py:188} INFO - [2026-09-10T13:03:01.288+0000] {dag.py:3036} INFO - Sync 1 DAGs
[2026-09-10T13:03:01.299+0000] {logging_mixin.py:188} INFO - [2026-09-10T13:03:01.299+0000] {dag.py:3823} INFO - Setting next_dagrun for weekly_grocery_pipeline to 2026-09-06 00:00:00+00:00, run_after=2026-09-13 00:00:00+00:00
[2026-09-10T13:03:01.306+0000] {processor.py:183} INFO - Processing /opt/airflow/dags/weekly_grocery_pipeline.py took 0.052 seconds
[2026-09-10T13:03:31.538+0000] {processor.py:161} INFO - Started process (PID=501) to work on /opt/airflow/dags/weekly_grocery_pipeline.py
[2026-09-10T13:03:31.539+0000] {processor.py:830} INFO - Processing file /opt/airflow/dags/weekly_grocery_pipeline.py for tasks to queue
[2026-09-10T13:03:31.540+0000] {logging_mixin.py:188} INFO - [2026-09-10T13:03:31.540+0000] {dagbag.py:538} INFO - Filling up the DagBag from /opt/airflow/dags/weekly_grocery_pipeline.py
[2026-09-10T13:03:31.553+0000] {processor.py:840} INFO - DAG(s) 'weekly_grocery_pipeline' retrieved from /opt/airflow/dags/weekly_grocery_pipeline.py
[2026-09-10T13:03:31.574+0000] {logging_mixin.py:188} INFO - [2026-09-10T13:03:31.574+0000] {dag.py:3036} INFO - Sync 1 DAGs
[2026-09-10T13:03:31.585+0000] {logging_mixin.py:188} INFO - [2026-09-10T13:03:31.585+0000] {dag.py:3823} INFO - Setting next_dagrun for weekly_grocery_pipeline to 2026-09-06 00:00:00+00:00, run_after=2026-09-13 00:00:00+00:00
[2026-09-10T13:03:31.591+0000] {processor.py:183} INFO - Processing /opt/airflow/dags/weekly_grocery_pipeline.py took 0.057 seconds
[2026-09-10T13:04:01.828+0000] {processor.py:161} INFO - Started process (PID=506) to work on /opt/airflow/dags/weekly_grocery_pipeline.py
[2026-09-10T13:04:01.829+0000] {processor.py:830} INFO - Processing file /opt/airflow/dags/weekly_grocery_pipeline.py for tasks to queue
[2026-09-10T13:04:01.830+0000] {logging_mixin.py:188} INFO - [2026-09-10T13:04:01.830+0000] {dagbag.py:538} INFO - Filling up the DagBag from /opt/airflow/dags/weekly_grocery_pipeline.py
[2026-09-10T13:04:01.841+0000] {processor.py:840} INFO - DAG(s) 'weekly_grocery_pipeline' retrieved from /opt/airflow/dags/weekly_grocery_pipeline.py
[2026-09-10T13:04:01.859+0000] {logging_mixin.py:188} INFO - [2026-09-10T13:04:01.859+0000] {dag.py:3036} INFO - Sync 1 DAGs
[2026-09-10T13:04:01.871+0000] {logging_mixin.py:188} INFO - [2026-09-10T13:04:01.871+0000] {dag.py:3823} INFO - Setting next_dagrun for weekly_grocery_pipeline to 2026-09-06 00:00:00+00:00, run_after=2026-09-13 00:00:00+00:00
[2026-09-10T13:04:01.879+0000] {processor.py:183} INFO - Processing /opt/airflow/dags/weekly_grocery_pipeline.py took 0.053 seconds
[2026-09-10T13:04:32.084+0000] {processor.py:161} INFO - Started process (PID=511) to work on /opt/airflow/dags/weekly_grocery_pipeline.py
[2026-09-10T13:04:32.084+0000] {processor.py:830} INFO - Processing file /opt/airflow/dags/weekly_grocery_pipeline.py for tasks to queue
[2026-09-10T13:04:32.085+0000] {logging_mixin.py:188} INFO - [2026-09-10T13:04:32.085+0000] {dagbag.py:538} INFO - Filling up the DagBag from /opt/airflow/dags/weekly_grocery_pipeline.py
[2026-09-10T13:04:32.093+0000] {processor.py:840} INFO - DAG(s) 'weekly_grocery_pipeline' retrieved from /opt/airflow/dags/weekly_grocery_pipeline.py
[2026-09-10T13:04:32.107+0000] {logging_mixin.py:188} INFO - [2026-09-10T13:04:32.107+0000] {dag.py:3036} INFO - Sync 1 DAGs
[2026-09-10T13:04:32.118+0000] {logging_mixin.py:188} INFO - [2026-09-10T13:04:32.118+0000] {dag.py:3823} INFO - Setting next_dagrun for weekly_grocery_pipeline to 2026-09-06 00:00:00+00:00, run_after=2026-09-13 00:00:00+00:00
[2026-09-10T13:04:32.125+0000] {processor.py:183} INFO - Processing /opt/airflow/dags/weekly_grocery_pipeline.py took 0.043 seconds
[2026-09-10T13:05:02.309+0000] {processor.py:161} INFO - Started process (PID=516) to work on /opt/airflow/dags/weekly_grocery_pipeline.py
[2026-09-10T13:05:02.310+0000] {processor.py:830} INFO - Processing file /opt/airflow/dags/weekly_grocery_pipeline.py for tasks to queue
[2026-09-10T13:05:02.310+0000] {logging_mixin.py:188} INFO - [2026-09-10T13:05:02.310+0000] {dagbag.py:538} INFO - Filling up the DagBag from /opt/airflow/dags/weekly_grocery_pipeline.py
[2026-09-10T13:05:02.317+0000] {processor.py:840} INFO - DAG(s) 'weekly_grocery_pipeline' retrieved from /opt/airflow/dags/weekly_grocery_pipeline.py
[2026-09-10T13:05:02.330+0000] {logging_mixin.py:188} INFO - [2026-09-10T13:05:02.330+0000] {dag.py:3036} INFO - Sync 1 DAGs
[2026-09-10T13:05:02.339+0000] {logging_mixin.py:188} INFO - [2026-09-10T13:05:02.339+0000] {dag.py:3823} INFO - Setting next_dagrun for weekly_grocery_pipeline to 2026-09-06 00:00:00+00:00, run_after=2026-09-13 00:00:00+00:00
[2026-09-10T13:05:02.345+0000] {processor.py:183} INFO - Processing /opt/airflow/dags/weekly_grocery_pipeline.py took 0.038 seconds
[2026-09-10T13:05:32.523+0000] {processor.py:161} INFO - Started process (PID=521) to work on /opt/airflow/dags/weekly_grocery_pipeline.py
[2026-09-10T13:05:32.523+0000] {processor.py:830} INFO - Processing file /opt/airflow/dags/weekly_grocery_pipeline.py for tasks to queue
[2026-09-10T13:05:32.524+0000] {logging_mixin.py:188} INFO - [2026-09-10T13:05:32.524+0000] {dagbag.py:538} INFO - Filling up the DagBag from /opt/airflow/dags/weekly_grocery_pipeline.py
[2026-09-10T13:05:32.531+0000] {processor.py:840} INFO - DAG(s) 'weekly_grocery_pipeline' retrieved from /opt/airflow/dags/weekly_grocery_pipeline.py
[2026-09-10T13:05:32.544+0000] {logging_mixin.py:188} INFO - [2026-09-10T13:05:32.544+0000] {dag.py:3036} INFO - Sync 1 DAGs
[2026-09-10T13:05:32.553+0000] {logging_mixin.py:188} INFO - [2026-09-10T13:05:32.553+0000] {dag.py:3823} INFO - Setting next_dagrun for weekly_grocery_pipeline to 2026-09-06 00:00:00+00:00, run_after=2026-09-13 00:00:00+00:00
[2026-09-10T13:05:32.559+0000] {processor.py:183} INFO - Processing /opt/airflow/dags/weekly_grocery_pipeline.py took 0.038 seconds
[2026-09-10T13:06:02.740+0000] {processor.py:161} INFO - Started process (PID=526) to work on /opt/airflow/dags/weekly_grocery_pipeline.py
[2026-09-10T13:06:02.741+0000] {processor.py:830} INFO - Processing file /opt/airflow/dags/weekly_grocery_pipeline.py for tasks to queue
[2026-09-10T13:06:02.741+0000] {logging_mixin.py:188} INFO - [2026-09-10T13:06:02.741+0000] {dagbag.py:538} INFO - Filling up the DagBag from /opt/airflow/dags/weekly_grocery_pipeline.py
[2026-09-10T13:06:02.749+0000] {processor.py:840} INFO - DAG(s) 'weekly_grocery_pipeline' retrieved from /opt/airflow/dags/weekly_grocery_pipeline.py
[2026-09-10T13:06:02.764+0000] {logging_mixin.py:188} INFO - [2026-09-10T13:06:02.764+0000] {dag.py:3036} INFO - Sync 1 DAGs
[2026-09-10T13:06:02.774+0000] {logging_mixin.py:188} INFO - [2026-09-10T13:06:02.774+0000] {dag.py:3823} INFO - Setting next_dagrun for weekly_grocery_pipeline to 2026-09-06 00:00:00+00:00, run_after=2026-09-13 00:00:00+00:00
[2026-09-10T13:06:02.780+0000] {processor.py:183} INFO - Processing /opt/airflow/dags/weekly_grocery_pipeline.py took 0.042 seconds
[2026-09-10T13:06:32.962+0000] {processor.py:161} INFO - Started process (PID=531) to work on /opt/airflow/dags/weekly_grocery_pipeline.py
[2026-09-10T13:06:32.962+0000] {processor.py:830} INFO - Processing file /opt/airflow/dags/weekly_grocery_pipeline.py for tasks to queue
[2026-09-10T13:06:32.963+0000] {logging_mixin.py:188} INFO - [2026-09-10T13:06:32.962+0000] {dagbag.py:538} INFO - Filling up the DagBag from /opt/airflow/dags/weekly_grocery_pipeline.py
[2026-09-10T13:06:32.970+0000] {processor.py:840} INFO - DAG(s) 'weekly_grocery_pipeline' retrieved from /opt/airflow/dags/weekly_grocery_pipeline.py
[2026-09-10T13:06:32.983+0000] {logging_mixin.py:188} INFO - [2026-09-10T13:06:32.983+0000] {dag.py:3036} INFO - Sync 1 DAGs
[2026-09-10T13:06:32.993+0000] {logging_mixin.py:188} INFO - [2026-09-10T13:06:32.993+0000] {dag.py:3823} INFO - Setting next_dagrun for weekly_grocery_pipeline to 2026-09-06 00:00:00+00:00, run_after=2026-09-13 00:00:00+00:00
[2026-09-10T13:06:32.999+0000] {processor.py:183} INFO - Processing /opt/airflow/dags/weekly_grocery_pipeline.py took 0.040 seconds
[2026-09-10T13:07:03.171+0000] {processor.py:161} INFO - Started process (PID=536) to work on /opt/airflow/dags/weekly_grocery_pipeline.py
[2026-09-10T13:07:03.172+0000] {processor.py:830} INFO - Processing file /opt/airflow/dags/weekly_grocery_pipeline.py for tasks to queue
[2026-09-10T13:07:03.172+0000] {logging_mixin.py:188} INFO - [2026-09-10T13:07:03.172+0000] {dagbag.py:538} INFO - Filling up the DagBag from /opt/airflow/dags/weekly_grocery_pipeline.py
[2026-09-10T13:07:03.179+0000] {processor.py:840} INFO - DAG(s) 'weekly_grocery_pipeline' retrieved from /opt/airflow/dags/weekly_grocery_pipeline.py
[2026-09-10T13:07:03.192+0000] {logging_mixin.py:188} INFO - [2026-09-10T13:07:03.192+0000] {dag.py:3036} INFO - Sync 1 DAGs
[2026-09-10T13:07:03.202+0000] {logging_mixin.py:188} INFO - [2026-09-10T13:07:03.201+0000] {dag.py:3823} INFO - Setting next_dagrun for weekly_grocery_pipeline to 2026-09-06 00:00:00+00:00, run_after=2026-09-13 00:00:00+00:00
[2026-09-10T13:07:03.208+0000] {processor.py:183} INFO - Processing /opt/airflow/dags/weekly_grocery_pipeline.py took 0.038 seconds
[2026-09-10T13:07:33.385+0000] {processor.py:161} INFO - Started process (PID=541) to work on /opt/airflow/dags/weekly_grocery_pipeline.py
[2026-09-10T13:07:33.386+0000] {processor.py:830} INFO - Processing file /opt/airflow/dags/weekly_grocery_pipeline.py for tasks to queue
[2026-09-10T13:07:33.387+0000] {logging_mixin.py:188} INFO - [2026-09-10T13:07:33.386+0000] {dagbag.py:538} INFO - Filling up the DagBag from /opt/airflow/dags/weekly_grocery_pipeline.py
[2026-09-10T13:07:33.395+0000] {processor.py:840} INFO - DAG(s) 'weekly_grocery_pipeline' retrieved from /opt/airflow/dags/weekly_grocery_pipeline.py
[2026-09-10T13:07:33.411+0000] {logging_mixin.py:188} INFO - [2026-09-10T13:07:33.411+0000] {dag.py:3036} INFO - Sync 1 DAGs
[2026-09-10T13:07:33.420+0000] {logging_mixin.py:188} INFO - [2026-09-10T13:07:33.420+0000] {dag.py:3823} INFO - Setting next_dagrun for weekly_grocery_pipeline to 2026-09-06 00:00:00+00:00, run_after=2026-09-13 00:00:00+00:00
[2026-09-10T13:07:33.426+0000] {processor.py:183} INFO - Processing /opt/airflow/dags/weekly_grocery_pipeline.py took 0.043 seconds
[2026-09-10T13:08:03.593+0000] {processor.py:161} INFO - Started process (PID=546) to work on /opt/airflow/dags/weekly_grocery_pipeline.py
[2026-09-10T13:08:03.594+0000] {processor.py:830} INFO - Processing file /opt/airflow/dags/weekly_grocery_pipeline.py for tasks to queue
[2026-09-10T13:08:03.594+0000] {logging_mixin.py:188} INFO - [2026-09-10T13:08:03.594+0000] {dagbag.py:538} INFO - Filling up the DagBag from /opt/airflow/dags/weekly_grocery_pipeline.py
[2026-09-10T13:08:03.601+0000] {processor.py:840} INFO - DAG(s) 'weekly_grocery_pipeline' retrieved from /opt/airflow/dags/weekly_grocery_pipeline.py
[2026-09-10T13:08:03.616+0000] {logging_mixin.py:188} INFO - [2026-09-10T13:08:03.616+0000] {dag.py:3036} INFO - Sync 1 DAGs
[2026-09-10T13:08:03.626+0000] {logging_mixin.py:188} INFO - [2026-09-10T13:08:03.626+0000] {dag.py:3823} INFO - Setting next_dagrun for weekly_grocery_pipeline to 2026-09-06 00:00:00+00:00, run_after=2026-09-13 00:00:00+00:00
[2026-09-10T13:08:03.632+0000] {processor.py:183} INFO - Processing /opt/airflow/dags/weekly_grocery_pipeline.py took 0.041 seconds
[2026-09-10T13:08:33.883+0000] {processor.py:161} INFO - Started process (PID=551) to work on /opt/airflow/dags/weekly_grocery_pipeline.py
[2026-09-10T13:08:33.884+0000] {processor.py:830} INFO - Processing file /opt/airflow/dags/weekly_grocery_pipeline.py for tasks to queue
[2026-09-10T13:08:33.884+0000] {logging_mixin.py:188} INFO - [2026-09-10T13:08:33.884+0000] {dagbag.py:538} INFO - Filling up the DagBag from /opt/airflow/dags/weekly_grocery_pipeline.py
[2026-09-10T13:08:33.894+0000] {processor.py:840} INFO - DAG(s) 'weekly_grocery_pipeline' retrieved from /opt/airflow/dags/weekly_grocery_pipeline.py
[2026-09-10T13:08:33.912+0000] {logging_mixin.py:188} INFO - [2026-09-10T13:08:33.912+0000] {dag.py:3036} INFO - Sync 1 DAGs
[2026-09-10T13:08:33.923+0000] {logging_mixin.py:188} INFO - [2026-09-10T13:08:33.923+0000] {dag.py:3823} INFO - Setting next_dagrun for weekly_grocery_pipeline to 2026-09-06 00:00:00+00:00, run_after=2026-09-13 00:00:00+00:00
[2026-09-10T13:08:33.930+0000] {processor.py:183} INFO - Processing /opt/airflow/dags/weekly_grocery_pipeline.py took 0.050 seconds
[2026-09-10T13:09:04.193+0000] {processor.py:161} INFO - Started process (PID=556) to work on /opt/airflow/dags/weekly_grocery_pipeline.py
[2026-09-10T13:09:04.194+0000] {processor.py:830} INFO - Processing file /opt/airflow/dags/weekly_grocery_pipeline.py for tasks to queue
[2026-09-10T13:09:04.194+0000] {logging_mixin.py:188} INFO - [2026-09-10T13:09:04.194+0000] {dagbag.py:538} INFO - Filling up the DagBag from /opt/airflow/dags/weekly_grocery_pipeline.py
[2026-09-10T13:09:04.204+0000] {processor.py:840} INFO - DAG(s) 'weekly_grocery_pipeline' retrieved from /opt/airflow/dags/weekly_grocery_pipeline.py
[2026-09-10T13:09:04.223+0000] {logging_mixin.py:188} INFO - [2026-09-10T13:09:04.223+0000] {dag.py:3036} INFO - Sync 1 DAGs
[2026-09-10T13:09:04.235+0000] {logging_mixin.py:188} INFO - [2026-09-10T13:09:04.235+0000] {dag.py:3823} INFO - Setting next_dagrun for weekly_grocery_pipeline to 2026-09-06 00:00:00+00:00, run_after=2026-09-13 00:00:00+00:00
[2026-09-10T13:09:04.242+0000] {processor.py:183} INFO - Processing /opt/airflow/dags/weekly_grocery_pipeline.py took 0.051 seconds
[2026-09-10T13:09:34.465+0000] {processor.py:161} INFO - Started process (PID=561) to work on /opt/airflow/dags/weekly_grocery_pipeline.py
[2026-09-10T13:09:34.465+0000] {processor.py:830} INFO - Processing file /opt/airflow/dags/weekly_grocery_pipeline.py for tasks to queue
[2026-09-10T13:09:34.465+0000] {logging_mixin.py:188} INFO - [2026-09-10T13:09:34.465+0000] {dagbag.py:538} INFO - Filling up the DagBag from /opt/airflow/dags/weekly_grocery_pipeline.py
[2026-09-10T13:09:34.472+0000] {processor.py:840} INFO - DAG(s) 'weekly_grocery_pipeline' retrieved from /opt/airflow/dags/weekly_grocery_pipeline.py
[2026-09-10T13:09:34.484+0000] {logging_mixin.py:188} INFO - [2026-09-10T13:09:34.484+0000] {dag.py:3036} INFO - Sync 1 DAGs
[2026-09-10T13:09:34.493+0000] {logging_mixin.py:188} INFO - [2026-09-10T13:09:34.493+0000] {dag.py:3823} INFO - Setting next_dagrun for weekly_grocery_pipeline to 2026-09-06 00:00:00+00:00, run_after=2026-09-13 00:00:00+00:00
[2026-09-10T13:09:34.499+0000] {processor.py:183} INFO - Processing /opt/airflow/dags/weekly_grocery_pipeline.py took 0.036 seconds
[2026-09-10T13:10:04.732+0000] {processor.py:161} INFO - Started process (PID=566) to work on /opt/airflow/dags/weekly_grocery_pipeline.py
[2026-09-10T13:10:04.734+0000] {processor.py:830} INFO - Processing file /opt/airflow/dags/weekly_grocery_pipeline.py for tasks to queue
[2026-09-10T13:10:04.734+0000] {logging_mixin.py:188} INFO - [2026-09-10T13:10:04.734+0000] {dagbag.py:538} INFO - Filling up the DagBag from /opt/airflow/dags/weekly_grocery_pipeline.py
[2026-09-10T13:10:04.746+0000] {processor.py:840} INFO - DAG(s) 'weekly_grocery_pipeline' retrieved from /opt/airflow/dags/weekly_grocery_pipeline.py
[2026-09-10T13:10:04.765+0000] {logging_mixin.py:188} INFO - [2026-09-10T13:10:04.765+0000] {dag.py:3036} INFO - Sync 1 DAGs
[2026-09-10T13:10:04.776+0000] {logging_mixin.py:188} INFO - [2026-09-10T13:10:04.776+0000] {dag.py:3823} INFO - Setting next_dagrun for weekly_grocery_pipeline to 2026-09-06 00:00:00+00:00, run_after=2026-09-13 00:00:00+00:00
[2026-09-10T13:10:04.783+0000] {processor.py:183} INFO - Processing /opt/airflow/dags/weekly_grocery_pipeline.py took 0.053 seconds
[2026-09-10T13:10:35.012+0000] {processor.py:161} INFO - Started process (PID=571) to work on /opt/airflow/dags/weekly_grocery_pipeline.py
[2026-09-10T13:10:35.013+0000] {processor.py:830} INFO - Processing file /opt/airflow/dags/weekly_grocery_pipeline.py for tasks to queue
[2026-09-10T13:10:35.014+0000] {logging_mixin.py:188} INFO - [2026-09-10T13:10:35.013+0000] {dagbag.py:538} INFO - Filling up the DagBag from /opt/airflow/dags/weekly_grocery_pipeline.py
[2026-09-10T13:10:35.021+0000] {processor.py:840} INFO - DAG(s) 'weekly_grocery_pipeline' retrieved from /opt/airflow/dags/weekly_grocery_pipeline.py
[2026-09-10T13:10:35.034+0000] {logging_mixin.py:188} INFO - [2026-09-10T13:10:35.034+0000] {dag.py:3036} INFO - Sync 1 DAGs
[2026-09-10T13:10:35.044+0000] {logging_mixin.py:188} INFO - [2026-09-10T13:10:35.044+0000] {dag.py:3823} INFO - Setting next_dagrun for weekly_grocery_pipeline to 2026-09-06 00:00:00+00:00, run_after=2026-09-13 00:00:00+00:00
[2026-09-10T13:10:35.051+0000] {processor.py:183} INFO - Processing /opt/airflow/dags/weekly_grocery_pipeline.py took 0.041 seconds
[2026-09-10T13:11:05.315+0000] {processor.py:161} INFO - Started process (PID=576) to work on /opt/airflow/dags/weekly_grocery_pipeline.py
[2026-09-10T13:11:05.317+0000] {processor.py:830} INFO - Processing file /opt/airflow/dags/weekly_grocery_pipeline.py for tasks to queue
[2026-09-10T13:11:05.318+0000] {logging_mixin.py:188} INFO - [2026-09-10T13:11:05.317+0000] {dagbag.py:538} INFO - Filling up the DagBag from /opt/airflow/dags/weekly_grocery_pipeline.py
[2026-09-10T13:11:05.328+0000] {processor.py:840} INFO - DAG(s) 'weekly_grocery_pipeline' retrieved from /opt/airflow/dags/weekly_grocery_pipeline.py
[2026-09-10T13:11:05.344+0000] {logging_mixin.py:188} INFO - [2026-09-10T13:11:05.344+0000] {dag.py:3036} INFO - Sync 1 DAGs
[2026-09-10T13:11:05.355+0000] {logging_mixin.py:188} INFO - [2026-09-10T13:11:05.355+0000] {dag.py:3823} INFO - Setting next_dagrun for weekly_grocery_pipeline to 2026-09-06 00:00:00+00:00, run_after=2026-09-13 00:00:00+00:00
[2026-09-10T13:11:05.362+0000] {processor.py:183} INFO - Processing /opt/airflow/dags/weekly_grocery_pipeline.py took 0.051 seconds
[2026-09-10T13:11:35.598+0000] {processor.py:161} INFO - Started process (PID=581) to work on /opt/airflow/dags/weekly_grocery_pipeline.py
[2026-09-10T13:11:35.599+0000] {processor.py:830} INFO - Processing file /opt/airflow/dags/weekly_grocery_pipeline.py for tasks to queue
[2026-09-10T13:11:35.600+0000] {logging_mixin.py:188} INFO - [2026-09-10T13:11:35.599+0000] {dagbag.py:538} INFO - Filling up the DagBag from /opt/airflow/dags/weekly_grocery_pipeline.py
[2026-09-10T13:11:35.612+0000] {processor.py:840} INFO - DAG(s) 'weekly_grocery_pipeline' retrieved from /opt/airflow/dags/weekly_grocery_pipeline.py
[2026-09-10T13:11:35.632+0000] {logging_mixin.py:188} INFO - [2026-09-10T13:11:35.632+0000] {dag.py:3036} INFO - Sync 1 DAGs
[2026-09-10T13:11:35.644+0000] {logging_mixin.py:188} INFO - [2026-09-10T13:11:35.644+0000] {dag.py:3823} INFO - Setting next_dagrun for weekly_grocery_pipeline to 2026-09-06 00:00:00+00:00, run_after=2026-09-13 00:00:00+00:00
[2026-09-10T13:11:35.650+0000] {processor.py:183} INFO - Processing /opt/airflow/dags/weekly_grocery_pipeline.py took 0.054 seconds
[2026-09-10T13:12:05.866+0000] {processor.py:161} INFO - Started process (PID=586) to work on /opt/airflow/dags/weekly_grocery_pipeline.py
[2026-09-10T13:12:05.867+0000] {processor.py:830} INFO - Processing file /opt/airflow/dags/weekly_grocery_pipeline.py for tasks to queue
[2026-09-10T13:12:05.868+0000] {logging_mixin.py:188} INFO - [2026-09-10T13:12:05.868+0000] {dagbag.py:538} INFO - Filling up the DagBag from /opt/airflow/dags/weekly_grocery_pipeline.py
[2026-09-10T13:12:05.880+0000] {processor.py:840} INFO - DAG(s) 'weekly_grocery_pipeline' retrieved from /opt/airflow/dags/weekly_grocery_pipeline.py
[2026-09-10T13:12:05.897+0000] {logging_mixin.py:188} INFO - [2026-09-10T13:12:05.897+0000] {dag.py:3036} INFO - Sync 1 DAGs
[2026-09-10T13:12:05.907+0000] {logging_mixin.py:188} INFO - [2026-09-10T13:12:05.907+0000] {dag.py:3823} INFO - Setting next_dagrun for weekly_grocery_pipeline to 2026-09-06 00:00:00+00:00, run_after=2026-09-13 00:00:00+00:00
[2026-09-10T13:12:05.914+0000] {processor.py:183} INFO - Processing /opt/airflow/dags/weekly_grocery_pipeline.py took 0.050 seconds
[2026-09-10T13:12:36.164+0000] {processor.py:161} INFO - Started process (PID=591) to work on /opt/airflow/dags/weekly_grocery_pipeline.py
[2026-09-10T13:12:36.165+0000] {processor.py:830} INFO - Processing file /opt/airflow/dags/weekly_grocery_pipeline.py for tasks to queue
[2026-09-10T13:12:36.166+0000] {logging_mixin.py:188} INFO - [2026-09-10T13:12:36.166+0000] {dagbag.py:538} INFO - Filling up the DagBag from /opt/airflow/dags/weekly_grocery_pipeline.py
[2026-09-10T13:12:36.178+0000] {processor.py:840} INFO - DAG(s) 'weekly_grocery_pipeline' retrieved from /opt/airflow/dags/weekly_grocery_pipeline.py
[2026-09-10T13:12:36.198+0000] {logging_mixin.py:188} INFO - [2026-09-10T13:12:36.198+0000] {dag.py:3036} INFO - Sync 1 DAGs
[2026-09-10T13:12:36.209+0000] {logging_mixin.py:188} INFO - [2026-09-10T13:12:36.209+0000] {dag.py:3823} INFO - Setting next_dagrun for weekly_grocery_pipeline to 2026-09-06 00:00:00+00:00, run_after=2026-09-13 00:00:00+00:00
[2026-09-10T13:12:36.216+0000] {processor.py:183} INFO - Processing /opt/airflow/dags/weekly_grocery_pipeline.py took 0.054 seconds
[2026-09-10T13:13:06.460+0000] {processor.py:161} INFO - Started process (PID=596) to work on /opt/airflow/dags/weekly_grocery_pipeline.py
[2026-09-10T13:13:06.461+0000] {processor.py:830} INFO - Processing file /opt/airflow/dags/weekly_grocery_pipeline.py for tasks to queue
[2026-09-10T13:13:06.461+0000] {logging_mixin.py:188} INFO - [2026-09-10T13:13:06.461+0000] {dagbag.py:538} INFO - Filling up the DagBag from /opt/airflow/dags/weekly_grocery_pipeline.py
[2026-09-10T13:13:06.473+0000] {processor.py:840} INFO - DAG(s) 'weekly_grocery_pipeline' retrieved from /opt/airflow/dags/weekly_grocery_pipeline.py
[2026-09-10T13:13:06.489+0000] {logging_mixin.py:188} INFO - [2026-09-10T13:13:06.488+0000] {dag.py:3036} INFO - Sync 1 DAGs
[2026-09-10T13:13:06.499+0000] {logging_mixin.py:188} INFO - [2026-09-10T13:13:06.499+0000] {dag.py:3823} INFO - Setting next_dagrun for weekly_grocery_pipeline to 2026-09-06 00:00:00+00:00, run_after=2026-09-13 00:00:00+00:00
[2026-09-10T13:13:06.505+0000] {processor.py:183} INFO - Processing /opt/airflow/dags/weekly_grocery_pipeline.py took 0.049 seconds
[2026-09-10T13:13:36.719+0000] {processor.py:161} INFO - Started process (PID=601) to work on /opt/airflow/dags/weekly_grocery_pipeline.py
[2026-09-10T13:13:36.720+0000] {processor.py:830} INFO - Processing file /opt/airflow/dags/weekly_grocery_pipeline.py for tasks to queue
[2026-09-10T13:13:36.720+0000] {logging_mixin.py:188} INFO - [2026-09-10T13:13:36.720+0000] {dagbag.py:538} INFO - Filling up the DagBag from /opt/airflow/dags/weekly_grocery_pipeline.py
[2026-09-10T13:13:36.732+0000] {processor.py:840} INFO - DAG(s) 'weekly_grocery_pipeline' retrieved from /opt/airflow/dags/weekly_grocery_pipeline.py
[2026-09-10T13:13:36.748+0000] {logging_mixin.py:188} INFO - [2026-09-10T13:13:36.748+0000] {dag.py:3036} INFO - Sync 1 DAGs
[2026-09-10T13:13:36.758+0000] {logging_mixin.py:188} INFO - [2026-09-10T13:13:36.758+0000] {dag.py:3823} INFO - Setting next_dagrun for weekly_grocery_pipeline to 2026-09-06 00:00:00+00:00, run_after=2026-09-13 00:00:00+00:00
[2026-09-10T13:13:36.764+0000] {processor.py:183} INFO - Processing /opt/airflow/dags/weekly_grocery_pipeline.py took 0.049 seconds
[2026-09-10T13:14:06.950+0000] {processor.py:161} INFO - Started process (PID=606) to work on /opt/airflow/dags/weekly_grocery_pipeline.py
[2026-09-10T13:14:06.951+0000] {processor.py:830} INFO - Processing file /opt/airflow/dags/weekly_grocery_pipeline.py for tasks to queue
[2026-09-10T13:14:06.952+0000] {logging_mixin.py:188} INFO - [2026-09-10T13:14:06.952+0000] {dagbag.py:538} INFO - Filling up the DagBag from /opt/airflow/dags/weekly_grocery_pipeline.py
[2026-09-10T13:14:06.961+0000] {processor.py:840} INFO - DAG(s) 'weekly_grocery_pipeline' retrieved from /opt/airflow/dags/weekly_grocery_pipeline.py
[2026-09-10T13:14:06.977+0000] {logging_mixin.py:188} INFO - [2026-09-10T13:14:06.977+0000] {dag.py:3036} INFO - Sync 1 DAGs
[2026-09-10T13:14:06.987+0000] {logging_mixin.py:188} INFO - [2026-09-10T13:14:06.987+0000] {dag.py:3823} INFO - Setting next_dagrun for weekly_grocery_pipeline to 2026-09-06 00:00:00+00:00, run_after=2026-09-13 00:00:00+00:00
[2026-09-10T13:14:06.993+0000] {processor.py:183} INFO - Processing /opt/airflow/dags/weekly_grocery_pipeline.py took 0.045 seconds
[2026-09-10T13:14:37.242+0000] {processor.py:161} INFO - Started process (PID=611) to work on /opt/airflow/dags/weekly_grocery_pipeline.py
[2026-09-10T13:14:37.242+0000] {processor.py:830} INFO - Processing file /opt/airflow/dags/weekly_grocery_pipeline.py for tasks to queue
[2026-09-10T13:14:37.243+0000] {logging_mixin.py:188} INFO - [2026-09-10T13:14:37.243+0000] {dagbag.py:538} INFO - Filling up the DagBag from /opt/airflow/dags/weekly_grocery_pipeline.py
[2026-09-10T13:14:37.254+0000] {processor.py:840} INFO - DAG(s) 'weekly_grocery_pipeline' retrieved from /opt/airflow/dags/weekly_grocery_pipeline.py
[2026-09-10T13:14:37.272+0000] {logging_mixin.py:188} INFO - [2026-09-10T13:14:37.272+0000] {dag.py:3036} INFO - Sync 1 DAGs
[2026-09-10T13:14:37.282+0000] {logging_mixin.py:188} INFO - [2026-09-10T13:14:37.282+0000] {dag.py:3823} INFO - Setting next_dagrun for weekly_grocery_pipeline to 2026-09-06 00:00:00+00:00, run_after=2026-09-13 00:00:00+00:00
[2026-09-10T13:14:37.291+0000] {processor.py:183} INFO - Processing /opt/airflow/dags/weekly_grocery_pipeline.py took 0.052 seconds
[2026-09-10T13:15:07.564+0000] {processor.py:161} INFO - Started process (PID=616) to work on /opt/airflow/dags/weekly_grocery_pipeline.py
[2026-09-10T13:15:07.565+0000] {processor.py:830} INFO - Processing file /opt/airflow/dags/weekly_grocery_pipeline.py for tasks to queue
[2026-09-10T13:15:07.566+0000] {logging_mixin.py:188} INFO - [2026-09-10T13:15:07.566+0000] {dagbag.py:538} INFO - Filling up the DagBag from /opt/airflow/dags/weekly_grocery_pipeline.py
[2026-09-10T13:15:07.577+0000] {processor.py:840} INFO - DAG(s) 'weekly_grocery_pipeline' retrieved from /opt/airflow/dags/weekly_grocery_pipeline.py
[2026-09-10T13:15:07.595+0000] {logging_mixin.py:188} INFO - [2026-09-10T13:15:07.595+0000] {dag.py:3036} INFO - Sync 1 DAGs
[2026-09-10T13:15:07.606+0000] {logging_mixin.py:188} INFO - [2026-09-10T13:15:07.606+0000] {dag.py:3823} INFO - Setting next_dagrun for weekly_grocery_pipeline to 2026-09-06 00:00:00+00:00, run_after=2026-09-13 00:00:00+00:00
[2026-09-10T13:15:07.613+0000] {processor.py:183} INFO - Processing /opt/airflow/dags/weekly_grocery_pipeline.py took 0.051 seconds
[2026-09-10T13:15:37.862+0000] {processor.py:161} INFO - Started process (PID=621) to work on /opt/airflow/dags/weekly_grocery_pipeline.py
[2026-09-10T13:15:37.863+0000] {processor.py:830} INFO - Processing file /opt/airflow/dags/weekly_grocery_pipeline.py for tasks to queue
[2026-09-10T13:15:37.864+0000] {logging_mixin.py:188} INFO - [2026-09-10T13:15:37.864+0000] {dagbag.py:538} INFO - Filling up the DagBag from /opt/airflow/dags/weekly_grocery_pipeline.py
[2026-09-10T13:15:37.875+0000] {processor.py:840} INFO - DAG(s) 'weekly_grocery_pipeline' retrieved from /opt/airflow/dags/weekly_grocery_pipeline.py
[2026-09-10T13:15:37.894+0000] {logging_mixin.py:188} INFO - [2026-09-10T13:15:37.893+0000] {dag.py:3036} INFO - Sync 1 DAGs
[2026-09-10T13:15:37.904+0000] {logging_mixin.py:188} INFO - [2026-09-10T13:15:37.904+0000] {dag.py:3823} INFO - Setting next_dagrun for weekly_grocery_pipeline to 2026-09-06 00:00:00+00:00, run_after=2026-09-13 00:00:00+00:00
[2026-09-10T13:15:37.910+0000] {processor.py:183} INFO - Processing /opt/airflow/dags/weekly_grocery_pipeline.py took 0.051 seconds
[2026-09-10T13:16:08.166+0000] {processor.py:161} INFO - Started process (PID=626) to work on /opt/airflow/dags/weekly_grocery_pipeline.py
[2026-09-10T13:16:08.167+0000] {processor.py:830} INFO - Processing file /opt/airflow/dags/weekly_grocery_pipeline.py for tasks to queue
[2026-09-10T13:16:08.167+0000] {logging_mixin.py:188} INFO - [2026-09-10T13:16:08.167+0000] {dagbag.py:538} INFO - Filling up the DagBag from /opt/airflow/dags/weekly_grocery_pipeline.py
[2026-09-10T13:16:08.178+0000] {processor.py:840} INFO - DAG(s) 'weekly_grocery_pipeline' retrieved from /opt/airflow/dags/weekly_grocery_pipeline.py
[2026-09-10T13:16:08.194+0000] {logging_mixin.py:188} INFO - [2026-09-10T13:16:08.194+0000] {dag.py:3036} INFO - Sync 1 DAGs
[2026-09-10T13:16:08.204+0000] {logging_mixin.py:188} INFO - [2026-09-10T13:16:08.204+0000] {dag.py:3823} INFO - Setting next_dagrun for weekly_grocery_pipeline to 2026-09-06 00:00:00+00:00, run_after=2026-09-13 00:00:00+00:00
[2026-09-10T13:16:08.211+0000] {processor.py:183} INFO - Processing /opt/airflow/dags/weekly_grocery_pipeline.py took 0.048 seconds
[2026-09-10T13:16:38.451+0000] {processor.py:161} INFO - Started process (PID=631) to work on /opt/airflow/dags/weekly_grocery_pipeline.py
[2026-09-10T13:16:38.452+0000] {processor.py:830} INFO - Processing file /opt/airflow/dags/weekly_grocery_pipeline.py for tasks to queue
[2026-09-10T13:16:38.453+0000] {logging_mixin.py:188} INFO - [2026-09-10T13:16:38.453+0000] {dagbag.py:538} INFO - Filling up the DagBag from /opt/airflow/dags/weekly_grocery_pipeline.py
[2026-09-10T13:16:38.464+0000] {processor.py:840} INFO - DAG(s) 'weekly_grocery_pipeline' retrieved from /opt/airflow/dags/weekly_grocery_pipeline.py
[2026-09-10T13:16:38.484+0000] {logging_mixin.py:188} INFO - [2026-09-10T13:16:38.484+0000] {dag.py:3036} INFO - Sync 1 DAGs
[2026-09-10T13:16:38.497+0000] {logging_mixin.py:188} INFO - [2026-09-10T13:16:38.497+0000] {dag.py:3823} INFO - Setting next_dagrun for weekly_grocery_pipeline to 2026-09-06 00:00:00+00:00, run_after=2026-09-13 00:00:00+00:00
[2026-09-10T13:16:38.505+0000] {processor.py:183} INFO - Processing /opt/airflow/dags/weekly_grocery_pipeline.py took 0.056 seconds
[2026-09-10T13:17:08.727+0000] {processor.py:161} INFO - Started process (PID=636) to work on /opt/airflow/dags/weekly_grocery_pipeline.py
[2026-09-10T13:17:08.728+0000] {processor.py:830} INFO - Processing file /opt/airflow/dags/weekly_grocery_pipeline.py for tasks to queue
[2026-09-10T13:17:08.729+0000] {logging_mixin.py:188} INFO - [2026-09-10T13:17:08.729+0000] {dagbag.py:538} INFO - Filling up the DagBag from /opt/airflow/dags/weekly_grocery_pipeline.py
[2026-09-10T13:17:08.740+0000] {processor.py:840} INFO - DAG(s) 'weekly_grocery_pipeline' retrieved from /opt/airflow/dags/weekly_grocery_pipeline.py
[2026-09-10T13:17:08.757+0000] {logging_mixin.py:188} INFO - [2026-09-10T13:17:08.757+0000] {dag.py:3036} INFO - Sync 1 DAGs
[2026-09-10T13:17:08.768+0000] {logging_mixin.py:188} INFO - [2026-09-10T13:17:08.767+0000] {dag.py:3823} INFO - Setting next_dagrun for weekly_grocery_pipeline to 2026-09-06 00:00:00+00:00, run_after=2026-09-13 00:00:00+00:00
[2026-09-10T13:17:08.774+0000] {processor.py:183} INFO - Processing /opt/airflow/dags/weekly_grocery_pipeline.py took 0.050 seconds
[2026-09-10T13:17:38.997+0000] {processor.py:161} INFO - Started process (PID=641) to work on /opt/airflow/dags/weekly_grocery_pipeline.py
[2026-09-10T13:17:38.998+0000] {processor.py:830} INFO - Processing file /opt/airflow/dags/weekly_grocery_pipeline.py for tasks to queue
[2026-09-10T13:17:38.999+0000] {logging_mixin.py:188} INFO - [2026-09-10T13:17:38.999+0000] {dagbag.py:538} INFO - Filling up the DagBag from /opt/airflow/dags/weekly_grocery_pipeline.py
[2026-09-10T13:17:39.010+0000] {processor.py:840} INFO - DAG(s) 'weekly_grocery_pipeline' retrieved from /opt/airflow/dags/weekly_grocery_pipeline.py
[2026-09-10T13:17:39.029+0000] {logging_mixin.py:188} INFO - [2026-09-10T13:17:39.029+0000] {dag.py:3036} INFO - Sync 1 DAGs
[2026-09-10T13:17:39.039+0000] {logging_mixin.py:188} INFO - [2026-09-10T13:17:39.039+0000] {dag.py:3823} INFO - Setting next_dagrun for weekly_grocery_pipeline to 2026-09-06 00:00:00+00:00, run_after=2026-09-13 00:00:00+00:00
[2026-09-10T13:17:39.046+0000] {processor.py:183} INFO - Processing /opt/airflow/dags/weekly_grocery_pipeline.py took 0.052 seconds
[2026-09-10T13:18:09.278+0000] {processor.py:161} INFO - Started process (PID=646) to work on /opt/airflow/dags/weekly_grocery_pipeline.py
[2026-09-10T13:18:09.279+0000] {processor.py:830} INFO - Processing file /opt/airflow/dags/weekly_grocery_pipeline.py for tasks to queue
[2026-09-10T13:18:09.279+0000] {logging_mixin.py:188} INFO - [2026-09-10T13:18:09.279+0000] {dagbag.py:538} INFO - Filling up the DagBag from /opt/airflow/dags/weekly_grocery_pipeline.py
[2026-09-10T13:18:09.290+0000] {processor.py:840} INFO - DAG(s) 'weekly_grocery_pipeline' retrieved from /opt/airflow/dags/weekly_grocery_pipeline.py
[2026-09-10T13:18:09.309+0000] {logging_mixin.py:188} INFO - [2026-09-10T13:18:09.309+0000] {dag.py:3036} INFO - Sync 1 DAGs
[2026-09-10T13:18:09.319+0000] {logging_mixin.py:188} INFO - [2026-09-10T13:18:09.319+0000] {dag.py:3823} INFO - Setting next_dagrun for weekly_grocery_pipeline to 2026-09-06 00:00:00+00:00, run_after=2026-09-13 00:00:00+00:00
[2026-09-10T13:18:09.326+0000] {processor.py:183} INFO - Processing /opt/airflow/dags/weekly_grocery_pipeline.py took 0.051 seconds
[2026-09-10T13:18:39.571+0000] {processor.py:161} INFO - Started process (PID=651) to work on /opt/airflow/dags/weekly_grocery_pipeline.py
[2026-09-10T13:18:39.572+0000] {processor.py:830} INFO - Processing file /opt/airflow/dags/weekly_grocery_pipeline.py for tasks to queue
[2026-09-10T13:18:39.573+0000] {logging_mixin.py:188} INFO - [2026-09-10T13:18:39.573+0000] {dagbag.py:538} INFO - Filling up the DagBag from /opt/airflow/dags/weekly_grocery_pipeline.py
[2026-09-10T13:18:39.585+0000] {processor.py:840} INFO - DAG(s) 'weekly_grocery_pipeline' retrieved from /opt/airflow/dags/weekly_grocery_pipeline.py
[2026-09-10T13:18:39.603+0000] {logging_mixin.py:188} INFO - [2026-09-10T13:18:39.603+0000] {dag.py:3036} INFO - Sync 1 DAGs
[2026-09-10T13:18:39.614+0000] {logging_mixin.py:188} INFO - [2026-09-10T13:18:39.614+0000] {dag.py:3823} INFO - Setting next_dagrun for weekly_grocery_pipeline to 2026-09-06 00:00:00+00:00, run_after=2026-09-13 00:00:00+00:00
[2026-09-10T13:18:39.621+0000] {processor.py:183} INFO - Processing /opt/airflow/dags/weekly_grocery_pipeline.py took 0.053 seconds
[2026-09-10T13:19:09.844+0000] {processor.py:161} INFO - Started process (PID=656) to work on /opt/airflow/dags/weekly_grocery_pipeline.py
[2026-09-10T13:19:09.845+0000] {processor.py:830} INFO - Processing file /opt/airflow/dags/weekly_grocery_pipeline.py for tasks to queue
[2026-09-10T13:19:09.845+0000] {logging_mixin.py:188} INFO - [2026-09-10T13:19:09.845+0000] {dagbag.py:538} INFO - Filling up the DagBag from /opt/airflow/dags/weekly_grocery_pipeline.py
[2026-09-10T13:19:09.855+0000] {processor.py:840} INFO - DAG(s) 'weekly_grocery_pipeline' retrieved from /opt/airflow/dags/weekly_grocery_pipeline.py
[2026-09-10T13:19:09.871+0000] {logging_mixin.py:188} INFO - [2026-09-10T13:19:09.871+0000] {dag.py:3036} INFO - Sync 1 DAGs
[2026-09-10T13:19:09.881+0000] {logging_mixin.py:188} INFO - [2026-09-10T13:19:09.881+0000] {dag.py:3823} INFO - Setting next_dagrun for weekly_grocery_pipeline to 2026-09-06 00:00:00+00:00, run_after=2026-09-13 00:00:00+00:00
[2026-09-10T13:19:09.889+0000] {processor.py:183} INFO - Processing /opt/airflow/dags/weekly_grocery_pipeline.py took 0.048 seconds
[2026-09-10T13:19:40.157+0000] {processor.py:161} INFO - Started process (PID=661) to work on /opt/airflow/dags/weekly_grocery_pipeline.py
[2026-09-10T13:19:40.160+0000] {processor.py:830} INFO - Processing file /opt/airflow/dags/weekly_grocery_pipeline.py for tasks to queue
[2026-09-10T13:19:40.161+0000] {logging_mixin.py:188} INFO - [2026-09-10T13:19:40.161+0000] {dagbag.py:538} INFO - Filling up the DagBag from /opt/airflow/dags/weekly_grocery_pipeline.py
[2026-09-10T13:19:40.183+0000] {processor.py:840} INFO - DAG(s) 'weekly_grocery_pipeline' retrieved from /opt/airflow/dags/weekly_grocery_pipeline.py
[2026-09-10T13:19:40.214+0000] {logging_mixin.py:188} INFO - [2026-09-10T13:19:40.214+0000] {dag.py:3036} INFO - Sync 1 DAGs
[2026-09-10T13:19:40.230+0000] {logging_mixin.py:188} INFO - [2026-09-10T13:19:40.230+0000] {dag.py:3823} INFO - Setting next_dagrun for weekly_grocery_pipeline to 2026-09-06 00:00:00+00:00, run_after=2026-09-13 00:00:00+00:00
[2026-09-10T13:19:40.239+0000] {processor.py:183} INFO - Processing /opt/airflow/dags/weekly_grocery_pipeline.py took 0.087 seconds
[2026-09-10T13:20:10.443+0000] {processor.py:161} INFO - Started process (PID=666) to work on /opt/airflow/dags/weekly_grocery_pipeline.py
[2026-09-10T13:20:10.444+0000] {processor.py:830} INFO - Processing file /opt/airflow/dags/weekly_grocery_pipeline.py for tasks to queue
[2026-09-10T13:20:10.445+0000] {logging_mixin.py:188} INFO - [2026-09-10T13:20:10.445+0000] {dagbag.py:538} INFO - Filling up the DagBag from /opt/airflow/dags/weekly_grocery_pipeline.py
[2026-09-10T13:20:10.459+0000] {processor.py:840} INFO - DAG(s) 'weekly_grocery_pipeline' retrieved from /opt/airflow/dags/weekly_grocery_pipeline.py
[2026-09-10T13:20:10.480+0000] {logging_mixin.py:188} INFO - [2026-09-10T13:20:10.480+0000] {dag.py:3036} INFO - Sync 1 DAGs
[2026-09-10T13:20:10.490+0000] {logging_mixin.py:188} INFO - [2026-09-10T13:20:10.490+0000] {dag.py:3823} INFO - Setting next_dagrun for weekly_grocery_pipeline to 2026-09-06 00:00:00+00:00, run_after=2026-09-13 00:00:00+00:00
[2026-09-10T13:20:10.496+0000] {processor.py:183} INFO - Processing /opt/airflow/dags/weekly_grocery_pipeline.py took 0.057 seconds
[2026-09-10T13:20:40.736+0000] {processor.py:161} INFO - Started process (PID=671) to work on /opt/airflow/dags/weekly_grocery_pipeline.py
[2026-09-10T13:20:40.738+0000] {processor.py:830} INFO - Processing file /opt/airflow/dags/weekly_grocery_pipeline.py for tasks to queue
[2026-09-10T13:20:40.739+0000] {logging_mixin.py:188} INFO - [2026-09-10T13:20:40.738+0000] {dagbag.py:538} INFO - Filling up the DagBag from /opt/airflow/dags/weekly_grocery_pipeline.py
[2026-09-10T13:20:40.750+0000] {processor.py:840} INFO - DAG(s) 'weekly_grocery_pipeline' retrieved from /opt/airflow/dags/weekly_grocery_pipeline.py
[2026-09-10T13:20:40.769+0000] {logging_mixin.py:188} INFO - [2026-09-10T13:20:40.769+0000] {dag.py:3036} INFO - Sync 1 DAGs
[2026-09-10T13:20:40.781+0000] {logging_mixin.py:188} INFO - [2026-09-10T13:20:40.781+0000] {dag.py:3823} INFO - Setting next_dagrun for weekly_grocery_pipeline to 2026-09-06 00:00:00+00:00, run_after=2026-09-13 00:00:00+00:00
[2026-09-10T13:20:40.790+0000] {processor.py:183} INFO - Processing /opt/airflow/dags/weekly_grocery_pipeline.py took 0.056 seconds
[2026-09-10T13:21:11.008+0000] {processor.py:161} INFO - Started process (PID=676) to work on /opt/airflow/dags/weekly_grocery_pipeline.py
[2026-09-10T13:21:11.009+0000] {processor.py:830} INFO - Processing file /opt/airflow/dags/weekly_grocery_pipeline.py for tasks to queue
[2026-09-10T13:21:11.010+0000] {logging_mixin.py:188} INFO - [2026-09-10T13:21:11.010+0000] {dagbag.py:538} INFO - Filling up the DagBag from /opt/airflow/dags/weekly_grocery_pipeline.py
[2026-09-10T13:21:11.022+0000] {processor.py:840} INFO - DAG(s) 'weekly_grocery_pipeline' retrieved from /opt/airflow/dags/weekly_grocery_pipeline.py
[2026-09-10T13:21:11.044+0000] {logging_mixin.py:188} INFO - [2026-09-10T13:21:11.044+0000] {dag.py:3036} INFO - Sync 1 DAGs
[2026-09-10T13:21:11.055+0000] {logging_mixin.py:188} INFO - [2026-09-10T13:21:11.055+0000] {dag.py:3823} INFO - Setting next_dagrun for weekly_grocery_pipeline to 2026-09-06 00:00:00+00:00, run_after=2026-09-13 00:00:00+00:00
[2026-09-10T13:21:11.062+0000] {processor.py:183} INFO - Processing /opt/airflow/dags/weekly_grocery_pipeline.py took 0.057 seconds
