[2026-09-09T20:02:13.472+0000] {processor.py:161} INFO - Started process (PID=198) to work on /opt/airflow/dags/weekly_grocery_pipeline.py
[2026-09-09T20:02:13.472+0000] {processor.py:830} INFO - Processing file /opt/airflow/dags/weekly_grocery_pipeline.py for tasks to queue
[2026-09-09T20:02:13.473+0000] {logging_mixin.py:188} INFO - [2026-09-09T20:02:13.473+0000] {dagbag.py:538} INFO - Filling up the DagBag from /opt/airflow/dags/weekly_grocery_pipeline.py
[2026-09-09T20:02:13.486+0000] {processor.py:840} INFO - DAG(s) 'weekly_grocery_pipeline' retrieved from /opt/airflow/dags/weekly_grocery_pipeline.py
[2026-09-09T20:02:13.619+0000] {logging_mixin.py:188} INFO - [2026-09-09T20:02:13.619+0000] {dag.py:3036} INFO - Sync 1 DAGs
[2026-09-09T20:02:13.629+0000] {logging_mixin.py:188} INFO - [2026-09-09T20:02:13.628+0000] {dag.py:3823} INFO - Setting next_dagrun for weekly_grocery_pipeline to 2026-09-06 00:00:00+00:00, run_after=2026-09-13 00:00:00+00:00
[2026-09-09T20:02:13.639+0000] {processor.py:183} INFO - Processing /opt/airflow/dags/weekly_grocery_pipeline.py took 0.170 seconds
[2026-09-09T20:02:43.725+0000] {processor.py:161} INFO - Started process (PID=209) to work on /opt/airflow/dags/weekly_grocery_pipeline.py
[2026-09-09T20:02:43.726+0000] {processor.py:830} INFO - Processing file /opt/airflow/dags/weekly_grocery_pipeline.py for tasks to queue
[2026-09-09T20:02:43.727+0000] {logging_mixin.py:188} INFO - [2026-09-09T20:02:43.727+0000] {dagbag.py:538} INFO - Filling up the DagBag from /opt/airflow/dags/weekly_grocery_pipeline.py
[2026-09-09T20:02:43.745+0000] {processor.py:840} INFO - DAG(s) 'weekly_grocery_pipeline' retrieved from /opt/airflow/dags/weekly_grocery_pipeline.py
[2026-09-09T20:02:43.763+0000] {logging_mixin.py:188} INFO - [2026-09-09T20:02:43.763+0000] {dag.py:3036} INFO - Sync 1 DAGs
[2026-09-09T20:02:43.775+0000] {logging_mixin.py:188} INFO - [2026-09-09T20:02:43.774+0000] {dag.py:3823} INFO - Setting next_dagrun for weekly_grocery_pipeline to 2026-09-06 00:00:00+00:00, run_after=2026-09-13 00:00:00+00:00
[2026-09-09T20:02:43.781+0000] {processor.py:183} INFO - Processing /opt/airflow/dags/weekly_grocery_pipeline.py took 0.063 seconds
[2026-09-09T20:03:13.939+0000] {processor.py:161} INFO - Started process (PID=214) to work on /opt/airflow/dags/weekly_grocery_pipeline.py
[2026-09-09T20:03:13.940+0000] {processor.py:830} INFO - Processing file /opt/airflow/dags/weekly_grocery_pipeline.py for tasks to queue
[2026-09-09T20:03:13.941+0000] {logging_mixin.py:188} INFO - [2026-09-09T20:03:13.941+0000] {dagbag.py:538} INFO - Filling up the DagBag from /opt/airflow/dags/weekly_grocery_pipeline.py
[2026-09-09T20:03:13.950+0000] {processor.py:840} INFO - DAG(s) 'weekly_grocery_pipeline' retrieved from /opt/airflow/dags/weekly_grocery_pipeline.py
[2026-09-09T20:03:13.969+0000] {logging_mixin.py:188} INFO - [2026-09-09T20:03:13.969+0000] {dag.py:3036} INFO - Sync 1 DAGs
[2026-09-09T20:03:13.979+0000] {logging_mixin.py:188} INFO - [2026-09-09T20:03:13.979+0000] {dag.py:3823} INFO - Setting next_dagrun for weekly_grocery_pipeline to 2026-09-06 00:00:00+00:00, run_after=2026-09-13 00:00:00+00:00
[2026-09-09T20:03:13.985+0000] {processor.py:183} INFO - Processing /opt/airflow/dags/weekly_grocery_pipeline.py took 0.049 seconds
[2026-09-09T20:03:44.215+0000] {processor.py:161} INFO - Started process (PID=219) to work on /opt/airflow/dags/weekly_grocery_pipeline.py
[2026-09-09T20:03:44.216+0000] {processor.py:830} INFO - Processing file /opt/airflow/dags/weekly_grocery_pipeline.py for tasks to queue
[2026-09-09T20:03:44.217+0000] {logging_mixin.py:188} INFO - [2026-09-09T20:03:44.216+0000] {dagbag.py:538} INFO - Filling up the DagBag from /opt/airflow/dags/weekly_grocery_pipeline.py
[2026-09-09T20:03:44.225+0000] {processor.py:840} INFO - DAG(s) 'weekly_grocery_pipeline' retrieved from /opt/airflow/dags/weekly_grocery_pipeline.py
[2026-09-09T20:03:44.240+0000] {logging_mixin.py:188} INFO - [2026-09-09T20:03:44.240+0000] {dag.py:3036} INFO - Sync 1 DAGs
[2026-09-09T20:03:44.250+0000] {logging_mixin.py:188} INFO - [2026-09-09T20:03:44.250+0000] {dag.py:3823} INFO - Setting next_dagrun for weekly_grocery_pipeline to 2026-09-06 00:00:00+00:00, run_after=2026-09-13 00:00:00+00:00
[2026-09-09T20:03:44.256+0000] {processor.py:183} INFO - Processing /opt/airflow/dags/weekly_grocery_pipeline.py took 0.043 seconds
[2026-09-09T20:04:14.458+0000] {processor.py:161} INFO - Started process (PID=224) to work on /opt/airflow/dags/weekly_grocery_pipeline.py
[2026-09-09T20:04:14.460+0000] {processor.py:830} INFO - Processing file /opt/airflow/dags/weekly_grocery_pipeline.py for tasks to queue
[2026-09-09T20:04:14.460+0000] {logging_mixin.py:188} INFO - [2026-09-09T20:04:14.460+0000] {dagbag.py:538} INFO - Filling up the DagBag from /opt/airflow/dags/weekly_grocery_pipeline.py
[2026-09-09T20:04:14.472+0000] {processor.py:840} INFO - DAG(s) 'weekly_grocery_pipeline' retrieved from /opt/airflow/dags/weekly_grocery_pipeline.py
[2026-09-09T20:04:14.492+0000] {logging_mixin.py:188} INFO - [2026-09-09T20:04:14.492+0000] {dag.py:3036} INFO - Sync 1 DAGs
[2026-09-09T20:04:14.505+0000] {logging_mixin.py:188} INFO - [2026-09-09T20:04:14.505+0000] {dag.py:3823} INFO - Setting next_dagrun for weekly_grocery_pipeline to 2026-09-06 00:00:00+00:00, run_after=2026-09-13 00:00:00+00:00
[2026-09-09T20:04:14.512+0000] {processor.py:183} INFO - Processing /opt/airflow/dags/weekly_grocery_pipeline.py took 0.057 seconds
[2026-09-09T20:04:44.695+0000] {processor.py:161} INFO - Started process (PID=240) to work on /opt/airflow/dags/weekly_grocery_pipeline.py
[2026-09-09T20:04:44.696+0000] {processor.py:830} INFO - Processing file /opt/airflow/dags/weekly_grocery_pipeline.py for tasks to queue
[2026-09-09T20:04:44.697+0000] {logging_mixin.py:188} INFO - [2026-09-09T20:04:44.696+0000] {dagbag.py:538} INFO - Filling up the DagBag from /opt/airflow/dags/weekly_grocery_pipeline.py
[2026-09-09T20:04:44.708+0000] {processor.py:840} INFO - DAG(s) 'weekly_grocery_pipeline' retrieved from /opt/airflow/dags/weekly_grocery_pipeline.py
[2026-09-09T20:04:44.725+0000] {logging_mixin.py:188} INFO - [2026-09-09T20:04:44.724+0000] {dag.py:3036} INFO - Sync 1 DAGs
[2026-09-09T20:04:44.741+0000] {processor.py:183} INFO - Processing /opt/airflow/dags/weekly_grocery_pipeline.py took 0.049 seconds
[2026-09-09T20:05:14.944+0000] {processor.py:161} INFO - Started process (PID=253) to work on /opt/airflow/dags/weekly_grocery_pipeline.py
[2026-09-09T20:05:14.946+0000] {processor.py:830} INFO - Processing file /opt/airflow/dags/weekly_grocery_pipeline.py for tasks to queue
[2026-09-09T20:05:14.947+0000] {logging_mixin.py:188} INFO - [2026-09-09T20:05:14.946+0000] {dagbag.py:538} INFO - Filling up the DagBag from /opt/airflow/dags/weekly_grocery_pipeline.py
[2026-09-09T20:05:14.973+0000] {processor.py:840} INFO - DAG(s) 'weekly_grocery_pipeline' retrieved from /opt/airflow/dags/weekly_grocery_pipeline.py
[2026-09-09T20:05:14.994+0000] {logging_mixin.py:188} INFO - [2026-09-09T20:05:14.994+0000] {dag.py:3036} INFO - Sync 1 DAGs
[2026-09-09T20:05:15.013+0000] {processor.py:183} INFO - Processing /opt/airflow/dags/weekly_grocery_pipeline.py took 0.076 seconds
[2026-09-09T20:05:45.166+0000] {processor.py:161} INFO - Started process (PID=266) to work on /opt/airflow/dags/weekly_grocery_pipeline.py
[2026-09-09T20:05:45.167+0000] {processor.py:830} INFO - Processing file /opt/airflow/dags/weekly_grocery_pipeline.py for tasks to queue
[2026-09-09T20:05:45.167+0000] {logging_mixin.py:188} INFO - [2026-09-09T20:05:45.167+0000] {dagbag.py:538} INFO - Filling up the DagBag from /opt/airflow/dags/weekly_grocery_pipeline.py
[2026-09-09T20:05:45.180+0000] {processor.py:840} INFO - DAG(s) 'weekly_grocery_pipeline' retrieved from /opt/airflow/dags/weekly_grocery_pipeline.py
[2026-09-09T20:05:45.200+0000] {logging_mixin.py:188} INFO - [2026-09-09T20:05:45.199+0000] {dag.py:3036} INFO - Sync 1 DAGs
[2026-09-09T20:05:45.215+0000] {processor.py:183} INFO - Processing /opt/airflow/dags/weekly_grocery_pipeline.py took 0.054 seconds
[2026-09-09T20:06:15.426+0000] {processor.py:161} INFO - Started process (PID=271) to work on /opt/airflow/dags/weekly_grocery_pipeline.py
[2026-09-09T20:06:15.427+0000] {processor.py:830} INFO - Processing file /opt/airflow/dags/weekly_grocery_pipeline.py for tasks to queue
[2026-09-09T20:06:15.427+0000] {logging_mixin.py:188} INFO - [2026-09-09T20:06:15.427+0000] {dagbag.py:538} INFO - Filling up the DagBag from /opt/airflow/dags/weekly_grocery_pipeline.py
[2026-09-09T20:06:15.439+0000] {processor.py:840} INFO - DAG(s) 'weekly_grocery_pipeline' retrieved from /opt/airflow/dags/weekly_grocery_pipeline.py
[2026-09-09T20:06:15.458+0000] {logging_mixin.py:188} INFO - [2026-09-09T20:06:15.458+0000] {dag.py:3036} INFO - Sync 1 DAGs
[2026-09-09T20:06:15.475+0000] {processor.py:183} INFO - Processing /opt/airflow/dags/weekly_grocery_pipeline.py took 0.052 seconds
[2026-09-09T20:06:45.736+0000] {processor.py:161} INFO - Started process (PID=276) to work on /opt/airflow/dags/weekly_grocery_pipeline.py
[2026-09-09T20:06:45.740+0000] {processor.py:830} INFO - Processing file /opt/airflow/dags/weekly_grocery_pipeline.py for tasks to queue
[2026-09-09T20:06:45.741+0000] {logging_mixin.py:188} INFO - [2026-09-09T20:06:45.740+0000] {dagbag.py:538} INFO - Filling up the DagBag from /opt/airflow/dags/weekly_grocery_pipeline.py
[2026-09-09T20:06:45.764+0000] {processor.py:840} INFO - DAG(s) 'weekly_grocery_pipeline' retrieved from /opt/airflow/dags/weekly_grocery_pipeline.py
[2026-09-09T20:06:45.797+0000] {logging_mixin.py:188} INFO - [2026-09-09T20:06:45.797+0000] {dag.py:3036} INFO - Sync 1 DAGs
[2026-09-09T20:06:45.819+0000] {processor.py:183} INFO - Processing /opt/airflow/dags/weekly_grocery_pipeline.py took 0.091 seconds
[2026-09-09T20:07:16.021+0000] {processor.py:161} INFO - Started process (PID=281) to work on /opt/airflow/dags/weekly_grocery_pipeline.py
[2026-09-09T20:07:16.022+0000] {processor.py:830} INFO - Processing file /opt/airflow/dags/weekly_grocery_pipeline.py for tasks to queue
[2026-09-09T20:07:16.024+0000] {logging_mixin.py:188} INFO - [2026-09-09T20:07:16.023+0000] {dagbag.py:538} INFO - Filling up the DagBag from /opt/airflow/dags/weekly_grocery_pipeline.py
[2026-09-09T20:07:16.040+0000] {processor.py:840} INFO - DAG(s) 'weekly_grocery_pipeline' retrieved from /opt/airflow/dags/weekly_grocery_pipeline.py
[2026-09-09T20:07:16.063+0000] {logging_mixin.py:188} INFO - [2026-09-09T20:07:16.063+0000] {dag.py:3036} INFO - Sync 1 DAGs
[2026-09-09T20:07:16.081+0000] {processor.py:183} INFO - Processing /opt/airflow/dags/weekly_grocery_pipeline.py took 0.066 seconds
[2026-09-09T20:07:46.348+0000] {processor.py:161} INFO - Started process (PID=289) to work on /opt/airflow/dags/weekly_grocery_pipeline.py
[2026-09-09T20:07:46.352+0000] {processor.py:830} INFO - Processing file /opt/airflow/dags/weekly_grocery_pipeline.py for tasks to queue
[2026-09-09T20:07:46.353+0000] {logging_mixin.py:188} INFO - [2026-09-09T20:07:46.353+0000] {dagbag.py:538} INFO - Filling up the DagBag from /opt/airflow/dags/weekly_grocery_pipeline.py
[2026-09-09T20:07:46.365+0000] {processor.py:840} INFO - DAG(s) 'weekly_grocery_pipeline' retrieved from /opt/airflow/dags/weekly_grocery_pipeline.py
[2026-09-09T20:07:46.384+0000] {logging_mixin.py:188} INFO - [2026-09-09T20:07:46.384+0000] {dag.py:3036} INFO - Sync 1 DAGs
[2026-09-09T20:07:46.394+0000] {logging_mixin.py:188} INFO - [2026-09-09T20:07:46.394+0000] {dag.py:3823} INFO - Setting next_dagrun for weekly_grocery_pipeline to 2026-09-06 00:00:00+00:00, run_after=2026-09-13 00:00:00+00:00
[2026-09-09T20:07:46.400+0000] {processor.py:183} INFO - Processing /opt/airflow/dags/weekly_grocery_pipeline.py took 0.056 seconds
[2026-09-09T20:08:16.612+0000] {processor.py:161} INFO - Started process (PID=294) to work on /opt/airflow/dags/weekly_grocery_pipeline.py
[2026-09-09T20:08:16.616+0000] {processor.py:830} INFO - Processing file /opt/airflow/dags/weekly_grocery_pipeline.py for tasks to queue
[2026-09-09T20:08:16.617+0000] {logging_mixin.py:188} INFO - [2026-09-09T20:08:16.616+0000] {dagbag.py:538} INFO - Filling up the DagBag from /opt/airflow/dags/weekly_grocery_pipeline.py
[2026-09-09T20:08:16.634+0000] {processor.py:840} INFO - DAG(s) 'weekly_grocery_pipeline' retrieved from /opt/airflow/dags/weekly_grocery_pipeline.py
[2026-09-09T20:08:16.654+0000] {logging_mixin.py:188} INFO - [2026-09-09T20:08:16.654+0000] {dag.py:3036} INFO - Sync 1 DAGs
[2026-09-09T20:08:16.666+0000] {logging_mixin.py:188} INFO - [2026-09-09T20:08:16.666+0000] {dag.py:3823} INFO - Setting next_dagrun for weekly_grocery_pipeline to 2026-09-06 00:00:00+00:00, run_after=2026-09-13 00:00:00+00:00
[2026-09-09T20:08:16.673+0000] {processor.py:183} INFO - Processing /opt/airflow/dags/weekly_grocery_pipeline.py took 0.066 seconds
[2026-09-09T20:08:41.880+0000] {processor.py:161} INFO - Started process (PID=299) to work on /opt/airflow/dags/weekly_grocery_pipeline.py
[2026-09-09T20:08:41.885+0000] {processor.py:830} INFO - Processing file /opt/airflow/dags/weekly_grocery_pipeline.py for tasks to queue
[2026-09-09T20:08:41.887+0000] {logging_mixin.py:188} INFO - [2026-09-09T20:08:41.886+0000] {dagbag.py:538} INFO - Filling up the DagBag from /opt/airflow/dags/weekly_grocery_pipeline.py
[2026-09-09T20:08:41.908+0000] {processor.py:840} INFO - DAG(s) 'weekly_grocery_pipeline' retrieved from /opt/airflow/dags/weekly_grocery_pipeline.py
[2026-09-09T20:08:41.984+0000] {logging_mixin.py:188} INFO - [2026-09-09T20:08:41.984+0000] {dag.py:3036} INFO - Sync 1 DAGs
[2026-09-09T20:08:41.994+0000] {logging_mixin.py:188} INFO - [2026-09-09T20:08:41.994+0000] {dag.py:3823} INFO - Setting next_dagrun for weekly_grocery_pipeline to 2026-09-06 00:00:00+00:00, run_after=2026-09-13 00:00:00+00:00
[2026-09-09T20:08:42.008+0000] {processor.py:183} INFO - Processing /opt/airflow/dags/weekly_grocery_pipeline.py took 0.140 seconds
[2026-09-09T20:09:12.118+0000] {processor.py:161} INFO - Started process (PID=330) to work on /opt/airflow/dags/weekly_grocery_pipeline.py
[2026-09-09T20:09:12.120+0000] {processor.py:830} INFO - Processing file /opt/airflow/dags/weekly_grocery_pipeline.py for tasks to queue
[2026-09-09T20:09:12.121+0000] {logging_mixin.py:188} INFO - [2026-09-09T20:09:12.121+0000] {dagbag.py:538} INFO - Filling up the DagBag from /opt/airflow/dags/weekly_grocery_pipeline.py
[2026-09-09T20:09:12.133+0000] {processor.py:840} INFO - DAG(s) 'weekly_grocery_pipeline' retrieved from /opt/airflow/dags/weekly_grocery_pipeline.py
[2026-09-09T20:09:12.156+0000] {logging_mixin.py:188} INFO - [2026-09-09T20:09:12.156+0000] {dag.py:3036} INFO - Sync 1 DAGs
[2026-09-09T20:09:12.207+0000] {processor.py:183} INFO - Processing /opt/airflow/dags/weekly_grocery_pipeline.py took 0.093 seconds
[2026-09-09T20:09:42.478+0000] {processor.py:161} INFO - Started process (PID=338) to work on /opt/airflow/dags/weekly_grocery_pipeline.py
[2026-09-09T20:09:42.479+0000] {processor.py:830} INFO - Processing file /opt/airflow/dags/weekly_grocery_pipeline.py for tasks to queue
[2026-09-09T20:09:42.480+0000] {logging_mixin.py:188} INFO - [2026-09-09T20:09:42.480+0000] {dagbag.py:538} INFO - Filling up the DagBag from /opt/airflow/dags/weekly_grocery_pipeline.py
[2026-09-09T20:09:42.497+0000] {processor.py:840} INFO - DAG(s) 'weekly_grocery_pipeline' retrieved from /opt/airflow/dags/weekly_grocery_pipeline.py
[2026-09-09T20:09:42.527+0000] {logging_mixin.py:188} INFO - [2026-09-09T20:09:42.527+0000] {dag.py:3036} INFO - Sync 1 DAGs
[2026-09-09T20:09:42.543+0000] {processor.py:183} INFO - Processing /opt/airflow/dags/weekly_grocery_pipeline.py took 0.072 seconds
[2026-09-09T20:10:12.758+0000] {processor.py:161} INFO - Started process (PID=350) to work on /opt/airflow/dags/weekly_grocery_pipeline.py
[2026-09-09T20:10:12.759+0000] {processor.py:830} INFO - Processing file /opt/airflow/dags/weekly_grocery_pipeline.py for tasks to queue
[2026-09-09T20:10:12.760+0000] {logging_mixin.py:188} INFO - [2026-09-09T20:10:12.760+0000] {dagbag.py:538} INFO - Filling up the DagBag from /opt/airflow/dags/weekly_grocery_pipeline.py
[2026-09-09T20:10:12.771+0000] {processor.py:840} INFO - DAG(s) 'weekly_grocery_pipeline' retrieved from /opt/airflow/dags/weekly_grocery_pipeline.py
[2026-09-09T20:10:12.789+0000] {logging_mixin.py:188} INFO - [2026-09-09T20:10:12.789+0000] {dag.py:3036} INFO - Sync 1 DAGs
[2026-09-09T20:10:12.805+0000] {processor.py:183} INFO - Processing /opt/airflow/dags/weekly_grocery_pipeline.py took 0.051 seconds
[2026-09-09T20:10:43.035+0000] {processor.py:161} INFO - Started process (PID=373) to work on /opt/airflow/dags/weekly_grocery_pipeline.py
[2026-09-09T20:10:43.037+0000] {processor.py:830} INFO - Processing file /opt/airflow/dags/weekly_grocery_pipeline.py for tasks to queue
[2026-09-09T20:10:43.038+0000] {logging_mixin.py:188} INFO - [2026-09-09T20:10:43.037+0000] {dagbag.py:538} INFO - Filling up the DagBag from /opt/airflow/dags/weekly_grocery_pipeline.py
[2026-09-09T20:10:43.052+0000] {processor.py:840} INFO - DAG(s) 'weekly_grocery_pipeline' retrieved from /opt/airflow/dags/weekly_grocery_pipeline.py
[2026-09-09T20:10:43.073+0000] {logging_mixin.py:188} INFO - [2026-09-09T20:10:43.073+0000] {dag.py:3036} INFO - Sync 1 DAGs
[2026-09-09T20:10:43.083+0000] {logging_mixin.py:188} INFO - [2026-09-09T20:10:43.083+0000] {dag.py:3823} INFO - Setting next_dagrun for weekly_grocery_pipeline to 2026-09-06 00:00:00+00:00, run_after=2026-09-13 00:00:00+00:00
[2026-09-09T20:10:43.090+0000] {processor.py:183} INFO - Processing /opt/airflow/dags/weekly_grocery_pipeline.py took 0.059 seconds
[2026-09-09T20:11:13.347+0000] {processor.py:161} INFO - Started process (PID=378) to work on /opt/airflow/dags/weekly_grocery_pipeline.py
[2026-09-09T20:11:13.351+0000] {processor.py:830} INFO - Processing file /opt/airflow/dags/weekly_grocery_pipeline.py for tasks to queue
[2026-09-09T20:11:13.352+0000] {logging_mixin.py:188} INFO - [2026-09-09T20:11:13.352+0000] {dagbag.py:538} INFO - Filling up the DagBag from /opt/airflow/dags/weekly_grocery_pipeline.py
[2026-09-09T20:11:13.369+0000] {processor.py:840} INFO - DAG(s) 'weekly_grocery_pipeline' retrieved from /opt/airflow/dags/weekly_grocery_pipeline.py
[2026-09-09T20:11:13.388+0000] {logging_mixin.py:188} INFO - [2026-09-09T20:11:13.388+0000] {dag.py:3036} INFO - Sync 1 DAGs
[2026-09-09T20:11:13.400+0000] {logging_mixin.py:188} INFO - [2026-09-09T20:11:13.399+0000] {dag.py:3823} INFO - Setting next_dagrun for weekly_grocery_pipeline to 2026-09-06 00:00:00+00:00, run_after=2026-09-13 00:00:00+00:00
[2026-09-09T20:11:13.406+0000] {processor.py:183} INFO - Processing /opt/airflow/dags/weekly_grocery_pipeline.py took 0.065 seconds
[2026-09-09T20:11:43.670+0000] {processor.py:161} INFO - Started process (PID=383) to work on /opt/airflow/dags/weekly_grocery_pipeline.py
[2026-09-09T20:11:43.672+0000] {processor.py:830} INFO - Processing file /opt/airflow/dags/weekly_grocery_pipeline.py for tasks to queue
[2026-09-09T20:11:43.672+0000] {logging_mixin.py:188} INFO - [2026-09-09T20:11:43.672+0000] {dagbag.py:538} INFO - Filling up the DagBag from /opt/airflow/dags/weekly_grocery_pipeline.py
[2026-09-09T20:11:43.692+0000] {processor.py:840} INFO - DAG(s) 'weekly_grocery_pipeline' retrieved from /opt/airflow/dags/weekly_grocery_pipeline.py
[2026-09-09T20:11:43.715+0000] {logging_mixin.py:188} INFO - [2026-09-09T20:11:43.715+0000] {dag.py:3036} INFO - Sync 1 DAGs
[2026-09-09T20:11:43.730+0000] {logging_mixin.py:188} INFO - [2026-09-09T20:11:43.730+0000] {dag.py:3823} INFO - Setting next_dagrun for weekly_grocery_pipeline to 2026-09-06 00:00:00+00:00, run_after=2026-09-13 00:00:00+00:00
[2026-09-09T20:11:43.738+0000] {processor.py:183} INFO - Processing /opt/airflow/dags/weekly_grocery_pipeline.py took 0.076 seconds
[2026-09-09T20:12:13.993+0000] {processor.py:161} INFO - Started process (PID=388) to work on /opt/airflow/dags/weekly_grocery_pipeline.py
[2026-09-09T20:12:13.994+0000] {processor.py:830} INFO - Processing file /opt/airflow/dags/weekly_grocery_pipeline.py for tasks to queue
[2026-09-09T20:12:13.995+0000] {logging_mixin.py:188} INFO - [2026-09-09T20:12:13.995+0000] {dagbag.py:538} INFO - Filling up the DagBag from /opt/airflow/dags/weekly_grocery_pipeline.py
[2026-09-09T20:12:14.020+0000] {processor.py:840} INFO - DAG(s) 'weekly_grocery_pipeline' retrieved from /opt/airflow/dags/weekly_grocery_pipeline.py
[2026-09-09T20:12:14.039+0000] {logging_mixin.py:188} INFO - [2026-09-09T20:12:14.039+0000] {dag.py:3036} INFO - Sync 1 DAGs
[2026-09-09T20:12:14.050+0000] {logging_mixin.py:188} INFO - [2026-09-09T20:12:14.050+0000] {dag.py:3823} INFO - Setting next_dagrun for weekly_grocery_pipeline to 2026-09-06 00:00:00+00:00, run_after=2026-09-13 00:00:00+00:00
[2026-09-09T20:12:14.057+0000] {processor.py:183} INFO - Processing /opt/airflow/dags/weekly_grocery_pipeline.py took 0.070 seconds
[2026-09-09T20:12:44.347+0000] {processor.py:161} INFO - Started process (PID=393) to work on /opt/airflow/dags/weekly_grocery_pipeline.py
[2026-09-09T20:12:44.350+0000] {processor.py:830} INFO - Processing file /opt/airflow/dags/weekly_grocery_pipeline.py for tasks to queue
[2026-09-09T20:12:44.351+0000] {logging_mixin.py:188} INFO - [2026-09-09T20:12:44.351+0000] {dagbag.py:538} INFO - Filling up the DagBag from /opt/airflow/dags/weekly_grocery_pipeline.py
[2026-09-09T20:12:44.369+0000] {processor.py:840} INFO - DAG(s) 'weekly_grocery_pipeline' retrieved from /opt/airflow/dags/weekly_grocery_pipeline.py
[2026-09-09T20:12:44.388+0000] {logging_mixin.py:188} INFO - [2026-09-09T20:12:44.388+0000] {dag.py:3036} INFO - Sync 1 DAGs
[2026-09-09T20:12:44.403+0000] {logging_mixin.py:188} INFO - [2026-09-09T20:12:44.403+0000] {dag.py:3823} INFO - Setting next_dagrun for weekly_grocery_pipeline to 2026-09-06 00:00:00+00:00, run_after=2026-09-13 00:00:00+00:00
[2026-09-09T20:12:44.410+0000] {processor.py:183} INFO - Processing /opt/airflow/dags/weekly_grocery_pipeline.py took 0.070 seconds
[2026-09-09T20:13:14.611+0000] {processor.py:161} INFO - Started process (PID=398) to work on /opt/airflow/dags/weekly_grocery_pipeline.py
[2026-09-09T20:13:14.612+0000] {processor.py:830} INFO - Processing file /opt/airflow/dags/weekly_grocery_pipeline.py for tasks to queue
[2026-09-09T20:13:14.614+0000] {logging_mixin.py:188} INFO - [2026-09-09T20:13:14.613+0000] {dagbag.py:538} INFO - Filling up the DagBag from /opt/airflow/dags/weekly_grocery_pipeline.py
[2026-09-09T20:13:14.628+0000] {processor.py:840} INFO - DAG(s) 'weekly_grocery_pipeline' retrieved from /opt/airflow/dags/weekly_grocery_pipeline.py
[2026-09-09T20:13:14.653+0000] {logging_mixin.py:188} INFO - [2026-09-09T20:13:14.653+0000] {dag.py:3036} INFO - Sync 1 DAGs
[2026-09-09T20:13:14.666+0000] {logging_mixin.py:188} INFO - [2026-09-09T20:13:14.666+0000] {dag.py:3823} INFO - Setting next_dagrun for weekly_grocery_pipeline to 2026-09-06 00:00:00+00:00, run_after=2026-09-13 00:00:00+00:00
[2026-09-09T20:13:14.673+0000] {processor.py:183} INFO - Processing /opt/airflow/dags/weekly_grocery_pipeline.py took 0.068 seconds
[2026-09-09T20:13:44.931+0000] {processor.py:161} INFO - Started process (PID=403) to work on /opt/airflow/dags/weekly_grocery_pipeline.py
[2026-09-09T20:13:44.932+0000] {processor.py:830} INFO - Processing file /opt/airflow/dags/weekly_grocery_pipeline.py for tasks to queue
[2026-09-09T20:13:44.933+0000] {logging_mixin.py:188} INFO - [2026-09-09T20:13:44.933+0000] {dagbag.py:538} INFO - Filling up the DagBag from /opt/airflow/dags/weekly_grocery_pipeline.py
[2026-09-09T20:13:44.945+0000] {processor.py:840} INFO - DAG(s) 'weekly_grocery_pipeline' retrieved from /opt/airflow/dags/weekly_grocery_pipeline.py
[2026-09-09T20:13:44.964+0000] {logging_mixin.py:188} INFO - [2026-09-09T20:13:44.964+0000] {dag.py:3036} INFO - Sync 1 DAGs
[2026-09-09T20:13:44.975+0000] {logging_mixin.py:188} INFO - [2026-09-09T20:13:44.975+0000] {dag.py:3823} INFO - Setting next_dagrun for weekly_grocery_pipeline to 2026-09-06 00:00:00+00:00, run_after=2026-09-13 00:00:00+00:00
[2026-09-09T20:13:44.981+0000] {processor.py:183} INFO - Processing /opt/airflow/dags/weekly_grocery_pipeline.py took 0.054 seconds
[2026-09-09T20:14:15.194+0000] {processor.py:161} INFO - Started process (PID=408) to work on /opt/airflow/dags/weekly_grocery_pipeline.py
[2026-09-09T20:14:15.196+0000] {processor.py:830} INFO - Processing file /opt/airflow/dags/weekly_grocery_pipeline.py for tasks to queue
[2026-09-09T20:14:15.197+0000] {logging_mixin.py:188} INFO - [2026-09-09T20:14:15.196+0000] {dagbag.py:538} INFO - Filling up the DagBag from /opt/airflow/dags/weekly_grocery_pipeline.py
[2026-09-09T20:14:15.214+0000] {processor.py:840} INFO - DAG(s) 'weekly_grocery_pipeline' retrieved from /opt/airflow/dags/weekly_grocery_pipeline.py
[2026-09-09T20:14:15.234+0000] {logging_mixin.py:188} INFO - [2026-09-09T20:14:15.234+0000] {dag.py:3036} INFO - Sync 1 DAGs
[2026-09-09T20:14:15.246+0000] {logging_mixin.py:188} INFO - [2026-09-09T20:14:15.246+0000] {dag.py:3823} INFO - Setting next_dagrun for weekly_grocery_pipeline to 2026-09-06 00:00:00+00:00, run_after=2026-09-13 00:00:00+00:00
[2026-09-09T20:14:15.252+0000] {processor.py:183} INFO - Processing /opt/airflow/dags/weekly_grocery_pipeline.py took 0.065 seconds
[2026-09-09T20:14:45.484+0000] {processor.py:161} INFO - Started process (PID=413) to work on /opt/airflow/dags/weekly_grocery_pipeline.py
[2026-09-09T20:14:45.485+0000] {processor.py:830} INFO - Processing file /opt/airflow/dags/weekly_grocery_pipeline.py for tasks to queue
[2026-09-09T20:14:45.485+0000] {logging_mixin.py:188} INFO - [2026-09-09T20:14:45.485+0000] {dagbag.py:538} INFO - Filling up the DagBag from /opt/airflow/dags/weekly_grocery_pipeline.py
[2026-09-09T20:14:45.498+0000] {processor.py:840} INFO - DAG(s) 'weekly_grocery_pipeline' retrieved from /opt/airflow/dags/weekly_grocery_pipeline.py
[2026-09-09T20:14:45.520+0000] {logging_mixin.py:188} INFO - [2026-09-09T20:14:45.520+0000] {dag.py:3036} INFO - Sync 1 DAGs
[2026-09-09T20:14:45.531+0000] {logging_mixin.py:188} INFO - [2026-09-09T20:14:45.531+0000] {dag.py:3823} INFO - Setting next_dagrun for weekly_grocery_pipeline to 2026-09-06 00:00:00+00:00, run_after=2026-09-13 00:00:00+00:00
[2026-09-09T20:14:45.538+0000] {processor.py:183} INFO - Processing /opt/airflow/dags/weekly_grocery_pipeline.py took 0.059 seconds
[2026-09-09T20:15:15.741+0000] {processor.py:161} INFO - Started process (PID=418) to work on /opt/airflow/dags/weekly_grocery_pipeline.py
[2026-09-09T20:15:15.742+0000] {processor.py:830} INFO - Processing file /opt/airflow/dags/weekly_grocery_pipeline.py for tasks to queue
[2026-09-09T20:15:15.743+0000] {logging_mixin.py:188} INFO - [2026-09-09T20:15:15.743+0000] {dagbag.py:538} INFO - Filling up the DagBag from /opt/airflow/dags/weekly_grocery_pipeline.py
[2026-09-09T20:15:15.753+0000] {processor.py:840} INFO - DAG(s) 'weekly_grocery_pipeline' retrieved from /opt/airflow/dags/weekly_grocery_pipeline.py
[2026-09-09T20:15:15.770+0000] {logging_mixin.py:188} INFO - [2026-09-09T20:15:15.770+0000] {dag.py:3036} INFO - Sync 1 DAGs
[2026-09-09T20:15:15.780+0000] {logging_mixin.py:188} INFO - [2026-09-09T20:15:15.780+0000] {dag.py:3823} INFO - Setting next_dagrun for weekly_grocery_pipeline to 2026-09-06 00:00:00+00:00, run_after=2026-09-13 00:00:00+00:00
[2026-09-09T20:15:15.787+0000] {processor.py:183} INFO - Processing /opt/airflow/dags/weekly_grocery_pipeline.py took 0.048 seconds
[2026-09-09T20:15:46.063+0000] {processor.py:161} INFO - Started process (PID=423) to work on /opt/airflow/dags/weekly_grocery_pipeline.py
[2026-09-09T20:15:46.068+0000] {processor.py:830} INFO - Processing file /opt/airflow/dags/weekly_grocery_pipeline.py for tasks to queue
[2026-09-09T20:15:46.069+0000] {logging_mixin.py:188} INFO - [2026-09-09T20:15:46.068+0000] {dagbag.py:538} INFO - Filling up the DagBag from /opt/airflow/dags/weekly_grocery_pipeline.py
[2026-09-09T20:15:46.101+0000] {processor.py:840} INFO - DAG(s) 'weekly_grocery_pipeline' retrieved from /opt/airflow/dags/weekly_grocery_pipeline.py
[2026-09-09T20:15:46.127+0000] {logging_mixin.py:188} INFO - [2026-09-09T20:15:46.127+0000] {dag.py:3036} INFO - Sync 1 DAGs
[2026-09-09T20:15:46.143+0000] {logging_mixin.py:188} INFO - [2026-09-09T20:15:46.143+0000] {dag.py:3823} INFO - Setting next_dagrun for weekly_grocery_pipeline to 2026-09-06 00:00:00+00:00, run_after=2026-09-13 00:00:00+00:00
[2026-09-09T20:15:46.150+0000] {processor.py:183} INFO - Processing /opt/airflow/dags/weekly_grocery_pipeline.py took 0.096 seconds
[2026-09-09T20:16:16.344+0000] {processor.py:161} INFO - Started process (PID=428) to work on /opt/airflow/dags/weekly_grocery_pipeline.py
[2026-09-09T20:16:16.346+0000] {processor.py:830} INFO - Processing file /opt/airflow/dags/weekly_grocery_pipeline.py for tasks to queue
[2026-09-09T20:16:16.347+0000] {logging_mixin.py:188} INFO - [2026-09-09T20:16:16.347+0000] {dagbag.py:538} INFO - Filling up the DagBag from /opt/airflow/dags/weekly_grocery_pipeline.py
[2026-09-09T20:16:16.364+0000] {processor.py:840} INFO - DAG(s) 'weekly_grocery_pipeline' retrieved from /opt/airflow/dags/weekly_grocery_pipeline.py
[2026-09-09T20:16:16.384+0000] {logging_mixin.py:188} INFO - [2026-09-09T20:16:16.384+0000] {dag.py:3036} INFO - Sync 1 DAGs
[2026-09-09T20:16:16.394+0000] {logging_mixin.py:188} INFO - [2026-09-09T20:16:16.394+0000] {dag.py:3823} INFO - Setting next_dagrun for weekly_grocery_pipeline to 2026-09-06 00:00:00+00:00, run_after=2026-09-13 00:00:00+00:00
[2026-09-09T20:16:16.400+0000] {processor.py:183} INFO - Processing /opt/airflow/dags/weekly_grocery_pipeline.py took 0.060 seconds
[2026-09-09T20:16:46.709+0000] {processor.py:161} INFO - Started process (PID=433) to work on /opt/airflow/dags/weekly_grocery_pipeline.py
[2026-09-09T20:16:46.710+0000] {processor.py:830} INFO - Processing file /opt/airflow/dags/weekly_grocery_pipeline.py for tasks to queue
[2026-09-09T20:16:46.712+0000] {logging_mixin.py:188} INFO - [2026-09-09T20:16:46.711+0000] {dagbag.py:538} INFO - Filling up the DagBag from /opt/airflow/dags/weekly_grocery_pipeline.py
[2026-09-09T20:16:46.732+0000] {processor.py:840} INFO - DAG(s) 'weekly_grocery_pipeline' retrieved from /opt/airflow/dags/weekly_grocery_pipeline.py
[2026-09-09T20:16:46.752+0000] {logging_mixin.py:188} INFO - [2026-09-09T20:16:46.752+0000] {dag.py:3036} INFO - Sync 1 DAGs
[2026-09-09T20:16:46.764+0000] {logging_mixin.py:188} INFO - [2026-09-09T20:16:46.764+0000] {dag.py:3823} INFO - Setting next_dagrun for weekly_grocery_pipeline to 2026-09-06 00:00:00+00:00, run_after=2026-09-13 00:00:00+00:00
[2026-09-09T20:16:46.771+0000] {processor.py:183} INFO - Processing /opt/airflow/dags/weekly_grocery_pipeline.py took 0.068 seconds
[2026-09-09T20:17:17.023+0000] {processor.py:161} INFO - Started process (PID=438) to work on /opt/airflow/dags/weekly_grocery_pipeline.py
[2026-09-09T20:17:17.024+0000] {processor.py:830} INFO - Processing file /opt/airflow/dags/weekly_grocery_pipeline.py for tasks to queue
[2026-09-09T20:17:17.025+0000] {logging_mixin.py:188} INFO - [2026-09-09T20:17:17.025+0000] {dagbag.py:538} INFO - Filling up the DagBag from /opt/airflow/dags/weekly_grocery_pipeline.py
[2026-09-09T20:17:17.037+0000] {processor.py:840} INFO - DAG(s) 'weekly_grocery_pipeline' retrieved from /opt/airflow/dags/weekly_grocery_pipeline.py
[2026-09-09T20:17:17.056+0000] {logging_mixin.py:188} INFO - [2026-09-09T20:17:17.056+0000] {dag.py:3036} INFO - Sync 1 DAGs
[2026-09-09T20:17:17.066+0000] {logging_mixin.py:188} INFO - [2026-09-09T20:17:17.066+0000] {dag.py:3823} INFO - Setting next_dagrun for weekly_grocery_pipeline to 2026-09-06 00:00:00+00:00, run_after=2026-09-13 00:00:00+00:00
[2026-09-09T20:17:17.072+0000] {processor.py:183} INFO - Processing /opt/airflow/dags/weekly_grocery_pipeline.py took 0.052 seconds
[2026-09-09T20:17:47.461+0000] {processor.py:161} INFO - Started process (PID=443) to work on /opt/airflow/dags/weekly_grocery_pipeline.py
[2026-09-09T20:17:47.462+0000] {processor.py:830} INFO - Processing file /opt/airflow/dags/weekly_grocery_pipeline.py for tasks to queue
[2026-09-09T20:17:47.463+0000] {logging_mixin.py:188} INFO - [2026-09-09T20:17:47.462+0000] {dagbag.py:538} INFO - Filling up the DagBag from /opt/airflow/dags/weekly_grocery_pipeline.py
[2026-09-09T20:17:47.474+0000] {processor.py:840} INFO - DAG(s) 'weekly_grocery_pipeline' retrieved from /opt/airflow/dags/weekly_grocery_pipeline.py
[2026-09-09T20:17:47.495+0000] {logging_mixin.py:188} INFO - [2026-09-09T20:17:47.495+0000] {dag.py:3036} INFO - Sync 1 DAGs
[2026-09-09T20:17:47.508+0000] {logging_mixin.py:188} INFO - [2026-09-09T20:17:47.508+0000] {dag.py:3823} INFO - Setting next_dagrun for weekly_grocery_pipeline to 2026-09-06 00:00:00+00:00, run_after=2026-09-13 00:00:00+00:00
[2026-09-09T20:17:47.606+0000] {processor.py:183} INFO - Processing /opt/airflow/dags/weekly_grocery_pipeline.py took 0.147 seconds
[2026-09-09T20:26:07.756+0000] {processor.py:161} INFO - Started process (PID=448) to work on /opt/airflow/dags/weekly_grocery_pipeline.py
[2026-09-09T20:26:07.757+0000] {processor.py:830} INFO - Processing file /opt/airflow/dags/weekly_grocery_pipeline.py for tasks to queue
[2026-09-09T20:26:07.758+0000] {logging_mixin.py:188} INFO - [2026-09-09T20:26:07.757+0000] {dagbag.py:538} INFO - Filling up the DagBag from /opt/airflow/dags/weekly_grocery_pipeline.py
[2026-09-09T20:26:07.769+0000] {processor.py:840} INFO - DAG(s) 'weekly_grocery_pipeline' retrieved from /opt/airflow/dags/weekly_grocery_pipeline.py
[2026-09-09T20:26:07.787+0000] {logging_mixin.py:188} INFO - [2026-09-09T20:26:07.787+0000] {dag.py:3036} INFO - Sync 1 DAGs
[2026-09-09T20:26:07.799+0000] {logging_mixin.py:188} INFO - [2026-09-09T20:26:07.798+0000] {dag.py:3823} INFO - Setting next_dagrun for weekly_grocery_pipeline to 2026-09-06 00:00:00+00:00, run_after=2026-09-13 00:00:00+00:00
[2026-09-09T20:26:07.813+0000] {processor.py:183} INFO - Processing /opt/airflow/dags/weekly_grocery_pipeline.py took 0.061 seconds
[2026-09-09T20:43:25.479+0000] {processor.py:161} INFO - Started process (PID=457) to work on /opt/airflow/dags/weekly_grocery_pipeline.py
[2026-09-09T20:43:25.480+0000] {processor.py:830} INFO - Processing file /opt/airflow/dags/weekly_grocery_pipeline.py for tasks to queue
[2026-09-09T20:43:25.480+0000] {logging_mixin.py:188} INFO - [2026-09-09T20:43:25.480+0000] {dagbag.py:538} INFO - Filling up the DagBag from /opt/airflow/dags/weekly_grocery_pipeline.py
[2026-09-09T20:43:25.493+0000] {processor.py:840} INFO - DAG(s) 'weekly_grocery_pipeline' retrieved from /opt/airflow/dags/weekly_grocery_pipeline.py
[2026-09-09T20:43:25.516+0000] {logging_mixin.py:188} INFO - [2026-09-09T20:43:25.516+0000] {dag.py:3036} INFO - Sync 1 DAGs
[2026-09-09T20:43:25.540+0000] {logging_mixin.py:188} INFO - [2026-09-09T20:43:25.540+0000] {dag.py:3823} INFO - Setting next_dagrun for weekly_grocery_pipeline to 2026-09-06 00:00:00+00:00, run_after=2026-09-13 00:00:00+00:00
[2026-09-09T20:43:25.555+0000] {processor.py:183} INFO - Processing /opt/airflow/dags/weekly_grocery_pipeline.py took 0.079 seconds
[2026-09-09T21:01:27.106+0000] {processor.py:161} INFO - Started process (PID=462) to work on /opt/airflow/dags/weekly_grocery_pipeline.py
[2026-09-09T21:01:27.108+0000] {processor.py:830} INFO - Processing file /opt/airflow/dags/weekly_grocery_pipeline.py for tasks to queue
[2026-09-09T21:01:27.108+0000] {logging_mixin.py:188} INFO - [2026-09-09T21:01:27.108+0000] {dagbag.py:538} INFO - Filling up the DagBag from /opt/airflow/dags/weekly_grocery_pipeline.py
[2026-09-09T21:01:27.127+0000] {processor.py:840} INFO - DAG(s) 'weekly_grocery_pipeline' retrieved from /opt/airflow/dags/weekly_grocery_pipeline.py
[2026-09-09T21:01:27.146+0000] {logging_mixin.py:188} INFO - [2026-09-09T21:01:27.146+0000] {dag.py:3036} INFO - Sync 1 DAGs
[2026-09-09T21:01:27.158+0000] {logging_mixin.py:188} INFO - [2026-09-09T21:01:27.158+0000] {dag.py:3823} INFO - Setting next_dagrun for weekly_grocery_pipeline to 2026-09-06 00:00:00+00:00, run_after=2026-09-13 00:00:00+00:00
[2026-09-09T21:01:27.165+0000] {processor.py:183} INFO - Processing /opt/airflow/dags/weekly_grocery_pipeline.py took 0.063 seconds
[2026-09-09T21:52:55.228+0000] {processor.py:161} INFO - Started process (PID=467) to work on /opt/airflow/dags/weekly_grocery_pipeline.py
[2026-09-09T21:52:55.228+0000] {processor.py:830} INFO - Processing file /opt/airflow/dags/weekly_grocery_pipeline.py for tasks to queue
[2026-09-09T21:52:55.229+0000] {logging_mixin.py:188} INFO - [2026-09-09T21:52:55.229+0000] {dagbag.py:538} INFO - Filling up the DagBag from /opt/airflow/dags/weekly_grocery_pipeline.py
[2026-09-09T21:52:55.239+0000] {processor.py:840} INFO - DAG(s) 'weekly_grocery_pipeline' retrieved from /opt/airflow/dags/weekly_grocery_pipeline.py
[2026-09-09T21:52:55.255+0000] {logging_mixin.py:188} INFO - [2026-09-09T21:52:55.255+0000] {dag.py:3036} INFO - Sync 1 DAGs
[2026-09-09T21:52:55.265+0000] {logging_mixin.py:188} INFO - [2026-09-09T21:52:55.265+0000] {dag.py:3823} INFO - Setting next_dagrun for weekly_grocery_pipeline to 2026-09-06 00:00:00+00:00, run_after=2026-09-13 00:00:00+00:00
[2026-09-09T21:52:55.271+0000] {processor.py:183} INFO - Processing /opt/airflow/dags/weekly_grocery_pipeline.py took 0.046 seconds
[2026-09-09T22:05:34.530+0000] {processor.py:161} INFO - Started process (PID=474) to work on /opt/airflow/dags/weekly_grocery_pipeline.py
[2026-09-09T22:05:34.531+0000] {processor.py:830} INFO - Processing file /opt/airflow/dags/weekly_grocery_pipeline.py for tasks to queue
[2026-09-09T22:05:34.532+0000] {logging_mixin.py:188} INFO - [2026-09-09T22:05:34.531+0000] {dagbag.py:538} INFO - Filling up the DagBag from /opt/airflow/dags/weekly_grocery_pipeline.py
[2026-09-09T22:05:34.546+0000] {processor.py:840} INFO - DAG(s) 'weekly_grocery_pipeline' retrieved from /opt/airflow/dags/weekly_grocery_pipeline.py
[2026-09-09T22:05:34.578+0000] {logging_mixin.py:188} INFO - [2026-09-09T22:05:34.577+0000] {dag.py:3036} INFO - Sync 1 DAGs
[2026-09-09T22:05:34.624+0000] {logging_mixin.py:188} INFO - [2026-09-09T22:05:34.623+0000] {dag.py:3823} INFO - Setting next_dagrun for weekly_grocery_pipeline to 2026-09-06 00:00:00+00:00, run_after=2026-09-13 00:00:00+00:00
[2026-09-09T22:05:34.643+0000] {processor.py:183} INFO - Processing /opt/airflow/dags/weekly_grocery_pipeline.py took 0.116 seconds
[2026-09-09T22:48:50.459+0000] {processor.py:161} INFO - Started process (PID=479) to work on /opt/airflow/dags/weekly_grocery_pipeline.py
[2026-09-09T22:48:50.460+0000] {processor.py:830} INFO - Processing file /opt/airflow/dags/weekly_grocery_pipeline.py for tasks to queue
[2026-09-09T22:48:50.460+0000] {logging_mixin.py:188} INFO - [2026-09-09T22:48:50.460+0000] {dagbag.py:538} INFO - Filling up the DagBag from /opt/airflow/dags/weekly_grocery_pipeline.py
[2026-09-09T22:48:50.474+0000] {processor.py:840} INFO - DAG(s) 'weekly_grocery_pipeline' retrieved from /opt/airflow/dags/weekly_grocery_pipeline.py
[2026-09-09T22:48:50.491+0000] {logging_mixin.py:188} INFO - [2026-09-09T22:48:50.491+0000] {dag.py:3036} INFO - Sync 1 DAGs
[2026-09-09T22:48:50.508+0000] {logging_mixin.py:188} INFO - [2026-09-09T22:48:50.508+0000] {dag.py:3823} INFO - Setting next_dagrun for weekly_grocery_pipeline to 2026-09-06 00:00:00+00:00, run_after=2026-09-13 00:00:00+00:00
[2026-09-09T22:48:50.519+0000] {processor.py:183} INFO - Processing /opt/airflow/dags/weekly_grocery_pipeline.py took 0.063 seconds
[2026-09-09T23:09:07.302+0000] {processor.py:161} INFO - Started process (PID=484) to work on /opt/airflow/dags/weekly_grocery_pipeline.py
[2026-09-09T23:09:07.303+0000] {processor.py:830} INFO - Processing file /opt/airflow/dags/weekly_grocery_pipeline.py for tasks to queue
[2026-09-09T23:09:07.304+0000] {logging_mixin.py:188} INFO - [2026-09-09T23:09:07.304+0000] {dagbag.py:538} INFO - Filling up the DagBag from /opt/airflow/dags/weekly_grocery_pipeline.py
[2026-09-09T23:09:07.325+0000] {processor.py:840} INFO - DAG(s) 'weekly_grocery_pipeline' retrieved from /opt/airflow/dags/weekly_grocery_pipeline.py
[2026-09-09T23:09:07.365+0000] {logging_mixin.py:188} INFO - [2026-09-09T23:09:07.364+0000] {dag.py:3036} INFO - Sync 1 DAGs
[2026-09-09T23:09:07.389+0000] {logging_mixin.py:188} INFO - [2026-09-09T23:09:07.389+0000] {dag.py:3823} INFO - Setting next_dagrun for weekly_grocery_pipeline to 2026-09-06 00:00:00+00:00, run_after=2026-09-13 00:00:00+00:00
[2026-09-09T23:09:07.406+0000] {processor.py:183} INFO - Processing /opt/airflow/dags/weekly_grocery_pipeline.py took 0.107 seconds
[2026-09-09T23:09:37.590+0000] {processor.py:161} INFO - Started process (PID=489) to work on /opt/airflow/dags/weekly_grocery_pipeline.py
[2026-09-09T23:09:37.594+0000] {processor.py:830} INFO - Processing file /opt/airflow/dags/weekly_grocery_pipeline.py for tasks to queue
[2026-09-09T23:09:37.596+0000] {logging_mixin.py:188} INFO - [2026-09-09T23:09:37.595+0000] {dagbag.py:538} INFO - Filling up the DagBag from /opt/airflow/dags/weekly_grocery_pipeline.py
[2026-09-09T23:09:37.615+0000] {processor.py:840} INFO - DAG(s) 'weekly_grocery_pipeline' retrieved from /opt/airflow/dags/weekly_grocery_pipeline.py
[2026-09-09T23:09:37.637+0000] {logging_mixin.py:188} INFO - [2026-09-09T23:09:37.637+0000] {dag.py:3036} INFO - Sync 1 DAGs
[2026-09-09T23:09:37.649+0000] {logging_mixin.py:188} INFO - [2026-09-09T23:09:37.649+0000] {dag.py:3823} INFO - Setting next_dagrun for weekly_grocery_pipeline to 2026-09-06 00:00:00+00:00, run_after=2026-09-13 00:00:00+00:00
[2026-09-09T23:09:37.656+0000] {processor.py:183} INFO - Processing /opt/airflow/dags/weekly_grocery_pipeline.py took 0.074 seconds
[2026-09-09T23:10:07.974+0000] {processor.py:161} INFO - Started process (PID=494) to work on /opt/airflow/dags/weekly_grocery_pipeline.py
[2026-09-09T23:10:07.983+0000] {processor.py:830} INFO - Processing file /opt/airflow/dags/weekly_grocery_pipeline.py for tasks to queue
[2026-09-09T23:10:07.984+0000] {logging_mixin.py:188} INFO - [2026-09-09T23:10:07.983+0000] {dagbag.py:538} INFO - Filling up the DagBag from /opt/airflow/dags/weekly_grocery_pipeline.py
[2026-09-09T23:10:08.015+0000] {processor.py:840} INFO - DAG(s) 'weekly_grocery_pipeline' retrieved from /opt/airflow/dags/weekly_grocery_pipeline.py
[2026-09-09T23:10:08.042+0000] {logging_mixin.py:188} INFO - [2026-09-09T23:10:08.042+0000] {dag.py:3036} INFO - Sync 1 DAGs
[2026-09-09T23:10:08.058+0000] {logging_mixin.py:188} INFO - [2026-09-09T23:10:08.058+0000] {dag.py:3823} INFO - Setting next_dagrun for weekly_grocery_pipeline to 2026-09-06 00:00:00+00:00, run_after=2026-09-13 00:00:00+00:00
[2026-09-09T23:10:08.067+0000] {processor.py:183} INFO - Processing /opt/airflow/dags/weekly_grocery_pipeline.py took 0.099 seconds
[2026-09-09T23:10:38.283+0000] {processor.py:161} INFO - Started process (PID=499) to work on /opt/airflow/dags/weekly_grocery_pipeline.py
[2026-09-09T23:10:38.287+0000] {processor.py:830} INFO - Processing file /opt/airflow/dags/weekly_grocery_pipeline.py for tasks to queue
[2026-09-09T23:10:38.289+0000] {logging_mixin.py:188} INFO - [2026-09-09T23:10:38.288+0000] {dagbag.py:538} INFO - Filling up the DagBag from /opt/airflow/dags/weekly_grocery_pipeline.py
[2026-09-09T23:10:38.310+0000] {processor.py:840} INFO - DAG(s) 'weekly_grocery_pipeline' retrieved from /opt/airflow/dags/weekly_grocery_pipeline.py
[2026-09-09T23:10:38.333+0000] {logging_mixin.py:188} INFO - [2026-09-09T23:10:38.333+0000] {dag.py:3036} INFO - Sync 1 DAGs
[2026-09-09T23:10:38.345+0000] {logging_mixin.py:188} INFO - [2026-09-09T23:10:38.345+0000] {dag.py:3823} INFO - Setting next_dagrun for weekly_grocery_pipeline to 2026-09-06 00:00:00+00:00, run_after=2026-09-13 00:00:00+00:00
[2026-09-09T23:10:38.353+0000] {processor.py:183} INFO - Processing /opt/airflow/dags/weekly_grocery_pipeline.py took 0.075 seconds
[2026-09-09T23:11:08.578+0000] {processor.py:161} INFO - Started process (PID=504) to work on /opt/airflow/dags/weekly_grocery_pipeline.py
[2026-09-09T23:11:08.579+0000] {processor.py:830} INFO - Processing file /opt/airflow/dags/weekly_grocery_pipeline.py for tasks to queue
[2026-09-09T23:11:08.580+0000] {logging_mixin.py:188} INFO - [2026-09-09T23:11:08.580+0000] {dagbag.py:538} INFO - Filling up the DagBag from /opt/airflow/dags/weekly_grocery_pipeline.py
[2026-09-09T23:11:08.591+0000] {processor.py:840} INFO - DAG(s) 'weekly_grocery_pipeline' retrieved from /opt/airflow/dags/weekly_grocery_pipeline.py
[2026-09-09T23:11:08.610+0000] {logging_mixin.py:188} INFO - [2026-09-09T23:11:08.610+0000] {dag.py:3036} INFO - Sync 1 DAGs
[2026-09-09T23:11:08.620+0000] {logging_mixin.py:188} INFO - [2026-09-09T23:11:08.620+0000] {dag.py:3823} INFO - Setting next_dagrun for weekly_grocery_pipeline to 2026-09-06 00:00:00+00:00, run_after=2026-09-13 00:00:00+00:00
[2026-09-09T23:11:08.627+0000] {processor.py:183} INFO - Processing /opt/airflow/dags/weekly_grocery_pipeline.py took 0.051 seconds
[2026-09-09T23:11:38.872+0000] {processor.py:161} INFO - Started process (PID=509) to work on /opt/airflow/dags/weekly_grocery_pipeline.py
[2026-09-09T23:11:38.873+0000] {processor.py:830} INFO - Processing file /opt/airflow/dags/weekly_grocery_pipeline.py for tasks to queue
[2026-09-09T23:11:38.874+0000] {logging_mixin.py:188} INFO - [2026-09-09T23:11:38.874+0000] {dagbag.py:538} INFO - Filling up the DagBag from /opt/airflow/dags/weekly_grocery_pipeline.py
[2026-09-09T23:11:38.888+0000] {processor.py:840} INFO - DAG(s) 'weekly_grocery_pipeline' retrieved from /opt/airflow/dags/weekly_grocery_pipeline.py
[2026-09-09T23:11:38.907+0000] {logging_mixin.py:188} INFO - [2026-09-09T23:11:38.907+0000] {dag.py:3036} INFO - Sync 1 DAGs
[2026-09-09T23:11:38.917+0000] {logging_mixin.py:188} INFO - [2026-09-09T23:11:38.917+0000] {dag.py:3823} INFO - Setting next_dagrun for weekly_grocery_pipeline to 2026-09-06 00:00:00+00:00, run_after=2026-09-13 00:00:00+00:00
[2026-09-09T23:11:38.924+0000] {processor.py:183} INFO - Processing /opt/airflow/dags/weekly_grocery_pipeline.py took 0.056 seconds
[2026-09-09T23:12:09.205+0000] {processor.py:161} INFO - Started process (PID=514) to work on /opt/airflow/dags/weekly_grocery_pipeline.py
[2026-09-09T23:12:09.206+0000] {processor.py:830} INFO - Processing file /opt/airflow/dags/weekly_grocery_pipeline.py for tasks to queue
[2026-09-09T23:12:09.207+0000] {logging_mixin.py:188} INFO - [2026-09-09T23:12:09.206+0000] {dagbag.py:538} INFO - Filling up the DagBag from /opt/airflow/dags/weekly_grocery_pipeline.py
[2026-09-09T23:12:09.221+0000] {processor.py:840} INFO - DAG(s) 'weekly_grocery_pipeline' retrieved from /opt/airflow/dags/weekly_grocery_pipeline.py
[2026-09-09T23:12:09.244+0000] {logging_mixin.py:188} INFO - [2026-09-09T23:12:09.244+0000] {dag.py:3036} INFO - Sync 1 DAGs
[2026-09-09T23:12:09.279+0000] {logging_mixin.py:188} INFO - [2026-09-09T23:12:09.279+0000] {dag.py:3823} INFO - Setting next_dagrun for weekly_grocery_pipeline to 2026-09-06 00:00:00+00:00, run_after=2026-09-13 00:00:00+00:00
[2026-09-09T23:12:09.291+0000] {processor.py:183} INFO - Processing /opt/airflow/dags/weekly_grocery_pipeline.py took 0.096 seconds
[2026-09-09T23:12:39.454+0000] {processor.py:161} INFO - Started process (PID=519) to work on /opt/airflow/dags/weekly_grocery_pipeline.py
[2026-09-09T23:12:39.456+0000] {processor.py:830} INFO - Processing file /opt/airflow/dags/weekly_grocery_pipeline.py for tasks to queue
[2026-09-09T23:12:39.456+0000] {logging_mixin.py:188} INFO - [2026-09-09T23:12:39.456+0000] {dagbag.py:538} INFO - Filling up the DagBag from /opt/airflow/dags/weekly_grocery_pipeline.py
[2026-09-09T23:12:39.469+0000] {processor.py:840} INFO - DAG(s) 'weekly_grocery_pipeline' retrieved from /opt/airflow/dags/weekly_grocery_pipeline.py
[2026-09-09T23:12:39.489+0000] {logging_mixin.py:188} INFO - [2026-09-09T23:12:39.489+0000] {dag.py:3036} INFO - Sync 1 DAGs
[2026-09-09T23:12:39.500+0000] {logging_mixin.py:188} INFO - [2026-09-09T23:12:39.500+0000] {dag.py:3823} INFO - Setting next_dagrun for weekly_grocery_pipeline to 2026-09-06 00:00:00+00:00, run_after=2026-09-13 00:00:00+00:00
[2026-09-09T23:12:39.507+0000] {processor.py:183} INFO - Processing /opt/airflow/dags/weekly_grocery_pipeline.py took 0.060 seconds
[2026-09-09T23:13:09.677+0000] {processor.py:161} INFO - Started process (PID=524) to work on /opt/airflow/dags/weekly_grocery_pipeline.py
[2026-09-09T23:13:09.678+0000] {processor.py:830} INFO - Processing file /opt/airflow/dags/weekly_grocery_pipeline.py for tasks to queue
[2026-09-09T23:13:09.678+0000] {logging_mixin.py:188} INFO - [2026-09-09T23:13:09.678+0000] {dagbag.py:538} INFO - Filling up the DagBag from /opt/airflow/dags/weekly_grocery_pipeline.py
[2026-09-09T23:13:09.687+0000] {processor.py:840} INFO - DAG(s) 'weekly_grocery_pipeline' retrieved from /opt/airflow/dags/weekly_grocery_pipeline.py
[2026-09-09T23:13:09.704+0000] {logging_mixin.py:188} INFO - [2026-09-09T23:13:09.704+0000] {dag.py:3036} INFO - Sync 1 DAGs
[2026-09-09T23:13:09.715+0000] {logging_mixin.py:188} INFO - [2026-09-09T23:13:09.715+0000] {dag.py:3823} INFO - Setting next_dagrun for weekly_grocery_pipeline to 2026-09-06 00:00:00+00:00, run_after=2026-09-13 00:00:00+00:00
[2026-09-09T23:13:09.723+0000] {processor.py:183} INFO - Processing /opt/airflow/dags/weekly_grocery_pipeline.py took 0.049 seconds
[2026-09-09T23:13:39.914+0000] {processor.py:161} INFO - Started process (PID=529) to work on /opt/airflow/dags/weekly_grocery_pipeline.py
[2026-09-09T23:13:39.916+0000] {processor.py:830} INFO - Processing file /opt/airflow/dags/weekly_grocery_pipeline.py for tasks to queue
[2026-09-09T23:13:39.916+0000] {logging_mixin.py:188} INFO - [2026-09-09T23:13:39.916+0000] {dagbag.py:538} INFO - Filling up the DagBag from /opt/airflow/dags/weekly_grocery_pipeline.py
[2026-09-09T23:13:39.929+0000] {processor.py:840} INFO - DAG(s) 'weekly_grocery_pipeline' retrieved from /opt/airflow/dags/weekly_grocery_pipeline.py
[2026-09-09T23:13:39.948+0000] {logging_mixin.py:188} INFO - [2026-09-09T23:13:39.948+0000] {dag.py:3036} INFO - Sync 1 DAGs
[2026-09-09T23:13:39.960+0000] {logging_mixin.py:188} INFO - [2026-09-09T23:13:39.960+0000] {dag.py:3823} INFO - Setting next_dagrun for weekly_grocery_pipeline to 2026-09-06 00:00:00+00:00, run_after=2026-09-13 00:00:00+00:00
[2026-09-09T23:13:39.966+0000] {processor.py:183} INFO - Processing /opt/airflow/dags/weekly_grocery_pipeline.py took 0.054 seconds
[2026-09-09T23:14:10.205+0000] {processor.py:161} INFO - Started process (PID=534) to work on /opt/airflow/dags/weekly_grocery_pipeline.py
[2026-09-09T23:14:10.206+0000] {processor.py:830} INFO - Processing file /opt/airflow/dags/weekly_grocery_pipeline.py for tasks to queue
[2026-09-09T23:14:10.207+0000] {logging_mixin.py:188} INFO - [2026-09-09T23:14:10.206+0000] {dagbag.py:538} INFO - Filling up the DagBag from /opt/airflow/dags/weekly_grocery_pipeline.py
[2026-09-09T23:14:10.218+0000] {processor.py:840} INFO - DAG(s) 'weekly_grocery_pipeline' retrieved from /opt/airflow/dags/weekly_grocery_pipeline.py
[2026-09-09T23:14:10.237+0000] {logging_mixin.py:188} INFO - [2026-09-09T23:14:10.237+0000] {dag.py:3036} INFO - Sync 1 DAGs
[2026-09-09T23:14:10.248+0000] {logging_mixin.py:188} INFO - [2026-09-09T23:14:10.247+0000] {dag.py:3823} INFO - Setting next_dagrun for weekly_grocery_pipeline to 2026-09-06 00:00:00+00:00, run_after=2026-09-13 00:00:00+00:00
[2026-09-09T23:14:10.254+0000] {processor.py:183} INFO - Processing /opt/airflow/dags/weekly_grocery_pipeline.py took 0.053 seconds
[2026-09-09T23:14:40.462+0000] {processor.py:161} INFO - Started process (PID=539) to work on /opt/airflow/dags/weekly_grocery_pipeline.py
[2026-09-09T23:14:40.463+0000] {processor.py:830} INFO - Processing file /opt/airflow/dags/weekly_grocery_pipeline.py for tasks to queue
[2026-09-09T23:14:40.464+0000] {logging_mixin.py:188} INFO - [2026-09-09T23:14:40.464+0000] {dagbag.py:538} INFO - Filling up the DagBag from /opt/airflow/dags/weekly_grocery_pipeline.py
[2026-09-09T23:14:40.475+0000] {processor.py:840} INFO - DAG(s) 'weekly_grocery_pipeline' retrieved from /opt/airflow/dags/weekly_grocery_pipeline.py
[2026-09-09T23:14:40.495+0000] {logging_mixin.py:188} INFO - [2026-09-09T23:14:40.495+0000] {dag.py:3036} INFO - Sync 1 DAGs
[2026-09-09T23:14:40.508+0000] {logging_mixin.py:188} INFO - [2026-09-09T23:14:40.508+0000] {dag.py:3823} INFO - Setting next_dagrun for weekly_grocery_pipeline to 2026-09-06 00:00:00+00:00, run_after=2026-09-13 00:00:00+00:00
[2026-09-09T23:14:40.515+0000] {processor.py:183} INFO - Processing /opt/airflow/dags/weekly_grocery_pipeline.py took 0.057 seconds
[2026-09-09T23:15:10.754+0000] {processor.py:161} INFO - Started process (PID=544) to work on /opt/airflow/dags/weekly_grocery_pipeline.py
[2026-09-09T23:15:10.755+0000] {processor.py:830} INFO - Processing file /opt/airflow/dags/weekly_grocery_pipeline.py for tasks to queue
[2026-09-09T23:15:10.755+0000] {logging_mixin.py:188} INFO - [2026-09-09T23:15:10.755+0000] {dagbag.py:538} INFO - Filling up the DagBag from /opt/airflow/dags/weekly_grocery_pipeline.py
[2026-09-09T23:15:10.767+0000] {processor.py:840} INFO - DAG(s) 'weekly_grocery_pipeline' retrieved from /opt/airflow/dags/weekly_grocery_pipeline.py
[2026-09-09T23:15:10.786+0000] {logging_mixin.py:188} INFO - [2026-09-09T23:15:10.786+0000] {dag.py:3036} INFO - Sync 1 DAGs
[2026-09-09T23:15:10.797+0000] {logging_mixin.py:188} INFO - [2026-09-09T23:15:10.797+0000] {dag.py:3823} INFO - Setting next_dagrun for weekly_grocery_pipeline to 2026-09-06 00:00:00+00:00, run_after=2026-09-13 00:00:00+00:00
[2026-09-09T23:15:10.803+0000] {processor.py:183} INFO - Processing /opt/airflow/dags/weekly_grocery_pipeline.py took 0.052 seconds
[2026-09-09T23:15:41.054+0000] {processor.py:161} INFO - Started process (PID=549) to work on /opt/airflow/dags/weekly_grocery_pipeline.py
[2026-09-09T23:15:41.055+0000] {processor.py:830} INFO - Processing file /opt/airflow/dags/weekly_grocery_pipeline.py for tasks to queue
[2026-09-09T23:15:41.055+0000] {logging_mixin.py:188} INFO - [2026-09-09T23:15:41.055+0000] {dagbag.py:538} INFO - Filling up the DagBag from /opt/airflow/dags/weekly_grocery_pipeline.py
[2026-09-09T23:15:41.067+0000] {processor.py:840} INFO - DAG(s) 'weekly_grocery_pipeline' retrieved from /opt/airflow/dags/weekly_grocery_pipeline.py
[2026-09-09T23:15:41.087+0000] {logging_mixin.py:188} INFO - [2026-09-09T23:15:41.087+0000] {dag.py:3036} INFO - Sync 1 DAGs
[2026-09-09T23:15:41.099+0000] {logging_mixin.py:188} INFO - [2026-09-09T23:15:41.099+0000] {dag.py:3823} INFO - Setting next_dagrun for weekly_grocery_pipeline to 2026-09-06 00:00:00+00:00, run_after=2026-09-13 00:00:00+00:00
[2026-09-09T23:15:41.105+0000] {processor.py:183} INFO - Processing /opt/airflow/dags/weekly_grocery_pipeline.py took 0.055 seconds
[2026-09-09T23:16:11.341+0000] {processor.py:161} INFO - Started process (PID=554) to work on /opt/airflow/dags/weekly_grocery_pipeline.py
[2026-09-09T23:16:11.342+0000] {processor.py:830} INFO - Processing file /opt/airflow/dags/weekly_grocery_pipeline.py for tasks to queue
[2026-09-09T23:16:11.342+0000] {logging_mixin.py:188} INFO - [2026-09-09T23:16:11.342+0000] {dagbag.py:538} INFO - Filling up the DagBag from /opt/airflow/dags/weekly_grocery_pipeline.py
[2026-09-09T23:16:11.349+0000] {processor.py:840} INFO - DAG(s) 'weekly_grocery_pipeline' retrieved from /opt/airflow/dags/weekly_grocery_pipeline.py
[2026-09-09T23:16:11.362+0000] {logging_mixin.py:188} INFO - [2026-09-09T23:16:11.362+0000] {dag.py:3036} INFO - Sync 1 DAGs
[2026-09-09T23:16:11.372+0000] {logging_mixin.py:188} INFO - [2026-09-09T23:16:11.372+0000] {dag.py:3823} INFO - Setting next_dagrun for weekly_grocery_pipeline to 2026-09-06 00:00:00+00:00, run_after=2026-09-13 00:00:00+00:00
[2026-09-09T23:16:11.378+0000] {processor.py:183} INFO - Processing /opt/airflow/dags/weekly_grocery_pipeline.py took 0.039 seconds
[2026-09-09T23:16:41.579+0000] {processor.py:161} INFO - Started process (PID=559) to work on /opt/airflow/dags/weekly_grocery_pipeline.py
[2026-09-09T23:16:41.580+0000] {processor.py:830} INFO - Processing file /opt/airflow/dags/weekly_grocery_pipeline.py for tasks to queue
[2026-09-09T23:16:41.581+0000] {logging_mixin.py:188} INFO - [2026-09-09T23:16:41.580+0000] {dagbag.py:538} INFO - Filling up the DagBag from /opt/airflow/dags/weekly_grocery_pipeline.py
[2026-09-09T23:16:41.592+0000] {processor.py:840} INFO - DAG(s) 'weekly_grocery_pipeline' retrieved from /opt/airflow/dags/weekly_grocery_pipeline.py
[2026-09-09T23:16:41.613+0000] {logging_mixin.py:188} INFO - [2026-09-09T23:16:41.612+0000] {dag.py:3036} INFO - Sync 1 DAGs
[2026-09-09T23:16:41.625+0000] {logging_mixin.py:188} INFO - [2026-09-09T23:16:41.625+0000] {dag.py:3823} INFO - Setting next_dagrun for weekly_grocery_pipeline to 2026-09-06 00:00:00+00:00, run_after=2026-09-13 00:00:00+00:00
[2026-09-09T23:16:41.632+0000] {processor.py:183} INFO - Processing /opt/airflow/dags/weekly_grocery_pipeline.py took 0.056 seconds
[2026-09-09T23:17:11.854+0000] {processor.py:161} INFO - Started process (PID=564) to work on /opt/airflow/dags/weekly_grocery_pipeline.py
[2026-09-09T23:17:11.855+0000] {processor.py:830} INFO - Processing file /opt/airflow/dags/weekly_grocery_pipeline.py for tasks to queue
[2026-09-09T23:17:11.856+0000] {logging_mixin.py:188} INFO - [2026-09-09T23:17:11.856+0000] {dagbag.py:538} INFO - Filling up the DagBag from /opt/airflow/dags/weekly_grocery_pipeline.py
[2026-09-09T23:17:11.868+0000] {processor.py:840} INFO - DAG(s) 'weekly_grocery_pipeline' retrieved from /opt/airflow/dags/weekly_grocery_pipeline.py
[2026-09-09T23:17:11.888+0000] {logging_mixin.py:188} INFO - [2026-09-09T23:17:11.888+0000] {dag.py:3036} INFO - Sync 1 DAGs
[2026-09-09T23:17:11.898+0000] {logging_mixin.py:188} INFO - [2026-09-09T23:17:11.898+0000] {dag.py:3823} INFO - Setting next_dagrun for weekly_grocery_pipeline to 2026-09-06 00:00:00+00:00, run_after=2026-09-13 00:00:00+00:00
[2026-09-09T23:17:11.905+0000] {processor.py:183} INFO - Processing /opt/airflow/dags/weekly_grocery_pipeline.py took 0.054 seconds
[2026-09-09T23:17:42.126+0000] {processor.py:161} INFO - Started process (PID=569) to work on /opt/airflow/dags/weekly_grocery_pipeline.py
[2026-09-09T23:17:42.127+0000] {processor.py:830} INFO - Processing file /opt/airflow/dags/weekly_grocery_pipeline.py for tasks to queue
[2026-09-09T23:17:42.127+0000] {logging_mixin.py:188} INFO - [2026-09-09T23:17:42.127+0000] {dagbag.py:538} INFO - Filling up the DagBag from /opt/airflow/dags/weekly_grocery_pipeline.py
[2026-09-09T23:17:42.137+0000] {processor.py:840} INFO - DAG(s) 'weekly_grocery_pipeline' retrieved from /opt/airflow/dags/weekly_grocery_pipeline.py
[2026-09-09T23:17:42.153+0000] {logging_mixin.py:188} INFO - [2026-09-09T23:17:42.153+0000] {dag.py:3036} INFO - Sync 1 DAGs
[2026-09-09T23:17:42.164+0000] {logging_mixin.py:188} INFO - [2026-09-09T23:17:42.164+0000] {dag.py:3823} INFO - Setting next_dagrun for weekly_grocery_pipeline to 2026-09-06 00:00:00+00:00, run_after=2026-09-13 00:00:00+00:00
[2026-09-09T23:17:42.171+0000] {processor.py:183} INFO - Processing /opt/airflow/dags/weekly_grocery_pipeline.py took 0.047 seconds
[2026-09-09T23:18:12.427+0000] {processor.py:161} INFO - Started process (PID=574) to work on /opt/airflow/dags/weekly_grocery_pipeline.py
[2026-09-09T23:18:12.428+0000] {processor.py:830} INFO - Processing file /opt/airflow/dags/weekly_grocery_pipeline.py for tasks to queue
[2026-09-09T23:18:12.429+0000] {logging_mixin.py:188} INFO - [2026-09-09T23:18:12.429+0000] {dagbag.py:538} INFO - Filling up the DagBag from /opt/airflow/dags/weekly_grocery_pipeline.py
[2026-09-09T23:18:12.440+0000] {processor.py:840} INFO - DAG(s) 'weekly_grocery_pipeline' retrieved from /opt/airflow/dags/weekly_grocery_pipeline.py
[2026-09-09T23:18:12.459+0000] {logging_mixin.py:188} INFO - [2026-09-09T23:18:12.459+0000] {dag.py:3036} INFO - Sync 1 DAGs
[2026-09-09T23:18:12.470+0000] {logging_mixin.py:188} INFO - [2026-09-09T23:18:12.470+0000] {dag.py:3823} INFO - Setting next_dagrun for weekly_grocery_pipeline to 2026-09-06 00:00:00+00:00, run_after=2026-09-13 00:00:00+00:00
[2026-09-09T23:18:12.476+0000] {processor.py:183} INFO - Processing /opt/airflow/dags/weekly_grocery_pipeline.py took 0.051 seconds
[2026-09-09T23:18:42.735+0000] {processor.py:161} INFO - Started process (PID=579) to work on /opt/airflow/dags/weekly_grocery_pipeline.py
[2026-09-09T23:18:42.736+0000] {processor.py:830} INFO - Processing file /opt/airflow/dags/weekly_grocery_pipeline.py for tasks to queue
[2026-09-09T23:18:42.736+0000] {logging_mixin.py:188} INFO - [2026-09-09T23:18:42.736+0000] {dagbag.py:538} INFO - Filling up the DagBag from /opt/airflow/dags/weekly_grocery_pipeline.py
[2026-09-09T23:18:42.747+0000] {processor.py:840} INFO - DAG(s) 'weekly_grocery_pipeline' retrieved from /opt/airflow/dags/weekly_grocery_pipeline.py
[2026-09-09T23:18:42.765+0000] {logging_mixin.py:188} INFO - [2026-09-09T23:18:42.765+0000] {dag.py:3036} INFO - Sync 1 DAGs
[2026-09-09T23:18:42.774+0000] {logging_mixin.py:188} INFO - [2026-09-09T23:18:42.774+0000] {dag.py:3823} INFO - Setting next_dagrun for weekly_grocery_pipeline to 2026-09-06 00:00:00+00:00, run_after=2026-09-13 00:00:00+00:00
[2026-09-09T23:18:42.781+0000] {processor.py:183} INFO - Processing /opt/airflow/dags/weekly_grocery_pipeline.py took 0.049 seconds
[2026-09-09T23:19:13.067+0000] {processor.py:161} INFO - Started process (PID=584) to work on /opt/airflow/dags/weekly_grocery_pipeline.py
[2026-09-09T23:19:13.068+0000] {processor.py:830} INFO - Processing file /opt/airflow/dags/weekly_grocery_pipeline.py for tasks to queue
[2026-09-09T23:19:13.069+0000] {logging_mixin.py:188} INFO - [2026-09-09T23:19:13.068+0000] {dagbag.py:538} INFO - Filling up the DagBag from /opt/airflow/dags/weekly_grocery_pipeline.py
[2026-09-09T23:19:13.083+0000] {processor.py:840} INFO - DAG(s) 'weekly_grocery_pipeline' retrieved from /opt/airflow/dags/weekly_grocery_pipeline.py
[2026-09-09T23:19:13.105+0000] {logging_mixin.py:188} INFO - [2026-09-09T23:19:13.105+0000] {dag.py:3036} INFO - Sync 1 DAGs
[2026-09-09T23:19:13.120+0000] {logging_mixin.py:188} INFO - [2026-09-09T23:19:13.120+0000] {dag.py:3823} INFO - Setting next_dagrun for weekly_grocery_pipeline to 2026-09-06 00:00:00+00:00, run_after=2026-09-13 00:00:00+00:00
[2026-09-09T23:19:13.130+0000] {processor.py:183} INFO - Processing /opt/airflow/dags/weekly_grocery_pipeline.py took 0.067 seconds
[2026-09-09T23:19:43.334+0000] {processor.py:161} INFO - Started process (PID=589) to work on /opt/airflow/dags/weekly_grocery_pipeline.py
[2026-09-09T23:19:43.335+0000] {processor.py:830} INFO - Processing file /opt/airflow/dags/weekly_grocery_pipeline.py for tasks to queue
[2026-09-09T23:19:43.335+0000] {logging_mixin.py:188} INFO - [2026-09-09T23:19:43.335+0000] {dagbag.py:538} INFO - Filling up the DagBag from /opt/airflow/dags/weekly_grocery_pipeline.py
[2026-09-09T23:19:43.348+0000] {processor.py:840} INFO - DAG(s) 'weekly_grocery_pipeline' retrieved from /opt/airflow/dags/weekly_grocery_pipeline.py
[2026-09-09T23:19:43.368+0000] {logging_mixin.py:188} INFO - [2026-09-09T23:19:43.368+0000] {dag.py:3036} INFO - Sync 1 DAGs
[2026-09-09T23:19:43.378+0000] {logging_mixin.py:188} INFO - [2026-09-09T23:19:43.378+0000] {dag.py:3823} INFO - Setting next_dagrun for weekly_grocery_pipeline to 2026-09-06 00:00:00+00:00, run_after=2026-09-13 00:00:00+00:00
[2026-09-09T23:19:43.385+0000] {processor.py:183} INFO - Processing /opt/airflow/dags/weekly_grocery_pipeline.py took 0.055 seconds
[2026-09-09T23:20:13.590+0000] {processor.py:161} INFO - Started process (PID=594) to work on /opt/airflow/dags/weekly_grocery_pipeline.py
[2026-09-09T23:20:13.592+0000] {processor.py:830} INFO - Processing file /opt/airflow/dags/weekly_grocery_pipeline.py for tasks to queue
[2026-09-09T23:20:13.593+0000] {logging_mixin.py:188} INFO - [2026-09-09T23:20:13.592+0000] {dagbag.py:538} INFO - Filling up the DagBag from /opt/airflow/dags/weekly_grocery_pipeline.py
[2026-09-09T23:20:13.604+0000] {processor.py:840} INFO - DAG(s) 'weekly_grocery_pipeline' retrieved from /opt/airflow/dags/weekly_grocery_pipeline.py
[2026-09-09T23:20:13.624+0000] {logging_mixin.py:188} INFO - [2026-09-09T23:20:13.624+0000] {dag.py:3036} INFO - Sync 1 DAGs
[2026-09-09T23:20:13.635+0000] {logging_mixin.py:188} INFO - [2026-09-09T23:20:13.635+0000] {dag.py:3823} INFO - Setting next_dagrun for weekly_grocery_pipeline to 2026-09-06 00:00:00+00:00, run_after=2026-09-13 00:00:00+00:00
[2026-09-09T23:20:13.642+0000] {processor.py:183} INFO - Processing /opt/airflow/dags/weekly_grocery_pipeline.py took 0.055 seconds
[2026-09-09T23:20:43.837+0000] {processor.py:161} INFO - Started process (PID=599) to work on /opt/airflow/dags/weekly_grocery_pipeline.py
[2026-09-09T23:20:43.838+0000] {processor.py:830} INFO - Processing file /opt/airflow/dags/weekly_grocery_pipeline.py for tasks to queue
[2026-09-09T23:20:43.839+0000] {logging_mixin.py:188} INFO - [2026-09-09T23:20:43.839+0000] {dagbag.py:538} INFO - Filling up the DagBag from /opt/airflow/dags/weekly_grocery_pipeline.py
[2026-09-09T23:20:43.851+0000] {processor.py:840} INFO - DAG(s) 'weekly_grocery_pipeline' retrieved from /opt/airflow/dags/weekly_grocery_pipeline.py
[2026-09-09T23:20:43.873+0000] {logging_mixin.py:188} INFO - [2026-09-09T23:20:43.872+0000] {dag.py:3036} INFO - Sync 1 DAGs
[2026-09-09T23:20:43.884+0000] {logging_mixin.py:188} INFO - [2026-09-09T23:20:43.884+0000] {dag.py:3823} INFO - Setting next_dagrun for weekly_grocery_pipeline to 2026-09-06 00:00:00+00:00, run_after=2026-09-13 00:00:00+00:00
[2026-09-09T23:20:43.891+0000] {processor.py:183} INFO - Processing /opt/airflow/dags/weekly_grocery_pipeline.py took 0.058 seconds
[2026-09-09T23:21:14.120+0000] {processor.py:161} INFO - Started process (PID=604) to work on /opt/airflow/dags/weekly_grocery_pipeline.py
[2026-09-09T23:21:14.121+0000] {processor.py:830} INFO - Processing file /opt/airflow/dags/weekly_grocery_pipeline.py for tasks to queue
[2026-09-09T23:21:14.122+0000] {logging_mixin.py:188} INFO - [2026-09-09T23:21:14.122+0000] {dagbag.py:538} INFO - Filling up the DagBag from /opt/airflow/dags/weekly_grocery_pipeline.py
[2026-09-09T23:21:14.134+0000] {processor.py:840} INFO - DAG(s) 'weekly_grocery_pipeline' retrieved from /opt/airflow/dags/weekly_grocery_pipeline.py
[2026-09-09T23:21:14.152+0000] {logging_mixin.py:188} INFO - [2026-09-09T23:21:14.152+0000] {dag.py:3036} INFO - Sync 1 DAGs
[2026-09-09T23:21:14.162+0000] {logging_mixin.py:188} INFO - [2026-09-09T23:21:14.162+0000] {dag.py:3823} INFO - Setting next_dagrun for weekly_grocery_pipeline to 2026-09-06 00:00:00+00:00, run_after=2026-09-13 00:00:00+00:00
[2026-09-09T23:21:14.169+0000] {processor.py:183} INFO - Processing /opt/airflow/dags/weekly_grocery_pipeline.py took 0.052 seconds
[2026-09-09T23:21:44.404+0000] {processor.py:161} INFO - Started process (PID=609) to work on /opt/airflow/dags/weekly_grocery_pipeline.py
[2026-09-09T23:21:44.405+0000] {processor.py:830} INFO - Processing file /opt/airflow/dags/weekly_grocery_pipeline.py for tasks to queue
[2026-09-09T23:21:44.406+0000] {logging_mixin.py:188} INFO - [2026-09-09T23:21:44.406+0000] {dagbag.py:538} INFO - Filling up the DagBag from /opt/airflow/dags/weekly_grocery_pipeline.py
[2026-09-09T23:21:44.422+0000] {processor.py:840} INFO - DAG(s) 'weekly_grocery_pipeline' retrieved from /opt/airflow/dags/weekly_grocery_pipeline.py
[2026-09-09T23:21:44.443+0000] {logging_mixin.py:188} INFO - [2026-09-09T23:21:44.442+0000] {dag.py:3036} INFO - Sync 1 DAGs
[2026-09-09T23:21:44.453+0000] {logging_mixin.py:188} INFO - [2026-09-09T23:21:44.453+0000] {dag.py:3823} INFO - Setting next_dagrun for weekly_grocery_pipeline to 2026-09-06 00:00:00+00:00, run_after=2026-09-13 00:00:00+00:00
[2026-09-09T23:21:44.460+0000] {processor.py:183} INFO - Processing /opt/airflow/dags/weekly_grocery_pipeline.py took 0.059 seconds
[2026-09-09T23:22:14.651+0000] {processor.py:161} INFO - Started process (PID=614) to work on /opt/airflow/dags/weekly_grocery_pipeline.py
[2026-09-09T23:22:14.652+0000] {processor.py:830} INFO - Processing file /opt/airflow/dags/weekly_grocery_pipeline.py for tasks to queue
[2026-09-09T23:22:14.653+0000] {logging_mixin.py:188} INFO - [2026-09-09T23:22:14.653+0000] {dagbag.py:538} INFO - Filling up the DagBag from /opt/airflow/dags/weekly_grocery_pipeline.py
[2026-09-09T23:22:14.665+0000] {processor.py:840} INFO - DAG(s) 'weekly_grocery_pipeline' retrieved from /opt/airflow/dags/weekly_grocery_pipeline.py
[2026-09-09T23:22:14.684+0000] {logging_mixin.py:188} INFO - [2026-09-09T23:22:14.683+0000] {dag.py:3036} INFO - Sync 1 DAGs
[2026-09-09T23:22:14.695+0000] {logging_mixin.py:188} INFO - [2026-09-09T23:22:14.695+0000] {dag.py:3823} INFO - Setting next_dagrun for weekly_grocery_pipeline to 2026-09-06 00:00:00+00:00, run_after=2026-09-13 00:00:00+00:00
[2026-09-09T23:22:14.702+0000] {processor.py:183} INFO - Processing /opt/airflow/dags/weekly_grocery_pipeline.py took 0.054 seconds
[2026-09-09T23:22:44.905+0000] {processor.py:161} INFO - Started process (PID=619) to work on /opt/airflow/dags/weekly_grocery_pipeline.py
[2026-09-09T23:22:44.906+0000] {processor.py:830} INFO - Processing file /opt/airflow/dags/weekly_grocery_pipeline.py for tasks to queue
[2026-09-09T23:22:44.907+0000] {logging_mixin.py:188} INFO - [2026-09-09T23:22:44.907+0000] {dagbag.py:538} INFO - Filling up the DagBag from /opt/airflow/dags/weekly_grocery_pipeline.py
[2026-09-09T23:22:44.919+0000] {processor.py:840} INFO - DAG(s) 'weekly_grocery_pipeline' retrieved from /opt/airflow/dags/weekly_grocery_pipeline.py
[2026-09-09T23:22:44.939+0000] {logging_mixin.py:188} INFO - [2026-09-09T23:22:44.939+0000] {dag.py:3036} INFO - Sync 1 DAGs
[2026-09-09T23:22:44.950+0000] {logging_mixin.py:188} INFO - [2026-09-09T23:22:44.950+0000] {dag.py:3823} INFO - Setting next_dagrun for weekly_grocery_pipeline to 2026-09-06 00:00:00+00:00, run_after=2026-09-13 00:00:00+00:00
[2026-09-09T23:22:44.956+0000] {processor.py:183} INFO - Processing /opt/airflow/dags/weekly_grocery_pipeline.py took 0.055 seconds
[2026-09-09T23:23:15.149+0000] {processor.py:161} INFO - Started process (PID=624) to work on /opt/airflow/dags/weekly_grocery_pipeline.py
[2026-09-09T23:23:15.150+0000] {processor.py:830} INFO - Processing file /opt/airflow/dags/weekly_grocery_pipeline.py for tasks to queue
[2026-09-09T23:23:15.151+0000] {logging_mixin.py:188} INFO - [2026-09-09T23:23:15.151+0000] {dagbag.py:538} INFO - Filling up the DagBag from /opt/airflow/dags/weekly_grocery_pipeline.py
[2026-09-09T23:23:15.162+0000] {processor.py:840} INFO - DAG(s) 'weekly_grocery_pipeline' retrieved from /opt/airflow/dags/weekly_grocery_pipeline.py
[2026-09-09T23:23:15.179+0000] {logging_mixin.py:188} INFO - [2026-09-09T23:23:15.179+0000] {dag.py:3036} INFO - Sync 1 DAGs
[2026-09-09T23:23:15.190+0000] {logging_mixin.py:188} INFO - [2026-09-09T23:23:15.190+0000] {dag.py:3823} INFO - Setting next_dagrun for weekly_grocery_pipeline to 2026-09-06 00:00:00+00:00, run_after=2026-09-13 00:00:00+00:00
[2026-09-09T23:23:15.197+0000] {processor.py:183} INFO - Processing /opt/airflow/dags/weekly_grocery_pipeline.py took 0.050 seconds
[2026-09-09T23:23:45.428+0000] {processor.py:161} INFO - Started process (PID=629) to work on /opt/airflow/dags/weekly_grocery_pipeline.py
[2026-09-09T23:23:45.429+0000] {processor.py:830} INFO - Processing file /opt/airflow/dags/weekly_grocery_pipeline.py for tasks to queue
[2026-09-09T23:23:45.430+0000] {logging_mixin.py:188} INFO - [2026-09-09T23:23:45.430+0000] {dagbag.py:538} INFO - Filling up the DagBag from /opt/airflow/dags/weekly_grocery_pipeline.py
[2026-09-09T23:23:45.447+0000] {processor.py:840} INFO - DAG(s) 'weekly_grocery_pipeline' retrieved from /opt/airflow/dags/weekly_grocery_pipeline.py
[2026-09-09T23:23:45.468+0000] {logging_mixin.py:188} INFO - [2026-09-09T23:23:45.467+0000] {dag.py:3036} INFO - Sync 1 DAGs
[2026-09-09T23:23:45.479+0000] {logging_mixin.py:188} INFO - [2026-09-09T23:23:45.479+0000] {dag.py:3823} INFO - Setting next_dagrun for weekly_grocery_pipeline to 2026-09-06 00:00:00+00:00, run_after=2026-09-13 00:00:00+00:00
[2026-09-09T23:23:45.485+0000] {processor.py:183} INFO - Processing /opt/airflow/dags/weekly_grocery_pipeline.py took 0.062 seconds
[2026-09-09T23:24:15.681+0000] {processor.py:161} INFO - Started process (PID=634) to work on /opt/airflow/dags/weekly_grocery_pipeline.py
[2026-09-09T23:24:15.682+0000] {processor.py:830} INFO - Processing file /opt/airflow/dags/weekly_grocery_pipeline.py for tasks to queue
[2026-09-09T23:24:15.682+0000] {logging_mixin.py:188} INFO - [2026-09-09T23:24:15.682+0000] {dagbag.py:538} INFO - Filling up the DagBag from /opt/airflow/dags/weekly_grocery_pipeline.py
[2026-09-09T23:24:15.690+0000] {processor.py:840} INFO - DAG(s) 'weekly_grocery_pipeline' retrieved from /opt/airflow/dags/weekly_grocery_pipeline.py
[2026-09-09T23:24:15.706+0000] {logging_mixin.py:188} INFO - [2026-09-09T23:24:15.706+0000] {dag.py:3036} INFO - Sync 1 DAGs
[2026-09-09T23:24:15.719+0000] {logging_mixin.py:188} INFO - [2026-09-09T23:24:15.718+0000] {dag.py:3823} INFO - Setting next_dagrun for weekly_grocery_pipeline to 2026-09-06 00:00:00+00:00, run_after=2026-09-13 00:00:00+00:00
[2026-09-09T23:24:15.728+0000] {processor.py:183} INFO - Processing /opt/airflow/dags/weekly_grocery_pipeline.py took 0.049 seconds
[2026-09-09T23:24:45.920+0000] {processor.py:161} INFO - Started process (PID=639) to work on /opt/airflow/dags/weekly_grocery_pipeline.py
[2026-09-09T23:24:45.921+0000] {processor.py:830} INFO - Processing file /opt/airflow/dags/weekly_grocery_pipeline.py for tasks to queue
[2026-09-09T23:24:45.922+0000] {logging_mixin.py:188} INFO - [2026-09-09T23:24:45.921+0000] {dagbag.py:538} INFO - Filling up the DagBag from /opt/airflow/dags/weekly_grocery_pipeline.py
[2026-09-09T23:24:45.929+0000] {processor.py:840} INFO - DAG(s) 'weekly_grocery_pipeline' retrieved from /opt/airflow/dags/weekly_grocery_pipeline.py
[2026-09-09T23:24:45.943+0000] {logging_mixin.py:188} INFO - [2026-09-09T23:24:45.943+0000] {dag.py:3036} INFO - Sync 1 DAGs
[2026-09-09T23:24:45.953+0000] {logging_mixin.py:188} INFO - [2026-09-09T23:24:45.953+0000] {dag.py:3823} INFO - Setting next_dagrun for weekly_grocery_pipeline to 2026-09-06 00:00:00+00:00, run_after=2026-09-13 00:00:00+00:00
[2026-09-09T23:24:45.959+0000] {processor.py:183} INFO - Processing /opt/airflow/dags/weekly_grocery_pipeline.py took 0.041 seconds
[2026-09-09T23:25:16.321+0000] {processor.py:161} INFO - Started process (PID=644) to work on /opt/airflow/dags/weekly_grocery_pipeline.py
[2026-09-09T23:25:16.321+0000] {processor.py:830} INFO - Processing file /opt/airflow/dags/weekly_grocery_pipeline.py for tasks to queue
[2026-09-09T23:25:16.322+0000] {logging_mixin.py:188} INFO - [2026-09-09T23:25:16.322+0000] {dagbag.py:538} INFO - Filling up the DagBag from /opt/airflow/dags/weekly_grocery_pipeline.py
[2026-09-09T23:25:16.332+0000] {processor.py:840} INFO - DAG(s) 'weekly_grocery_pipeline' retrieved from /opt/airflow/dags/weekly_grocery_pipeline.py
[2026-09-09T23:25:16.348+0000] {logging_mixin.py:188} INFO - [2026-09-09T23:25:16.348+0000] {dag.py:3036} INFO - Sync 1 DAGs
[2026-09-09T23:25:16.358+0000] {logging_mixin.py:188} INFO - [2026-09-09T23:25:16.358+0000] {dag.py:3823} INFO - Setting next_dagrun for weekly_grocery_pipeline to 2026-09-06 00:00:00+00:00, run_after=2026-09-13 00:00:00+00:00
[2026-09-09T23:25:16.364+0000] {processor.py:183} INFO - Processing /opt/airflow/dags/weekly_grocery_pipeline.py took 0.046 seconds
[2026-09-09T23:25:46.601+0000] {processor.py:161} INFO - Started process (PID=649) to work on /opt/airflow/dags/weekly_grocery_pipeline.py
[2026-09-09T23:25:46.602+0000] {processor.py:830} INFO - Processing file /opt/airflow/dags/weekly_grocery_pipeline.py for tasks to queue
[2026-09-09T23:25:46.603+0000] {logging_mixin.py:188} INFO - [2026-09-09T23:25:46.603+0000] {dagbag.py:538} INFO - Filling up the DagBag from /opt/airflow/dags/weekly_grocery_pipeline.py
[2026-09-09T23:25:46.614+0000] {processor.py:840} INFO - DAG(s) 'weekly_grocery_pipeline' retrieved from /opt/airflow/dags/weekly_grocery_pipeline.py
[2026-09-09T23:25:46.633+0000] {logging_mixin.py:188} INFO - [2026-09-09T23:25:46.633+0000] {dag.py:3036} INFO - Sync 1 DAGs
[2026-09-09T23:25:46.643+0000] {logging_mixin.py:188} INFO - [2026-09-09T23:25:46.643+0000] {dag.py:3823} INFO - Setting next_dagrun for weekly_grocery_pipeline to 2026-09-06 00:00:00+00:00, run_after=2026-09-13 00:00:00+00:00
[2026-09-09T23:25:46.649+0000] {processor.py:183} INFO - Processing /opt/airflow/dags/weekly_grocery_pipeline.py took 0.051 seconds
[2026-09-09T23:26:16.887+0000] {processor.py:161} INFO - Started process (PID=654) to work on /opt/airflow/dags/weekly_grocery_pipeline.py
[2026-09-09T23:26:16.888+0000] {processor.py:830} INFO - Processing file /opt/airflow/dags/weekly_grocery_pipeline.py for tasks to queue
[2026-09-09T23:26:16.888+0000] {logging_mixin.py:188} INFO - [2026-09-09T23:26:16.888+0000] {dagbag.py:538} INFO - Filling up the DagBag from /opt/airflow/dags/weekly_grocery_pipeline.py
[2026-09-09T23:26:16.900+0000] {processor.py:840} INFO - DAG(s) 'weekly_grocery_pipeline' retrieved from /opt/airflow/dags/weekly_grocery_pipeline.py
[2026-09-09T23:26:16.918+0000] {logging_mixin.py:188} INFO - [2026-09-09T23:26:16.918+0000] {dag.py:3036} INFO - Sync 1 DAGs
[2026-09-09T23:26:16.928+0000] {logging_mixin.py:188} INFO - [2026-09-09T23:26:16.928+0000] {dag.py:3823} INFO - Setting next_dagrun for weekly_grocery_pipeline to 2026-09-06 00:00:00+00:00, run_after=2026-09-13 00:00:00+00:00
[2026-09-09T23:26:16.934+0000] {processor.py:183} INFO - Processing /opt/airflow/dags/weekly_grocery_pipeline.py took 0.051 seconds
[2026-09-09T23:26:47.174+0000] {processor.py:161} INFO - Started process (PID=659) to work on /opt/airflow/dags/weekly_grocery_pipeline.py
[2026-09-09T23:26:47.175+0000] {processor.py:830} INFO - Processing file /opt/airflow/dags/weekly_grocery_pipeline.py for tasks to queue
[2026-09-09T23:26:47.176+0000] {logging_mixin.py:188} INFO - [2026-09-09T23:26:47.175+0000] {dagbag.py:538} INFO - Filling up the DagBag from /opt/airflow/dags/weekly_grocery_pipeline.py
[2026-09-09T23:26:47.187+0000] {processor.py:840} INFO - DAG(s) 'weekly_grocery_pipeline' retrieved from /opt/airflow/dags/weekly_grocery_pipeline.py
[2026-09-09T23:26:47.207+0000] {logging_mixin.py:188} INFO - [2026-09-09T23:26:47.206+0000] {dag.py:3036} INFO - Sync 1 DAGs
[2026-09-09T23:26:47.218+0000] {logging_mixin.py:188} INFO - [2026-09-09T23:26:47.218+0000] {dag.py:3823} INFO - Setting next_dagrun for weekly_grocery_pipeline to 2026-09-06 00:00:00+00:00, run_after=2026-09-13 00:00:00+00:00
[2026-09-09T23:26:47.224+0000] {processor.py:183} INFO - Processing /opt/airflow/dags/weekly_grocery_pipeline.py took 0.054 seconds
[2026-09-09T23:27:17.477+0000] {processor.py:161} INFO - Started process (PID=664) to work on /opt/airflow/dags/weekly_grocery_pipeline.py
[2026-09-09T23:27:17.478+0000] {processor.py:830} INFO - Processing file /opt/airflow/dags/weekly_grocery_pipeline.py for tasks to queue
[2026-09-09T23:27:17.479+0000] {logging_mixin.py:188} INFO - [2026-09-09T23:27:17.479+0000] {dagbag.py:538} INFO - Filling up the DagBag from /opt/airflow/dags/weekly_grocery_pipeline.py
[2026-09-09T23:27:17.490+0000] {processor.py:840} INFO - DAG(s) 'weekly_grocery_pipeline' retrieved from /opt/airflow/dags/weekly_grocery_pipeline.py
[2026-09-09T23:27:17.509+0000] {logging_mixin.py:188} INFO - [2026-09-09T23:27:17.509+0000] {dag.py:3036} INFO - Sync 1 DAGs
[2026-09-09T23:27:17.519+0000] {logging_mixin.py:188} INFO - [2026-09-09T23:27:17.519+0000] {dag.py:3823} INFO - Setting next_dagrun for weekly_grocery_pipeline to 2026-09-06 00:00:00+00:00, run_after=2026-09-13 00:00:00+00:00
[2026-09-09T23:27:17.525+0000] {processor.py:183} INFO - Processing /opt/airflow/dags/weekly_grocery_pipeline.py took 0.051 seconds
[2026-09-09T23:27:47.776+0000] {processor.py:161} INFO - Started process (PID=669) to work on /opt/airflow/dags/weekly_grocery_pipeline.py
[2026-09-09T23:27:47.777+0000] {processor.py:830} INFO - Processing file /opt/airflow/dags/weekly_grocery_pipeline.py for tasks to queue
[2026-09-09T23:27:47.777+0000] {logging_mixin.py:188} INFO - [2026-09-09T23:27:47.777+0000] {dagbag.py:538} INFO - Filling up the DagBag from /opt/airflow/dags/weekly_grocery_pipeline.py
[2026-09-09T23:27:47.789+0000] {processor.py:840} INFO - DAG(s) 'weekly_grocery_pipeline' retrieved from /opt/airflow/dags/weekly_grocery_pipeline.py
[2026-09-09T23:27:47.808+0000] {logging_mixin.py:188} INFO - [2026-09-09T23:27:47.808+0000] {dag.py:3036} INFO - Sync 1 DAGs
[2026-09-09T23:27:47.818+0000] {logging_mixin.py:188} INFO - [2026-09-09T23:27:47.818+0000] {dag.py:3823} INFO - Setting next_dagrun for weekly_grocery_pipeline to 2026-09-06 00:00:00+00:00, run_after=2026-09-13 00:00:00+00:00
[2026-09-09T23:27:47.824+0000] {processor.py:183} INFO - Processing /opt/airflow/dags/weekly_grocery_pipeline.py took 0.051 seconds
[2026-09-09T23:32:02.368+0000] {processor.py:161} INFO - Started process (PID=676) to work on /opt/airflow/dags/weekly_grocery_pipeline.py
[2026-09-09T23:32:02.369+0000] {processor.py:830} INFO - Processing file /opt/airflow/dags/weekly_grocery_pipeline.py for tasks to queue
[2026-09-09T23:32:02.370+0000] {logging_mixin.py:188} INFO - [2026-09-09T23:32:02.370+0000] {dagbag.py:538} INFO - Filling up the DagBag from /opt/airflow/dags/weekly_grocery_pipeline.py
[2026-09-09T23:32:02.385+0000] {processor.py:840} INFO - DAG(s) 'weekly_grocery_pipeline' retrieved from /opt/airflow/dags/weekly_grocery_pipeline.py
[2026-09-09T23:32:02.410+0000] {logging_mixin.py:188} INFO - [2026-09-09T23:32:02.410+0000] {dag.py:3036} INFO - Sync 1 DAGs
[2026-09-09T23:32:02.427+0000] {logging_mixin.py:188} INFO - [2026-09-09T23:32:02.427+0000] {dag.py:3823} INFO - Setting next_dagrun for weekly_grocery_pipeline to 2026-09-06 00:00:00+00:00, run_after=2026-09-13 00:00:00+00:00
[2026-09-09T23:32:02.439+0000] {processor.py:183} INFO - Processing /opt/airflow/dags/weekly_grocery_pipeline.py took 0.075 seconds
[2026-09-09T23:32:32.593+0000] {processor.py:161} INFO - Started process (PID=681) to work on /opt/airflow/dags/weekly_grocery_pipeline.py
[2026-09-09T23:32:32.594+0000] {processor.py:830} INFO - Processing file /opt/airflow/dags/weekly_grocery_pipeline.py for tasks to queue
[2026-09-09T23:32:32.594+0000] {logging_mixin.py:188} INFO - [2026-09-09T23:32:32.594+0000] {dagbag.py:538} INFO - Filling up the DagBag from /opt/airflow/dags/weekly_grocery_pipeline.py
[2026-09-09T23:32:32.604+0000] {processor.py:840} INFO - DAG(s) 'weekly_grocery_pipeline' retrieved from /opt/airflow/dags/weekly_grocery_pipeline.py
[2026-09-09T23:32:32.621+0000] {logging_mixin.py:188} INFO - [2026-09-09T23:32:32.621+0000] {dag.py:3036} INFO - Sync 1 DAGs
[2026-09-09T23:32:32.633+0000] {logging_mixin.py:188} INFO - [2026-09-09T23:32:32.633+0000] {dag.py:3823} INFO - Setting next_dagrun for weekly_grocery_pipeline to 2026-09-06 00:00:00+00:00, run_after=2026-09-13 00:00:00+00:00
[2026-09-09T23:32:32.642+0000] {processor.py:183} INFO - Processing /opt/airflow/dags/weekly_grocery_pipeline.py took 0.052 seconds
[2026-09-09T23:33:02.865+0000] {processor.py:161} INFO - Started process (PID=686) to work on /opt/airflow/dags/weekly_grocery_pipeline.py
[2026-09-09T23:33:02.866+0000] {processor.py:830} INFO - Processing file /opt/airflow/dags/weekly_grocery_pipeline.py for tasks to queue
[2026-09-09T23:33:02.867+0000] {logging_mixin.py:188} INFO - [2026-09-09T23:33:02.867+0000] {dagbag.py:538} INFO - Filling up the DagBag from /opt/airflow/dags/weekly_grocery_pipeline.py
[2026-09-09T23:33:02.887+0000] {processor.py:840} INFO - DAG(s) 'weekly_grocery_pipeline' retrieved from /opt/airflow/dags/weekly_grocery_pipeline.py
[2026-09-09T23:33:02.908+0000] {logging_mixin.py:188} INFO - [2026-09-09T23:33:02.908+0000] {dag.py:3036} INFO - Sync 1 DAGs
[2026-09-09T23:33:02.920+0000] {logging_mixin.py:188} INFO - [2026-09-09T23:33:02.920+0000] {dag.py:3823} INFO - Setting next_dagrun for weekly_grocery_pipeline to 2026-09-06 00:00:00+00:00, run_after=2026-09-13 00:00:00+00:00
[2026-09-09T23:33:02.927+0000] {processor.py:183} INFO - Processing /opt/airflow/dags/weekly_grocery_pipeline.py took 0.066 seconds
[2026-09-09T23:33:33.179+0000] {processor.py:161} INFO - Started process (PID=691) to work on /opt/airflow/dags/weekly_grocery_pipeline.py
[2026-09-09T23:33:33.181+0000] {processor.py:830} INFO - Processing file /opt/airflow/dags/weekly_grocery_pipeline.py for tasks to queue
[2026-09-09T23:33:33.181+0000] {logging_mixin.py:188} INFO - [2026-09-09T23:33:33.181+0000] {dagbag.py:538} INFO - Filling up the DagBag from /opt/airflow/dags/weekly_grocery_pipeline.py
[2026-09-09T23:33:33.193+0000] {processor.py:840} INFO - DAG(s) 'weekly_grocery_pipeline' retrieved from /opt/airflow/dags/weekly_grocery_pipeline.py
[2026-09-09T23:33:33.214+0000] {logging_mixin.py:188} INFO - [2026-09-09T23:33:33.214+0000] {dag.py:3036} INFO - Sync 1 DAGs
[2026-09-09T23:33:33.225+0000] {logging_mixin.py:188} INFO - [2026-09-09T23:33:33.225+0000] {dag.py:3823} INFO - Setting next_dagrun for weekly_grocery_pipeline to 2026-09-06 00:00:00+00:00, run_after=2026-09-13 00:00:00+00:00
[2026-09-09T23:33:33.232+0000] {processor.py:183} INFO - Processing /opt/airflow/dags/weekly_grocery_pipeline.py took 0.058 seconds
[2026-09-09T23:34:03.686+0000] {processor.py:161} INFO - Started process (PID=696) to work on /opt/airflow/dags/weekly_grocery_pipeline.py
[2026-09-09T23:34:03.689+0000] {processor.py:830} INFO - Processing file /opt/airflow/dags/weekly_grocery_pipeline.py for tasks to queue
[2026-09-09T23:34:03.690+0000] {logging_mixin.py:188} INFO - [2026-09-09T23:34:03.690+0000] {dagbag.py:538} INFO - Filling up the DagBag from /opt/airflow/dags/weekly_grocery_pipeline.py
[2026-09-09T23:34:03.705+0000] {processor.py:840} INFO - DAG(s) 'weekly_grocery_pipeline' retrieved from /opt/airflow/dags/weekly_grocery_pipeline.py
[2026-09-09T23:34:03.725+0000] {logging_mixin.py:188} INFO - [2026-09-09T23:34:03.724+0000] {dag.py:3036} INFO - Sync 1 DAGs
[2026-09-09T23:34:03.739+0000] {logging_mixin.py:188} INFO - [2026-09-09T23:34:03.738+0000] {dag.py:3823} INFO - Setting next_dagrun for weekly_grocery_pipeline to 2026-09-06 00:00:00+00:00, run_after=2026-09-13 00:00:00+00:00
[2026-09-09T23:34:03.747+0000] {processor.py:183} INFO - Processing /opt/airflow/dags/weekly_grocery_pipeline.py took 0.065 seconds
[2026-09-09T23:34:34.002+0000] {processor.py:161} INFO - Started process (PID=701) to work on /opt/airflow/dags/weekly_grocery_pipeline.py
[2026-09-09T23:34:34.006+0000] {processor.py:830} INFO - Processing file /opt/airflow/dags/weekly_grocery_pipeline.py for tasks to queue
[2026-09-09T23:34:34.007+0000] {logging_mixin.py:188} INFO - [2026-09-09T23:34:34.006+0000] {dagbag.py:538} INFO - Filling up the DagBag from /opt/airflow/dags/weekly_grocery_pipeline.py
[2026-09-09T23:34:34.023+0000] {processor.py:840} INFO - DAG(s) 'weekly_grocery_pipeline' retrieved from /opt/airflow/dags/weekly_grocery_pipeline.py
[2026-09-09T23:34:34.060+0000] {logging_mixin.py:188} INFO - [2026-09-09T23:34:34.060+0000] {dag.py:3036} INFO - Sync 1 DAGs
[2026-09-09T23:34:34.073+0000] {logging_mixin.py:188} INFO - [2026-09-09T23:34:34.073+0000] {dag.py:3823} INFO - Setting next_dagrun for weekly_grocery_pipeline to 2026-09-06 00:00:00+00:00, run_after=2026-09-13 00:00:00+00:00
[2026-09-09T23:34:34.080+0000] {processor.py:183} INFO - Processing /opt/airflow/dags/weekly_grocery_pipeline.py took 0.084 seconds
[2026-09-09T23:35:04.287+0000] {processor.py:161} INFO - Started process (PID=706) to work on /opt/airflow/dags/weekly_grocery_pipeline.py
[2026-09-09T23:35:04.288+0000] {processor.py:830} INFO - Processing file /opt/airflow/dags/weekly_grocery_pipeline.py for tasks to queue
[2026-09-09T23:35:04.289+0000] {logging_mixin.py:188} INFO - [2026-09-09T23:35:04.289+0000] {dagbag.py:538} INFO - Filling up the DagBag from /opt/airflow/dags/weekly_grocery_pipeline.py
[2026-09-09T23:35:04.302+0000] {processor.py:840} INFO - DAG(s) 'weekly_grocery_pipeline' retrieved from /opt/airflow/dags/weekly_grocery_pipeline.py
[2026-09-09T23:35:04.324+0000] {logging_mixin.py:188} INFO - [2026-09-09T23:35:04.324+0000] {dag.py:3036} INFO - Sync 1 DAGs
[2026-09-09T23:35:04.336+0000] {logging_mixin.py:188} INFO - [2026-09-09T23:35:04.335+0000] {dag.py:3823} INFO - Setting next_dagrun for weekly_grocery_pipeline to 2026-09-06 00:00:00+00:00, run_after=2026-09-13 00:00:00+00:00
[2026-09-09T23:35:04.343+0000] {processor.py:183} INFO - Processing /opt/airflow/dags/weekly_grocery_pipeline.py took 0.061 seconds
[2026-09-09T23:35:34.580+0000] {processor.py:161} INFO - Started process (PID=711) to work on /opt/airflow/dags/weekly_grocery_pipeline.py
[2026-09-09T23:35:34.581+0000] {processor.py:830} INFO - Processing file /opt/airflow/dags/weekly_grocery_pipeline.py for tasks to queue
[2026-09-09T23:35:34.582+0000] {logging_mixin.py:188} INFO - [2026-09-09T23:35:34.582+0000] {dagbag.py:538} INFO - Filling up the DagBag from /opt/airflow/dags/weekly_grocery_pipeline.py
[2026-09-09T23:35:34.598+0000] {processor.py:840} INFO - DAG(s) 'weekly_grocery_pipeline' retrieved from /opt/airflow/dags/weekly_grocery_pipeline.py
[2026-09-09T23:35:34.618+0000] {logging_mixin.py:188} INFO - [2026-09-09T23:35:34.618+0000] {dag.py:3036} INFO - Sync 1 DAGs
[2026-09-09T23:35:34.631+0000] {logging_mixin.py:188} INFO - [2026-09-09T23:35:34.631+0000] {dag.py:3823} INFO - Setting next_dagrun for weekly_grocery_pipeline to 2026-09-06 00:00:00+00:00, run_after=2026-09-13 00:00:00+00:00
[2026-09-09T23:35:34.638+0000] {processor.py:183} INFO - Processing /opt/airflow/dags/weekly_grocery_pipeline.py took 0.063 seconds
[2026-09-09T23:36:04.888+0000] {processor.py:161} INFO - Started process (PID=716) to work on /opt/airflow/dags/weekly_grocery_pipeline.py
[2026-09-09T23:36:04.890+0000] {processor.py:830} INFO - Processing file /opt/airflow/dags/weekly_grocery_pipeline.py for tasks to queue
[2026-09-09T23:36:04.891+0000] {logging_mixin.py:188} INFO - [2026-09-09T23:36:04.890+0000] {dagbag.py:538} INFO - Filling up the DagBag from /opt/airflow/dags/weekly_grocery_pipeline.py
[2026-09-09T23:36:04.906+0000] {processor.py:840} INFO - DAG(s) 'weekly_grocery_pipeline' retrieved from /opt/airflow/dags/weekly_grocery_pipeline.py
[2026-09-09T23:36:04.927+0000] {logging_mixin.py:188} INFO - [2026-09-09T23:36:04.927+0000] {dag.py:3036} INFO - Sync 1 DAGs
[2026-09-09T23:36:04.940+0000] {logging_mixin.py:188} INFO - [2026-09-09T23:36:04.940+0000] {dag.py:3823} INFO - Setting next_dagrun for weekly_grocery_pipeline to 2026-09-06 00:00:00+00:00, run_after=2026-09-13 00:00:00+00:00
[2026-09-09T23:36:04.948+0000] {processor.py:183} INFO - Processing /opt/airflow/dags/weekly_grocery_pipeline.py took 0.064 seconds
[2026-09-09T23:36:35.120+0000] {processor.py:161} INFO - Started process (PID=721) to work on /opt/airflow/dags/weekly_grocery_pipeline.py
[2026-09-09T23:36:35.121+0000] {processor.py:830} INFO - Processing file /opt/airflow/dags/weekly_grocery_pipeline.py for tasks to queue
[2026-09-09T23:36:35.122+0000] {logging_mixin.py:188} INFO - [2026-09-09T23:36:35.121+0000] {dagbag.py:538} INFO - Filling up the DagBag from /opt/airflow/dags/weekly_grocery_pipeline.py
[2026-09-09T23:36:35.132+0000] {processor.py:840} INFO - DAG(s) 'weekly_grocery_pipeline' retrieved from /opt/airflow/dags/weekly_grocery_pipeline.py
[2026-09-09T23:36:35.155+0000] {logging_mixin.py:188} INFO - [2026-09-09T23:36:35.155+0000] {dag.py:3036} INFO - Sync 1 DAGs
[2026-09-09T23:36:35.171+0000] {logging_mixin.py:188} INFO - [2026-09-09T23:36:35.170+0000] {dag.py:3823} INFO - Setting next_dagrun for weekly_grocery_pipeline to 2026-09-06 00:00:00+00:00, run_after=2026-09-13 00:00:00+00:00
[2026-09-09T23:36:35.188+0000] {processor.py:183} INFO - Processing /opt/airflow/dags/weekly_grocery_pipeline.py took 0.071 seconds
[2026-09-09T23:37:05.444+0000] {processor.py:161} INFO - Started process (PID=726) to work on /opt/airflow/dags/weekly_grocery_pipeline.py
[2026-09-09T23:37:05.445+0000] {processor.py:830} INFO - Processing file /opt/airflow/dags/weekly_grocery_pipeline.py for tasks to queue
[2026-09-09T23:37:05.446+0000] {logging_mixin.py:188} INFO - [2026-09-09T23:37:05.445+0000] {dagbag.py:538} INFO - Filling up the DagBag from /opt/airflow/dags/weekly_grocery_pipeline.py
[2026-09-09T23:37:05.458+0000] {processor.py:840} INFO - DAG(s) 'weekly_grocery_pipeline' retrieved from /opt/airflow/dags/weekly_grocery_pipeline.py
[2026-09-09T23:37:05.477+0000] {logging_mixin.py:188} INFO - [2026-09-09T23:37:05.477+0000] {dag.py:3036} INFO - Sync 1 DAGs
[2026-09-09T23:37:05.488+0000] {logging_mixin.py:188} INFO - [2026-09-09T23:37:05.488+0000] {dag.py:3823} INFO - Setting next_dagrun for weekly_grocery_pipeline to 2026-09-06 00:00:00+00:00, run_after=2026-09-13 00:00:00+00:00
[2026-09-09T23:37:05.494+0000] {processor.py:183} INFO - Processing /opt/airflow/dags/weekly_grocery_pipeline.py took 0.053 seconds
[2026-09-09T23:37:35.737+0000] {processor.py:161} INFO - Started process (PID=731) to work on /opt/airflow/dags/weekly_grocery_pipeline.py
[2026-09-09T23:37:35.739+0000] {processor.py:830} INFO - Processing file /opt/airflow/dags/weekly_grocery_pipeline.py for tasks to queue
[2026-09-09T23:37:35.740+0000] {logging_mixin.py:188} INFO - [2026-09-09T23:37:35.740+0000] {dagbag.py:538} INFO - Filling up the DagBag from /opt/airflow/dags/weekly_grocery_pipeline.py
[2026-09-09T23:37:35.752+0000] {processor.py:840} INFO - DAG(s) 'weekly_grocery_pipeline' retrieved from /opt/airflow/dags/weekly_grocery_pipeline.py
[2026-09-09T23:37:35.772+0000] {logging_mixin.py:188} INFO - [2026-09-09T23:37:35.772+0000] {dag.py:3036} INFO - Sync 1 DAGs
[2026-09-09T23:37:35.783+0000] {logging_mixin.py:188} INFO - [2026-09-09T23:37:35.783+0000] {dag.py:3823} INFO - Setting next_dagrun for weekly_grocery_pipeline to 2026-09-06 00:00:00+00:00, run_after=2026-09-13 00:00:00+00:00
[2026-09-09T23:37:35.789+0000] {processor.py:183} INFO - Processing /opt/airflow/dags/weekly_grocery_pipeline.py took 0.055 seconds
[2026-09-09T23:38:06.017+0000] {processor.py:161} INFO - Started process (PID=736) to work on /opt/airflow/dags/weekly_grocery_pipeline.py
[2026-09-09T23:38:06.018+0000] {processor.py:830} INFO - Processing file /opt/airflow/dags/weekly_grocery_pipeline.py for tasks to queue
[2026-09-09T23:38:06.019+0000] {logging_mixin.py:188} INFO - [2026-09-09T23:38:06.019+0000] {dagbag.py:538} INFO - Filling up the DagBag from /opt/airflow/dags/weekly_grocery_pipeline.py
[2026-09-09T23:38:06.030+0000] {processor.py:840} INFO - DAG(s) 'weekly_grocery_pipeline' retrieved from /opt/airflow/dags/weekly_grocery_pipeline.py
[2026-09-09T23:38:06.048+0000] {logging_mixin.py:188} INFO - [2026-09-09T23:38:06.048+0000] {dag.py:3036} INFO - Sync 1 DAGs
[2026-09-09T23:38:06.058+0000] {logging_mixin.py:188} INFO - [2026-09-09T23:38:06.058+0000] {dag.py:3823} INFO - Setting next_dagrun for weekly_grocery_pipeline to 2026-09-06 00:00:00+00:00, run_after=2026-09-13 00:00:00+00:00
[2026-09-09T23:38:06.065+0000] {processor.py:183} INFO - Processing /opt/airflow/dags/weekly_grocery_pipeline.py took 0.050 seconds
[2026-09-09T23:38:36.326+0000] {processor.py:161} INFO - Started process (PID=741) to work on /opt/airflow/dags/weekly_grocery_pipeline.py
[2026-09-09T23:38:36.327+0000] {processor.py:830} INFO - Processing file /opt/airflow/dags/weekly_grocery_pipeline.py for tasks to queue
[2026-09-09T23:38:36.327+0000] {logging_mixin.py:188} INFO - [2026-09-09T23:38:36.327+0000] {dagbag.py:538} INFO - Filling up the DagBag from /opt/airflow/dags/weekly_grocery_pipeline.py
[2026-09-09T23:38:36.339+0000] {processor.py:840} INFO - DAG(s) 'weekly_grocery_pipeline' retrieved from /opt/airflow/dags/weekly_grocery_pipeline.py
[2026-09-09T23:38:36.358+0000] {logging_mixin.py:188} INFO - [2026-09-09T23:38:36.358+0000] {dag.py:3036} INFO - Sync 1 DAGs
[2026-09-09T23:38:36.368+0000] {logging_mixin.py:188} INFO - [2026-09-09T23:38:36.368+0000] {dag.py:3823} INFO - Setting next_dagrun for weekly_grocery_pipeline to 2026-09-06 00:00:00+00:00, run_after=2026-09-13 00:00:00+00:00
[2026-09-09T23:38:36.374+0000] {processor.py:183} INFO - Processing /opt/airflow/dags/weekly_grocery_pipeline.py took 0.053 seconds
[2026-09-09T23:39:06.637+0000] {processor.py:161} INFO - Started process (PID=746) to work on /opt/airflow/dags/weekly_grocery_pipeline.py
[2026-09-09T23:39:06.638+0000] {processor.py:830} INFO - Processing file /opt/airflow/dags/weekly_grocery_pipeline.py for tasks to queue
[2026-09-09T23:39:06.639+0000] {logging_mixin.py:188} INFO - [2026-09-09T23:39:06.639+0000] {dagbag.py:538} INFO - Filling up the DagBag from /opt/airflow/dags/weekly_grocery_pipeline.py
[2026-09-09T23:39:06.651+0000] {processor.py:840} INFO - DAG(s) 'weekly_grocery_pipeline' retrieved from /opt/airflow/dags/weekly_grocery_pipeline.py
[2026-09-09T23:39:06.670+0000] {logging_mixin.py:188} INFO - [2026-09-09T23:39:06.670+0000] {dag.py:3036} INFO - Sync 1 DAGs
[2026-09-09T23:39:06.680+0000] {logging_mixin.py:188} INFO - [2026-09-09T23:39:06.680+0000] {dag.py:3823} INFO - Setting next_dagrun for weekly_grocery_pipeline to 2026-09-06 00:00:00+00:00, run_after=2026-09-13 00:00:00+00:00
[2026-09-09T23:39:06.686+0000] {processor.py:183} INFO - Processing /opt/airflow/dags/weekly_grocery_pipeline.py took 0.052 seconds
[2026-09-09T23:39:36.983+0000] {processor.py:161} INFO - Started process (PID=751) to work on /opt/airflow/dags/weekly_grocery_pipeline.py
[2026-09-09T23:39:36.985+0000] {processor.py:830} INFO - Processing file /opt/airflow/dags/weekly_grocery_pipeline.py for tasks to queue
[2026-09-09T23:39:36.986+0000] {logging_mixin.py:188} INFO - [2026-09-09T23:39:36.985+0000] {dagbag.py:538} INFO - Filling up the DagBag from /opt/airflow/dags/weekly_grocery_pipeline.py
[2026-09-09T23:39:36.999+0000] {processor.py:840} INFO - DAG(s) 'weekly_grocery_pipeline' retrieved from /opt/airflow/dags/weekly_grocery_pipeline.py
[2026-09-09T23:39:37.022+0000] {logging_mixin.py:188} INFO - [2026-09-09T23:39:37.022+0000] {dag.py:3036} INFO - Sync 1 DAGs
[2026-09-09T23:39:37.033+0000] {logging_mixin.py:188} INFO - [2026-09-09T23:39:37.033+0000] {dag.py:3823} INFO - Setting next_dagrun for weekly_grocery_pipeline to 2026-09-06 00:00:00+00:00, run_after=2026-09-13 00:00:00+00:00
[2026-09-09T23:39:37.039+0000] {processor.py:183} INFO - Processing /opt/airflow/dags/weekly_grocery_pipeline.py took 0.060 seconds
[2026-09-09T23:40:07.319+0000] {processor.py:161} INFO - Started process (PID=756) to work on /opt/airflow/dags/weekly_grocery_pipeline.py
[2026-09-09T23:40:07.320+0000] {processor.py:830} INFO - Processing file /opt/airflow/dags/weekly_grocery_pipeline.py for tasks to queue
[2026-09-09T23:40:07.321+0000] {logging_mixin.py:188} INFO - [2026-09-09T23:40:07.321+0000] {dagbag.py:538} INFO - Filling up the DagBag from /opt/airflow/dags/weekly_grocery_pipeline.py
[2026-09-09T23:40:07.338+0000] {processor.py:840} INFO - DAG(s) 'weekly_grocery_pipeline' retrieved from /opt/airflow/dags/weekly_grocery_pipeline.py
[2026-09-09T23:40:07.358+0000] {logging_mixin.py:188} INFO - [2026-09-09T23:40:07.358+0000] {dag.py:3036} INFO - Sync 1 DAGs
[2026-09-09T23:40:07.369+0000] {logging_mixin.py:188} INFO - [2026-09-09T23:40:07.369+0000] {dag.py:3823} INFO - Setting next_dagrun for weekly_grocery_pipeline to 2026-09-06 00:00:00+00:00, run_after=2026-09-13 00:00:00+00:00
[2026-09-09T23:40:07.376+0000] {processor.py:183} INFO - Processing /opt/airflow/dags/weekly_grocery_pipeline.py took 0.061 seconds
[2026-09-09T23:40:37.562+0000] {processor.py:161} INFO - Started process (PID=761) to work on /opt/airflow/dags/weekly_grocery_pipeline.py
[2026-09-09T23:40:37.563+0000] {processor.py:830} INFO - Processing file /opt/airflow/dags/weekly_grocery_pipeline.py for tasks to queue
[2026-09-09T23:40:37.564+0000] {logging_mixin.py:188} INFO - [2026-09-09T23:40:37.564+0000] {dagbag.py:538} INFO - Filling up the DagBag from /opt/airflow/dags/weekly_grocery_pipeline.py
[2026-09-09T23:40:37.575+0000] {processor.py:840} INFO - DAG(s) 'weekly_grocery_pipeline' retrieved from /opt/airflow/dags/weekly_grocery_pipeline.py
[2026-09-09T23:40:37.594+0000] {logging_mixin.py:188} INFO - [2026-09-09T23:40:37.594+0000] {dag.py:3036} INFO - Sync 1 DAGs
[2026-09-09T23:40:37.605+0000] {logging_mixin.py:188} INFO - [2026-09-09T23:40:37.605+0000] {dag.py:3823} INFO - Setting next_dagrun for weekly_grocery_pipeline to 2026-09-06 00:00:00+00:00, run_after=2026-09-13 00:00:00+00:00
[2026-09-09T23:40:37.613+0000] {processor.py:183} INFO - Processing /opt/airflow/dags/weekly_grocery_pipeline.py took 0.054 seconds
[2026-09-09T23:41:07.887+0000] {processor.py:161} INFO - Started process (PID=766) to work on /opt/airflow/dags/weekly_grocery_pipeline.py
[2026-09-09T23:41:07.888+0000] {processor.py:830} INFO - Processing file /opt/airflow/dags/weekly_grocery_pipeline.py for tasks to queue
[2026-09-09T23:41:07.888+0000] {logging_mixin.py:188} INFO - [2026-09-09T23:41:07.888+0000] {dagbag.py:538} INFO - Filling up the DagBag from /opt/airflow/dags/weekly_grocery_pipeline.py
[2026-09-09T23:41:07.901+0000] {processor.py:840} INFO - DAG(s) 'weekly_grocery_pipeline' retrieved from /opt/airflow/dags/weekly_grocery_pipeline.py
[2026-09-09T23:41:07.969+0000] {logging_mixin.py:188} INFO - [2026-09-09T23:41:07.968+0000] {dag.py:3036} INFO - Sync 1 DAGs
[2026-09-09T23:41:07.987+0000] {logging_mixin.py:188} INFO - [2026-09-09T23:41:07.986+0000] {dag.py:3823} INFO - Setting next_dagrun for weekly_grocery_pipeline to 2026-09-06 00:00:00+00:00, run_after=2026-09-13 00:00:00+00:00
[2026-09-09T23:41:08.000+0000] {processor.py:183} INFO - Processing /opt/airflow/dags/weekly_grocery_pipeline.py took 0.116 seconds
[2026-09-09T23:41:38.123+0000] {processor.py:161} INFO - Started process (PID=771) to work on /opt/airflow/dags/weekly_grocery_pipeline.py
[2026-09-09T23:41:38.124+0000] {processor.py:830} INFO - Processing file /opt/airflow/dags/weekly_grocery_pipeline.py for tasks to queue
[2026-09-09T23:41:38.125+0000] {logging_mixin.py:188} INFO - [2026-09-09T23:41:38.125+0000] {dagbag.py:538} INFO - Filling up the DagBag from /opt/airflow/dags/weekly_grocery_pipeline.py
[2026-09-09T23:41:38.136+0000] {processor.py:840} INFO - DAG(s) 'weekly_grocery_pipeline' retrieved from /opt/airflow/dags/weekly_grocery_pipeline.py
[2026-09-09T23:41:38.155+0000] {logging_mixin.py:188} INFO - [2026-09-09T23:41:38.155+0000] {dag.py:3036} INFO - Sync 1 DAGs
[2026-09-09T23:41:38.166+0000] {logging_mixin.py:188} INFO - [2026-09-09T23:41:38.166+0000] {dag.py:3823} INFO - Setting next_dagrun for weekly_grocery_pipeline to 2026-09-06 00:00:00+00:00, run_after=2026-09-13 00:00:00+00:00
[2026-09-09T23:41:38.173+0000] {processor.py:183} INFO - Processing /opt/airflow/dags/weekly_grocery_pipeline.py took 0.053 seconds
[2026-09-09T23:42:08.355+0000] {processor.py:161} INFO - Started process (PID=776) to work on /opt/airflow/dags/weekly_grocery_pipeline.py
[2026-09-09T23:42:08.355+0000] {processor.py:830} INFO - Processing file /opt/airflow/dags/weekly_grocery_pipeline.py for tasks to queue
[2026-09-09T23:42:08.356+0000] {logging_mixin.py:188} INFO - [2026-09-09T23:42:08.356+0000] {dagbag.py:538} INFO - Filling up the DagBag from /opt/airflow/dags/weekly_grocery_pipeline.py
[2026-09-09T23:42:08.362+0000] {processor.py:840} INFO - DAG(s) 'weekly_grocery_pipeline' retrieved from /opt/airflow/dags/weekly_grocery_pipeline.py
[2026-09-09T23:42:08.376+0000] {logging_mixin.py:188} INFO - [2026-09-09T23:42:08.376+0000] {dag.py:3036} INFO - Sync 1 DAGs
[2026-09-09T23:42:08.385+0000] {logging_mixin.py:188} INFO - [2026-09-09T23:42:08.385+0000] {dag.py:3823} INFO - Setting next_dagrun for weekly_grocery_pipeline to 2026-09-06 00:00:00+00:00, run_after=2026-09-13 00:00:00+00:00
[2026-09-09T23:42:08.391+0000] {processor.py:183} INFO - Processing /opt/airflow/dags/weekly_grocery_pipeline.py took 0.037 seconds
[2026-09-09T23:42:38.607+0000] {processor.py:161} INFO - Started process (PID=781) to work on /opt/airflow/dags/weekly_grocery_pipeline.py
[2026-09-09T23:42:38.609+0000] {processor.py:830} INFO - Processing file /opt/airflow/dags/weekly_grocery_pipeline.py for tasks to queue
[2026-09-09T23:42:38.610+0000] {logging_mixin.py:188} INFO - [2026-09-09T23:42:38.610+0000] {dagbag.py:538} INFO - Filling up the DagBag from /opt/airflow/dags/weekly_grocery_pipeline.py
[2026-09-09T23:42:38.630+0000] {processor.py:840} INFO - DAG(s) 'weekly_grocery_pipeline' retrieved from /opt/airflow/dags/weekly_grocery_pipeline.py
[2026-09-09T23:42:38.650+0000] {logging_mixin.py:188} INFO - [2026-09-09T23:42:38.650+0000] {dag.py:3036} INFO - Sync 1 DAGs
[2026-09-09T23:42:38.661+0000] {logging_mixin.py:188} INFO - [2026-09-09T23:42:38.661+0000] {dag.py:3823} INFO - Setting next_dagrun for weekly_grocery_pipeline to 2026-09-06 00:00:00+00:00, run_after=2026-09-13 00:00:00+00:00
[2026-09-09T23:42:38.668+0000] {processor.py:183} INFO - Processing /opt/airflow/dags/weekly_grocery_pipeline.py took 0.068 seconds
[2026-09-09T23:43:08.856+0000] {processor.py:161} INFO - Started process (PID=786) to work on /opt/airflow/dags/weekly_grocery_pipeline.py
[2026-09-09T23:43:08.860+0000] {processor.py:830} INFO - Processing file /opt/airflow/dags/weekly_grocery_pipeline.py for tasks to queue
[2026-09-09T23:43:08.860+0000] {logging_mixin.py:188} INFO - [2026-09-09T23:43:08.860+0000] {dagbag.py:538} INFO - Filling up the DagBag from /opt/airflow/dags/weekly_grocery_pipeline.py
[2026-09-09T23:43:08.877+0000] {processor.py:840} INFO - DAG(s) 'weekly_grocery_pipeline' retrieved from /opt/airflow/dags/weekly_grocery_pipeline.py
[2026-09-09T23:43:08.900+0000] {logging_mixin.py:188} INFO - [2026-09-09T23:43:08.900+0000] {dag.py:3036} INFO - Sync 1 DAGs
[2026-09-09T23:43:08.912+0000] {logging_mixin.py:188} INFO - [2026-09-09T23:43:08.912+0000] {dag.py:3823} INFO - Setting next_dagrun for weekly_grocery_pipeline to 2026-09-06 00:00:00+00:00, run_after=2026-09-13 00:00:00+00:00
[2026-09-09T23:43:08.919+0000] {processor.py:183} INFO - Processing /opt/airflow/dags/weekly_grocery_pipeline.py took 0.065 seconds
[2026-09-09T23:43:39.060+0000] {processor.py:161} INFO - Started process (PID=791) to work on /opt/airflow/dags/weekly_grocery_pipeline.py
[2026-09-09T23:43:39.061+0000] {processor.py:830} INFO - Processing file /opt/airflow/dags/weekly_grocery_pipeline.py for tasks to queue
[2026-09-09T23:43:39.062+0000] {logging_mixin.py:188} INFO - [2026-09-09T23:43:39.061+0000] {dagbag.py:538} INFO - Filling up the DagBag from /opt/airflow/dags/weekly_grocery_pipeline.py
[2026-09-09T23:43:39.073+0000] {processor.py:840} INFO - DAG(s) 'weekly_grocery_pipeline' retrieved from /opt/airflow/dags/weekly_grocery_pipeline.py
[2026-09-09T23:43:39.091+0000] {logging_mixin.py:188} INFO - [2026-09-09T23:43:39.091+0000] {dag.py:3036} INFO - Sync 1 DAGs
[2026-09-09T23:43:39.103+0000] {logging_mixin.py:188} INFO - [2026-09-09T23:43:39.103+0000] {dag.py:3823} INFO - Setting next_dagrun for weekly_grocery_pipeline to 2026-09-06 00:00:00+00:00, run_after=2026-09-13 00:00:00+00:00
[2026-09-09T23:43:39.111+0000] {processor.py:183} INFO - Processing /opt/airflow/dags/weekly_grocery_pipeline.py took 0.054 seconds
[2026-09-09T23:44:09.256+0000] {processor.py:161} INFO - Started process (PID=796) to work on /opt/airflow/dags/weekly_grocery_pipeline.py
[2026-09-09T23:44:09.257+0000] {processor.py:830} INFO - Processing file /opt/airflow/dags/weekly_grocery_pipeline.py for tasks to queue
[2026-09-09T23:44:09.258+0000] {logging_mixin.py:188} INFO - [2026-09-09T23:44:09.258+0000] {dagbag.py:538} INFO - Filling up the DagBag from /opt/airflow/dags/weekly_grocery_pipeline.py
[2026-09-09T23:44:09.268+0000] {processor.py:840} INFO - DAG(s) 'weekly_grocery_pipeline' retrieved from /opt/airflow/dags/weekly_grocery_pipeline.py
[2026-09-09T23:44:09.288+0000] {logging_mixin.py:188} INFO - [2026-09-09T23:44:09.288+0000] {dag.py:3036} INFO - Sync 1 DAGs
[2026-09-09T23:44:09.302+0000] {logging_mixin.py:188} INFO - [2026-09-09T23:44:09.302+0000] {dag.py:3823} INFO - Setting next_dagrun for weekly_grocery_pipeline to 2026-09-06 00:00:00+00:00, run_after=2026-09-13 00:00:00+00:00
[2026-09-09T23:44:09.312+0000] {processor.py:183} INFO - Processing /opt/airflow/dags/weekly_grocery_pipeline.py took 0.059 seconds
[2026-09-09T23:44:39.581+0000] {processor.py:161} INFO - Started process (PID=801) to work on /opt/airflow/dags/weekly_grocery_pipeline.py
[2026-09-09T23:44:39.582+0000] {processor.py:830} INFO - Processing file /opt/airflow/dags/weekly_grocery_pipeline.py for tasks to queue
[2026-09-09T23:44:39.583+0000] {logging_mixin.py:188} INFO - [2026-09-09T23:44:39.583+0000] {dagbag.py:538} INFO - Filling up the DagBag from /opt/airflow/dags/weekly_grocery_pipeline.py
[2026-09-09T23:44:39.594+0000] {processor.py:840} INFO - DAG(s) 'weekly_grocery_pipeline' retrieved from /opt/airflow/dags/weekly_grocery_pipeline.py
[2026-09-09T23:44:39.616+0000] {logging_mixin.py:188} INFO - [2026-09-09T23:44:39.616+0000] {dag.py:3036} INFO - Sync 1 DAGs
[2026-09-09T23:44:39.629+0000] {logging_mixin.py:188} INFO - [2026-09-09T23:44:39.629+0000] {dag.py:3823} INFO - Setting next_dagrun for weekly_grocery_pipeline to 2026-09-06 00:00:00+00:00, run_after=2026-09-13 00:00:00+00:00
[2026-09-09T23:44:39.635+0000] {processor.py:183} INFO - Processing /opt/airflow/dags/weekly_grocery_pipeline.py took 0.058 seconds
[2026-09-09T23:45:09.888+0000] {processor.py:161} INFO - Started process (PID=806) to work on /opt/airflow/dags/weekly_grocery_pipeline.py
[2026-09-09T23:45:09.889+0000] {processor.py:830} INFO - Processing file /opt/airflow/dags/weekly_grocery_pipeline.py for tasks to queue
[2026-09-09T23:45:09.890+0000] {logging_mixin.py:188} INFO - [2026-09-09T23:45:09.890+0000] {dagbag.py:538} INFO - Filling up the DagBag from /opt/airflow/dags/weekly_grocery_pipeline.py
[2026-09-09T23:45:09.902+0000] {processor.py:840} INFO - DAG(s) 'weekly_grocery_pipeline' retrieved from /opt/airflow/dags/weekly_grocery_pipeline.py
[2026-09-09T23:45:09.921+0000] {logging_mixin.py:188} INFO - [2026-09-09T23:45:09.921+0000] {dag.py:3036} INFO - Sync 1 DAGs
[2026-09-09T23:45:09.931+0000] {logging_mixin.py:188} INFO - [2026-09-09T23:45:09.931+0000] {dag.py:3823} INFO - Setting next_dagrun for weekly_grocery_pipeline to 2026-09-06 00:00:00+00:00, run_after=2026-09-13 00:00:00+00:00
[2026-09-09T23:45:09.938+0000] {processor.py:183} INFO - Processing /opt/airflow/dags/weekly_grocery_pipeline.py took 0.053 seconds
[2026-09-09T23:45:40.195+0000] {processor.py:161} INFO - Started process (PID=811) to work on /opt/airflow/dags/weekly_grocery_pipeline.py
[2026-09-09T23:45:40.197+0000] {processor.py:830} INFO - Processing file /opt/airflow/dags/weekly_grocery_pipeline.py for tasks to queue
[2026-09-09T23:45:40.198+0000] {logging_mixin.py:188} INFO - [2026-09-09T23:45:40.197+0000] {dagbag.py:538} INFO - Filling up the DagBag from /opt/airflow/dags/weekly_grocery_pipeline.py
[2026-09-09T23:45:40.213+0000] {processor.py:840} INFO - DAG(s) 'weekly_grocery_pipeline' retrieved from /opt/airflow/dags/weekly_grocery_pipeline.py
[2026-09-09T23:45:40.235+0000] {logging_mixin.py:188} INFO - [2026-09-09T23:45:40.235+0000] {dag.py:3036} INFO - Sync 1 DAGs
[2026-09-09T23:45:40.246+0000] {logging_mixin.py:188} INFO - [2026-09-09T23:45:40.246+0000] {dag.py:3823} INFO - Setting next_dagrun for weekly_grocery_pipeline to 2026-09-06 00:00:00+00:00, run_after=2026-09-13 00:00:00+00:00
[2026-09-09T23:45:40.252+0000] {processor.py:183} INFO - Processing /opt/airflow/dags/weekly_grocery_pipeline.py took 0.063 seconds
[2026-09-09T23:46:10.514+0000] {processor.py:161} INFO - Started process (PID=816) to work on /opt/airflow/dags/weekly_grocery_pipeline.py
[2026-09-09T23:46:10.518+0000] {processor.py:830} INFO - Processing file /opt/airflow/dags/weekly_grocery_pipeline.py for tasks to queue
[2026-09-09T23:46:10.519+0000] {logging_mixin.py:188} INFO - [2026-09-09T23:46:10.519+0000] {dagbag.py:538} INFO - Filling up the DagBag from /opt/airflow/dags/weekly_grocery_pipeline.py
[2026-09-09T23:46:10.536+0000] {processor.py:840} INFO - DAG(s) 'weekly_grocery_pipeline' retrieved from /opt/airflow/dags/weekly_grocery_pipeline.py
[2026-09-09T23:46:10.557+0000] {logging_mixin.py:188} INFO - [2026-09-09T23:46:10.557+0000] {dag.py:3036} INFO - Sync 1 DAGs
[2026-09-09T23:46:10.570+0000] {logging_mixin.py:188} INFO - [2026-09-09T23:46:10.570+0000] {dag.py:3823} INFO - Setting next_dagrun for weekly_grocery_pipeline to 2026-09-06 00:00:00+00:00, run_after=2026-09-13 00:00:00+00:00
[2026-09-09T23:46:10.576+0000] {processor.py:183} INFO - Processing /opt/airflow/dags/weekly_grocery_pipeline.py took 0.066 seconds
[2026-09-09T23:46:40.831+0000] {processor.py:161} INFO - Started process (PID=821) to work on /opt/airflow/dags/weekly_grocery_pipeline.py
[2026-09-09T23:46:40.832+0000] {processor.py:830} INFO - Processing file /opt/airflow/dags/weekly_grocery_pipeline.py for tasks to queue
[2026-09-09T23:46:40.833+0000] {logging_mixin.py:188} INFO - [2026-09-09T23:46:40.833+0000] {dagbag.py:538} INFO - Filling up the DagBag from /opt/airflow/dags/weekly_grocery_pipeline.py
[2026-09-09T23:46:40.857+0000] {processor.py:840} INFO - DAG(s) 'weekly_grocery_pipeline' retrieved from /opt/airflow/dags/weekly_grocery_pipeline.py
[2026-09-09T23:46:40.888+0000] {logging_mixin.py:188} INFO - [2026-09-09T23:46:40.888+0000] {dag.py:3036} INFO - Sync 1 DAGs
[2026-09-09T23:46:40.901+0000] {logging_mixin.py:188} INFO - [2026-09-09T23:46:40.901+0000] {dag.py:3823} INFO - Setting next_dagrun for weekly_grocery_pipeline to 2026-09-06 00:00:00+00:00, run_after=2026-09-13 00:00:00+00:00
[2026-09-09T23:46:40.909+0000] {processor.py:183} INFO - Processing /opt/airflow/dags/weekly_grocery_pipeline.py took 0.082 seconds
[2026-09-09T23:47:11.153+0000] {processor.py:161} INFO - Started process (PID=826) to work on /opt/airflow/dags/weekly_grocery_pipeline.py
[2026-09-09T23:47:11.157+0000] {processor.py:830} INFO - Processing file /opt/airflow/dags/weekly_grocery_pipeline.py for tasks to queue
[2026-09-09T23:47:11.159+0000] {logging_mixin.py:188} INFO - [2026-09-09T23:47:11.158+0000] {dagbag.py:538} INFO - Filling up the DagBag from /opt/airflow/dags/weekly_grocery_pipeline.py
[2026-09-09T23:47:11.187+0000] {processor.py:840} INFO - DAG(s) 'weekly_grocery_pipeline' retrieved from /opt/airflow/dags/weekly_grocery_pipeline.py
[2026-09-09T23:47:11.221+0000] {logging_mixin.py:188} INFO - [2026-09-09T23:47:11.221+0000] {dag.py:3036} INFO - Sync 1 DAGs
[2026-09-09T23:47:11.234+0000] {logging_mixin.py:188} INFO - [2026-09-09T23:47:11.234+0000] {dag.py:3823} INFO - Setting next_dagrun for weekly_grocery_pipeline to 2026-09-06 00:00:00+00:00, run_after=2026-09-13 00:00:00+00:00
[2026-09-09T23:47:11.243+0000] {processor.py:183} INFO - Processing /opt/airflow/dags/weekly_grocery_pipeline.py took 0.094 seconds
[2026-09-09T23:47:41.478+0000] {processor.py:161} INFO - Started process (PID=831) to work on /opt/airflow/dags/weekly_grocery_pipeline.py
[2026-09-09T23:47:41.479+0000] {processor.py:830} INFO - Processing file /opt/airflow/dags/weekly_grocery_pipeline.py for tasks to queue
[2026-09-09T23:47:41.480+0000] {logging_mixin.py:188} INFO - [2026-09-09T23:47:41.480+0000] {dagbag.py:538} INFO - Filling up the DagBag from /opt/airflow/dags/weekly_grocery_pipeline.py
[2026-09-09T23:47:41.506+0000] {processor.py:840} INFO - DAG(s) 'weekly_grocery_pipeline' retrieved from /opt/airflow/dags/weekly_grocery_pipeline.py
[2026-09-09T23:47:41.533+0000] {logging_mixin.py:188} INFO - [2026-09-09T23:47:41.533+0000] {dag.py:3036} INFO - Sync 1 DAGs
[2026-09-09T23:47:41.545+0000] {logging_mixin.py:188} INFO - [2026-09-09T23:47:41.544+0000] {dag.py:3823} INFO - Setting next_dagrun for weekly_grocery_pipeline to 2026-09-06 00:00:00+00:00, run_after=2026-09-13 00:00:00+00:00
[2026-09-09T23:47:41.552+0000] {processor.py:183} INFO - Processing /opt/airflow/dags/weekly_grocery_pipeline.py took 0.077 seconds
[2026-09-09T23:48:11.789+0000] {processor.py:161} INFO - Started process (PID=836) to work on /opt/airflow/dags/weekly_grocery_pipeline.py
[2026-09-09T23:48:11.790+0000] {processor.py:830} INFO - Processing file /opt/airflow/dags/weekly_grocery_pipeline.py for tasks to queue
[2026-09-09T23:48:11.791+0000] {logging_mixin.py:188} INFO - [2026-09-09T23:48:11.790+0000] {dagbag.py:538} INFO - Filling up the DagBag from /opt/airflow/dags/weekly_grocery_pipeline.py
[2026-09-09T23:48:11.804+0000] {processor.py:840} INFO - DAG(s) 'weekly_grocery_pipeline' retrieved from /opt/airflow/dags/weekly_grocery_pipeline.py
[2026-09-09T23:48:11.824+0000] {logging_mixin.py:188} INFO - [2026-09-09T23:48:11.824+0000] {dag.py:3036} INFO - Sync 1 DAGs
[2026-09-09T23:48:11.837+0000] {logging_mixin.py:188} INFO - [2026-09-09T23:48:11.837+0000] {dag.py:3823} INFO - Setting next_dagrun for weekly_grocery_pipeline to 2026-09-06 00:00:00+00:00, run_after=2026-09-13 00:00:00+00:00
[2026-09-09T23:48:11.845+0000] {processor.py:183} INFO - Processing /opt/airflow/dags/weekly_grocery_pipeline.py took 0.059 seconds
[2026-09-09T23:48:42.102+0000] {processor.py:161} INFO - Started process (PID=841) to work on /opt/airflow/dags/weekly_grocery_pipeline.py
[2026-09-09T23:48:42.104+0000] {processor.py:830} INFO - Processing file /opt/airflow/dags/weekly_grocery_pipeline.py for tasks to queue
[2026-09-09T23:48:42.105+0000] {logging_mixin.py:188} INFO - [2026-09-09T23:48:42.105+0000] {dagbag.py:538} INFO - Filling up the DagBag from /opt/airflow/dags/weekly_grocery_pipeline.py
[2026-09-09T23:48:42.121+0000] {processor.py:840} INFO - DAG(s) 'weekly_grocery_pipeline' retrieved from /opt/airflow/dags/weekly_grocery_pipeline.py
[2026-09-09T23:48:42.170+0000] {logging_mixin.py:188} INFO - [2026-09-09T23:48:42.169+0000] {dag.py:3036} INFO - Sync 1 DAGs
[2026-09-09T23:48:42.190+0000] {logging_mixin.py:188} INFO - [2026-09-09T23:48:42.190+0000] {dag.py:3823} INFO - Setting next_dagrun for weekly_grocery_pipeline to 2026-09-06 00:00:00+00:00, run_after=2026-09-13 00:00:00+00:00
[2026-09-09T23:48:42.199+0000] {processor.py:183} INFO - Processing /opt/airflow/dags/weekly_grocery_pipeline.py took 0.103 seconds
[2026-09-09T23:49:12.392+0000] {processor.py:161} INFO - Started process (PID=846) to work on /opt/airflow/dags/weekly_grocery_pipeline.py
[2026-09-09T23:49:12.394+0000] {processor.py:830} INFO - Processing file /opt/airflow/dags/weekly_grocery_pipeline.py for tasks to queue
[2026-09-09T23:49:12.395+0000] {logging_mixin.py:188} INFO - [2026-09-09T23:49:12.395+0000] {dagbag.py:538} INFO - Filling up the DagBag from /opt/airflow/dags/weekly_grocery_pipeline.py
[2026-09-09T23:49:12.410+0000] {processor.py:840} INFO - DAG(s) 'weekly_grocery_pipeline' retrieved from /opt/airflow/dags/weekly_grocery_pipeline.py
[2026-09-09T23:49:12.431+0000] {logging_mixin.py:188} INFO - [2026-09-09T23:49:12.431+0000] {dag.py:3036} INFO - Sync 1 DAGs
[2026-09-09T23:49:12.443+0000] {logging_mixin.py:188} INFO - [2026-09-09T23:49:12.442+0000] {dag.py:3823} INFO - Setting next_dagrun for weekly_grocery_pipeline to 2026-09-06 00:00:00+00:00, run_after=2026-09-13 00:00:00+00:00
[2026-09-09T23:49:12.450+0000] {processor.py:183} INFO - Processing /opt/airflow/dags/weekly_grocery_pipeline.py took 0.061 seconds
[2026-09-09T23:49:42.706+0000] {processor.py:161} INFO - Started process (PID=851) to work on /opt/airflow/dags/weekly_grocery_pipeline.py
[2026-09-09T23:49:42.710+0000] {processor.py:830} INFO - Processing file /opt/airflow/dags/weekly_grocery_pipeline.py for tasks to queue
[2026-09-09T23:49:42.712+0000] {logging_mixin.py:188} INFO - [2026-09-09T23:49:42.711+0000] {dagbag.py:538} INFO - Filling up the DagBag from /opt/airflow/dags/weekly_grocery_pipeline.py
[2026-09-09T23:49:42.732+0000] {processor.py:840} INFO - DAG(s) 'weekly_grocery_pipeline' retrieved from /opt/airflow/dags/weekly_grocery_pipeline.py
[2026-09-09T23:49:42.760+0000] {logging_mixin.py:188} INFO - [2026-09-09T23:49:42.760+0000] {dag.py:3036} INFO - Sync 1 DAGs
[2026-09-09T23:49:42.777+0000] {logging_mixin.py:188} INFO - [2026-09-09T23:49:42.777+0000] {dag.py:3823} INFO - Setting next_dagrun for weekly_grocery_pipeline to 2026-09-06 00:00:00+00:00, run_after=2026-09-13 00:00:00+00:00
[2026-09-09T23:49:42.784+0000] {processor.py:183} INFO - Processing /opt/airflow/dags/weekly_grocery_pipeline.py took 0.083 seconds
[2026-09-09T23:50:12.983+0000] {processor.py:161} INFO - Started process (PID=856) to work on /opt/airflow/dags/weekly_grocery_pipeline.py
[2026-09-09T23:50:12.984+0000] {processor.py:830} INFO - Processing file /opt/airflow/dags/weekly_grocery_pipeline.py for tasks to queue
[2026-09-09T23:50:12.985+0000] {logging_mixin.py:188} INFO - [2026-09-09T23:50:12.985+0000] {dagbag.py:538} INFO - Filling up the DagBag from /opt/airflow/dags/weekly_grocery_pipeline.py
[2026-09-09T23:50:12.996+0000] {processor.py:840} INFO - DAG(s) 'weekly_grocery_pipeline' retrieved from /opt/airflow/dags/weekly_grocery_pipeline.py
[2026-09-09T23:50:13.014+0000] {logging_mixin.py:188} INFO - [2026-09-09T23:50:13.014+0000] {dag.py:3036} INFO - Sync 1 DAGs
[2026-09-09T23:50:13.024+0000] {logging_mixin.py:188} INFO - [2026-09-09T23:50:13.024+0000] {dag.py:3823} INFO - Setting next_dagrun for weekly_grocery_pipeline to 2026-09-06 00:00:00+00:00, run_after=2026-09-13 00:00:00+00:00
[2026-09-09T23:50:13.031+0000] {processor.py:183} INFO - Processing /opt/airflow/dags/weekly_grocery_pipeline.py took 0.050 seconds
[2026-09-09T23:50:43.197+0000] {processor.py:161} INFO - Started process (PID=861) to work on /opt/airflow/dags/weekly_grocery_pipeline.py
[2026-09-09T23:50:43.198+0000] {processor.py:830} INFO - Processing file /opt/airflow/dags/weekly_grocery_pipeline.py for tasks to queue
[2026-09-09T23:50:43.198+0000] {logging_mixin.py:188} INFO - [2026-09-09T23:50:43.198+0000] {dagbag.py:538} INFO - Filling up the DagBag from /opt/airflow/dags/weekly_grocery_pipeline.py
[2026-09-09T23:50:43.215+0000] {processor.py:840} INFO - DAG(s) 'weekly_grocery_pipeline' retrieved from /opt/airflow/dags/weekly_grocery_pipeline.py
[2026-09-09T23:50:43.265+0000] {logging_mixin.py:188} INFO - [2026-09-09T23:50:43.265+0000] {dag.py:3036} INFO - Sync 1 DAGs
[2026-09-09T23:50:43.281+0000] {logging_mixin.py:188} INFO - [2026-09-09T23:50:43.280+0000] {dag.py:3823} INFO - Setting next_dagrun for weekly_grocery_pipeline to 2026-09-06 00:00:00+00:00, run_after=2026-09-13 00:00:00+00:00
[2026-09-09T23:50:43.289+0000] {processor.py:183} INFO - Processing /opt/airflow/dags/weekly_grocery_pipeline.py took 0.095 seconds
[2026-09-09T23:51:13.476+0000] {processor.py:161} INFO - Started process (PID=866) to work on /opt/airflow/dags/weekly_grocery_pipeline.py
[2026-09-09T23:51:13.478+0000] {processor.py:830} INFO - Processing file /opt/airflow/dags/weekly_grocery_pipeline.py for tasks to queue
[2026-09-09T23:51:13.479+0000] {logging_mixin.py:188} INFO - [2026-09-09T23:51:13.479+0000] {dagbag.py:538} INFO - Filling up the DagBag from /opt/airflow/dags/weekly_grocery_pipeline.py
[2026-09-09T23:51:13.504+0000] {processor.py:840} INFO - DAG(s) 'weekly_grocery_pipeline' retrieved from /opt/airflow/dags/weekly_grocery_pipeline.py
[2026-09-09T23:51:13.528+0000] {logging_mixin.py:188} INFO - [2026-09-09T23:51:13.528+0000] {dag.py:3036} INFO - Sync 1 DAGs
[2026-09-09T23:51:13.549+0000] {logging_mixin.py:188} INFO - [2026-09-09T23:51:13.548+0000] {dag.py:3823} INFO - Setting next_dagrun for weekly_grocery_pipeline to 2026-09-06 00:00:00+00:00, run_after=2026-09-13 00:00:00+00:00
[2026-09-09T23:51:13.558+0000] {processor.py:183} INFO - Processing /opt/airflow/dags/weekly_grocery_pipeline.py took 0.093 seconds
[2026-09-09T23:51:43.798+0000] {processor.py:161} INFO - Started process (PID=871) to work on /opt/airflow/dags/weekly_grocery_pipeline.py
[2026-09-09T23:51:43.802+0000] {processor.py:830} INFO - Processing file /opt/airflow/dags/weekly_grocery_pipeline.py for tasks to queue
[2026-09-09T23:51:43.803+0000] {logging_mixin.py:188} INFO - [2026-09-09T23:51:43.802+0000] {dagbag.py:538} INFO - Filling up the DagBag from /opt/airflow/dags/weekly_grocery_pipeline.py
[2026-09-09T23:51:43.818+0000] {processor.py:840} INFO - DAG(s) 'weekly_grocery_pipeline' retrieved from /opt/airflow/dags/weekly_grocery_pipeline.py
[2026-09-09T23:51:43.840+0000] {logging_mixin.py:188} INFO - [2026-09-09T23:51:43.840+0000] {dag.py:3036} INFO - Sync 1 DAGs
[2026-09-09T23:51:43.853+0000] {logging_mixin.py:188} INFO - [2026-09-09T23:51:43.853+0000] {dag.py:3823} INFO - Setting next_dagrun for weekly_grocery_pipeline to 2026-09-06 00:00:00+00:00, run_after=2026-09-13 00:00:00+00:00
[2026-09-09T23:51:43.861+0000] {processor.py:183} INFO - Processing /opt/airflow/dags/weekly_grocery_pipeline.py took 0.066 seconds
[2026-09-09T23:52:14.127+0000] {processor.py:161} INFO - Started process (PID=876) to work on /opt/airflow/dags/weekly_grocery_pipeline.py
[2026-09-09T23:52:14.131+0000] {processor.py:830} INFO - Processing file /opt/airflow/dags/weekly_grocery_pipeline.py for tasks to queue
[2026-09-09T23:52:14.133+0000] {logging_mixin.py:188} INFO - [2026-09-09T23:52:14.132+0000] {dagbag.py:538} INFO - Filling up the DagBag from /opt/airflow/dags/weekly_grocery_pipeline.py
[2026-09-09T23:52:14.159+0000] {processor.py:840} INFO - DAG(s) 'weekly_grocery_pipeline' retrieved from /opt/airflow/dags/weekly_grocery_pipeline.py
[2026-09-09T23:52:14.201+0000] {logging_mixin.py:188} INFO - [2026-09-09T23:52:14.201+0000] {dag.py:3036} INFO - Sync 1 DAGs
[2026-09-09T23:52:14.220+0000] {logging_mixin.py:188} INFO - [2026-09-09T23:52:14.220+0000] {dag.py:3823} INFO - Setting next_dagrun for weekly_grocery_pipeline to 2026-09-06 00:00:00+00:00, run_after=2026-09-13 00:00:00+00:00
[2026-09-09T23:52:14.232+0000] {processor.py:183} INFO - Processing /opt/airflow/dags/weekly_grocery_pipeline.py took 0.113 seconds
[2026-09-09T23:52:44.437+0000] {processor.py:161} INFO - Started process (PID=881) to work on /opt/airflow/dags/weekly_grocery_pipeline.py
[2026-09-09T23:52:44.442+0000] {processor.py:830} INFO - Processing file /opt/airflow/dags/weekly_grocery_pipeline.py for tasks to queue
[2026-09-09T23:52:44.443+0000] {logging_mixin.py:188} INFO - [2026-09-09T23:52:44.443+0000] {dagbag.py:538} INFO - Filling up the DagBag from /opt/airflow/dags/weekly_grocery_pipeline.py
[2026-09-09T23:52:44.464+0000] {processor.py:840} INFO - DAG(s) 'weekly_grocery_pipeline' retrieved from /opt/airflow/dags/weekly_grocery_pipeline.py
[2026-09-09T23:52:44.492+0000] {logging_mixin.py:188} INFO - [2026-09-09T23:52:44.492+0000] {dag.py:3036} INFO - Sync 1 DAGs
[2026-09-09T23:52:44.509+0000] {logging_mixin.py:188} INFO - [2026-09-09T23:52:44.509+0000] {dag.py:3823} INFO - Setting next_dagrun for weekly_grocery_pipeline to 2026-09-06 00:00:00+00:00, run_after=2026-09-13 00:00:00+00:00
[2026-09-09T23:52:44.516+0000] {processor.py:183} INFO - Processing /opt/airflow/dags/weekly_grocery_pipeline.py took 0.086 seconds
[2026-09-09T23:53:14.831+0000] {processor.py:161} INFO - Started process (PID=886) to work on /opt/airflow/dags/weekly_grocery_pipeline.py
[2026-09-09T23:53:14.836+0000] {processor.py:830} INFO - Processing file /opt/airflow/dags/weekly_grocery_pipeline.py for tasks to queue
[2026-09-09T23:53:14.837+0000] {logging_mixin.py:188} INFO - [2026-09-09T23:53:14.837+0000] {dagbag.py:538} INFO - Filling up the DagBag from /opt/airflow/dags/weekly_grocery_pipeline.py
[2026-09-09T23:53:14.866+0000] {processor.py:840} INFO - DAG(s) 'weekly_grocery_pipeline' retrieved from /opt/airflow/dags/weekly_grocery_pipeline.py
[2026-09-09T23:53:14.908+0000] {logging_mixin.py:188} INFO - [2026-09-09T23:53:14.908+0000] {dag.py:3036} INFO - Sync 1 DAGs
[2026-09-09T23:53:14.926+0000] {logging_mixin.py:188} INFO - [2026-09-09T23:53:14.925+0000] {dag.py:3823} INFO - Setting next_dagrun for weekly_grocery_pipeline to 2026-09-06 00:00:00+00:00, run_after=2026-09-13 00:00:00+00:00
[2026-09-09T23:53:14.933+0000] {processor.py:183} INFO - Processing /opt/airflow/dags/weekly_grocery_pipeline.py took 0.110 seconds
[2026-09-09T23:53:45.198+0000] {processor.py:161} INFO - Started process (PID=891) to work on /opt/airflow/dags/weekly_grocery_pipeline.py
[2026-09-09T23:53:45.202+0000] {processor.py:830} INFO - Processing file /opt/airflow/dags/weekly_grocery_pipeline.py for tasks to queue
[2026-09-09T23:53:45.203+0000] {logging_mixin.py:188} INFO - [2026-09-09T23:53:45.203+0000] {dagbag.py:538} INFO - Filling up the DagBag from /opt/airflow/dags/weekly_grocery_pipeline.py
[2026-09-09T23:53:45.223+0000] {processor.py:840} INFO - DAG(s) 'weekly_grocery_pipeline' retrieved from /opt/airflow/dags/weekly_grocery_pipeline.py
[2026-09-09T23:53:45.250+0000] {logging_mixin.py:188} INFO - [2026-09-09T23:53:45.250+0000] {dag.py:3036} INFO - Sync 1 DAGs
[2026-09-09T23:53:45.262+0000] {logging_mixin.py:188} INFO - [2026-09-09T23:53:45.262+0000] {dag.py:3823} INFO - Setting next_dagrun for weekly_grocery_pipeline to 2026-09-06 00:00:00+00:00, run_after=2026-09-13 00:00:00+00:00
[2026-09-09T23:53:45.268+0000] {processor.py:183} INFO - Processing /opt/airflow/dags/weekly_grocery_pipeline.py took 0.074 seconds
[2026-09-09T23:54:15.493+0000] {processor.py:161} INFO - Started process (PID=896) to work on /opt/airflow/dags/weekly_grocery_pipeline.py
[2026-09-09T23:54:15.493+0000] {processor.py:830} INFO - Processing file /opt/airflow/dags/weekly_grocery_pipeline.py for tasks to queue
[2026-09-09T23:54:15.494+0000] {logging_mixin.py:188} INFO - [2026-09-09T23:54:15.494+0000] {dagbag.py:538} INFO - Filling up the DagBag from /opt/airflow/dags/weekly_grocery_pipeline.py
[2026-09-09T23:54:15.500+0000] {processor.py:840} INFO - DAG(s) 'weekly_grocery_pipeline' retrieved from /opt/airflow/dags/weekly_grocery_pipeline.py
[2026-09-09T23:54:15.513+0000] {logging_mixin.py:188} INFO - [2026-09-09T23:54:15.513+0000] {dag.py:3036} INFO - Sync 1 DAGs
[2026-09-09T23:54:15.522+0000] {logging_mixin.py:188} INFO - [2026-09-09T23:54:15.522+0000] {dag.py:3823} INFO - Setting next_dagrun for weekly_grocery_pipeline to 2026-09-06 00:00:00+00:00, run_after=2026-09-13 00:00:00+00:00
[2026-09-09T23:54:15.528+0000] {processor.py:183} INFO - Processing /opt/airflow/dags/weekly_grocery_pipeline.py took 0.037 seconds
[2026-09-09T23:54:45.824+0000] {processor.py:161} INFO - Started process (PID=901) to work on /opt/airflow/dags/weekly_grocery_pipeline.py
[2026-09-09T23:54:45.826+0000] {processor.py:830} INFO - Processing file /opt/airflow/dags/weekly_grocery_pipeline.py for tasks to queue
[2026-09-09T23:54:45.828+0000] {logging_mixin.py:188} INFO - [2026-09-09T23:54:45.827+0000] {dagbag.py:538} INFO - Filling up the DagBag from /opt/airflow/dags/weekly_grocery_pipeline.py
[2026-09-09T23:54:45.854+0000] {processor.py:840} INFO - DAG(s) 'weekly_grocery_pipeline' retrieved from /opt/airflow/dags/weekly_grocery_pipeline.py
[2026-09-09T23:54:45.891+0000] {logging_mixin.py:188} INFO - [2026-09-09T23:54:45.891+0000] {dag.py:3036} INFO - Sync 1 DAGs
[2026-09-09T23:54:45.905+0000] {logging_mixin.py:188} INFO - [2026-09-09T23:54:45.905+0000] {dag.py:3823} INFO - Setting next_dagrun for weekly_grocery_pipeline to 2026-09-06 00:00:00+00:00, run_after=2026-09-13 00:00:00+00:00
[2026-09-09T23:54:45.912+0000] {processor.py:183} INFO - Processing /opt/airflow/dags/weekly_grocery_pipeline.py took 0.094 seconds
[2026-09-09T23:55:16.108+0000] {processor.py:161} INFO - Started process (PID=906) to work on /opt/airflow/dags/weekly_grocery_pipeline.py
[2026-09-09T23:55:16.110+0000] {processor.py:830} INFO - Processing file /opt/airflow/dags/weekly_grocery_pipeline.py for tasks to queue
[2026-09-09T23:55:16.111+0000] {logging_mixin.py:188} INFO - [2026-09-09T23:55:16.110+0000] {dagbag.py:538} INFO - Filling up the DagBag from /opt/airflow/dags/weekly_grocery_pipeline.py
[2026-09-09T23:55:16.124+0000] {processor.py:840} INFO - DAG(s) 'weekly_grocery_pipeline' retrieved from /opt/airflow/dags/weekly_grocery_pipeline.py
[2026-09-09T23:55:16.145+0000] {logging_mixin.py:188} INFO - [2026-09-09T23:55:16.145+0000] {dag.py:3036} INFO - Sync 1 DAGs
[2026-09-09T23:55:16.155+0000] {logging_mixin.py:188} INFO - [2026-09-09T23:55:16.155+0000] {dag.py:3823} INFO - Setting next_dagrun for weekly_grocery_pipeline to 2026-09-06 00:00:00+00:00, run_after=2026-09-13 00:00:00+00:00
[2026-09-09T23:55:16.163+0000] {processor.py:183} INFO - Processing /opt/airflow/dags/weekly_grocery_pipeline.py took 0.058 seconds
[2026-09-09T23:55:46.441+0000] {processor.py:161} INFO - Started process (PID=911) to work on /opt/airflow/dags/weekly_grocery_pipeline.py
[2026-09-09T23:55:46.445+0000] {processor.py:830} INFO - Processing file /opt/airflow/dags/weekly_grocery_pipeline.py for tasks to queue
[2026-09-09T23:55:46.447+0000] {logging_mixin.py:188} INFO - [2026-09-09T23:55:46.446+0000] {dagbag.py:538} INFO - Filling up the DagBag from /opt/airflow/dags/weekly_grocery_pipeline.py
[2026-09-09T23:55:46.467+0000] {processor.py:840} INFO - DAG(s) 'weekly_grocery_pipeline' retrieved from /opt/airflow/dags/weekly_grocery_pipeline.py
[2026-09-09T23:55:46.490+0000] {logging_mixin.py:188} INFO - [2026-09-09T23:55:46.490+0000] {dag.py:3036} INFO - Sync 1 DAGs
[2026-09-09T23:55:46.501+0000] {logging_mixin.py:188} INFO - [2026-09-09T23:55:46.501+0000] {dag.py:3823} INFO - Setting next_dagrun for weekly_grocery_pipeline to 2026-09-06 00:00:00+00:00, run_after=2026-09-13 00:00:00+00:00
[2026-09-09T23:55:46.508+0000] {processor.py:183} INFO - Processing /opt/airflow/dags/weekly_grocery_pipeline.py took 0.073 seconds
[2026-09-09T23:56:16.776+0000] {processor.py:161} INFO - Started process (PID=916) to work on /opt/airflow/dags/weekly_grocery_pipeline.py
[2026-09-09T23:56:16.780+0000] {processor.py:830} INFO - Processing file /opt/airflow/dags/weekly_grocery_pipeline.py for tasks to queue
[2026-09-09T23:56:16.781+0000] {logging_mixin.py:188} INFO - [2026-09-09T23:56:16.781+0000] {dagbag.py:538} INFO - Filling up the DagBag from /opt/airflow/dags/weekly_grocery_pipeline.py
[2026-09-09T23:56:16.806+0000] {processor.py:840} INFO - DAG(s) 'weekly_grocery_pipeline' retrieved from /opt/airflow/dags/weekly_grocery_pipeline.py
[2026-09-09T23:56:16.831+0000] {logging_mixin.py:188} INFO - [2026-09-09T23:56:16.831+0000] {dag.py:3036} INFO - Sync 1 DAGs
[2026-09-09T23:56:16.849+0000] {logging_mixin.py:188} INFO - [2026-09-09T23:56:16.849+0000] {dag.py:3823} INFO - Setting next_dagrun for weekly_grocery_pipeline to 2026-09-06 00:00:00+00:00, run_after=2026-09-13 00:00:00+00:00
[2026-09-09T23:56:16.856+0000] {processor.py:183} INFO - Processing /opt/airflow/dags/weekly_grocery_pipeline.py took 0.085 seconds
[2026-09-09T23:56:47.070+0000] {processor.py:161} INFO - Started process (PID=921) to work on /opt/airflow/dags/weekly_grocery_pipeline.py
[2026-09-09T23:56:47.071+0000] {processor.py:830} INFO - Processing file /opt/airflow/dags/weekly_grocery_pipeline.py for tasks to queue
[2026-09-09T23:56:47.072+0000] {logging_mixin.py:188} INFO - [2026-09-09T23:56:47.072+0000] {dagbag.py:538} INFO - Filling up the DagBag from /opt/airflow/dags/weekly_grocery_pipeline.py
[2026-09-09T23:56:47.088+0000] {processor.py:840} INFO - DAG(s) 'weekly_grocery_pipeline' retrieved from /opt/airflow/dags/weekly_grocery_pipeline.py
[2026-09-09T23:56:47.108+0000] {logging_mixin.py:188} INFO - [2026-09-09T23:56:47.108+0000] {dag.py:3036} INFO - Sync 1 DAGs
[2026-09-09T23:56:47.120+0000] {logging_mixin.py:188} INFO - [2026-09-09T23:56:47.120+0000] {dag.py:3823} INFO - Setting next_dagrun for weekly_grocery_pipeline to 2026-09-06 00:00:00+00:00, run_after=2026-09-13 00:00:00+00:00
[2026-09-09T23:56:47.127+0000] {processor.py:183} INFO - Processing /opt/airflow/dags/weekly_grocery_pipeline.py took 0.062 seconds
[2026-09-09T23:57:17.347+0000] {processor.py:161} INFO - Started process (PID=926) to work on /opt/airflow/dags/weekly_grocery_pipeline.py
[2026-09-09T23:57:17.350+0000] {processor.py:830} INFO - Processing file /opt/airflow/dags/weekly_grocery_pipeline.py for tasks to queue
[2026-09-09T23:57:17.351+0000] {logging_mixin.py:188} INFO - [2026-09-09T23:57:17.350+0000] {dagbag.py:538} INFO - Filling up the DagBag from /opt/airflow/dags/weekly_grocery_pipeline.py
[2026-09-09T23:57:17.365+0000] {processor.py:840} INFO - DAG(s) 'weekly_grocery_pipeline' retrieved from /opt/airflow/dags/weekly_grocery_pipeline.py
[2026-09-09T23:57:17.387+0000] {logging_mixin.py:188} INFO - [2026-09-09T23:57:17.387+0000] {dag.py:3036} INFO - Sync 1 DAGs
[2026-09-09T23:57:17.399+0000] {logging_mixin.py:188} INFO - [2026-09-09T23:57:17.399+0000] {dag.py:3823} INFO - Setting next_dagrun for weekly_grocery_pipeline to 2026-09-06 00:00:00+00:00, run_after=2026-09-13 00:00:00+00:00
[2026-09-09T23:57:17.407+0000] {processor.py:183} INFO - Processing /opt/airflow/dags/weekly_grocery_pipeline.py took 0.063 seconds
[2026-09-09T23:57:47.614+0000] {processor.py:161} INFO - Started process (PID=931) to work on /opt/airflow/dags/weekly_grocery_pipeline.py
[2026-09-09T23:57:47.616+0000] {processor.py:830} INFO - Processing file /opt/airflow/dags/weekly_grocery_pipeline.py for tasks to queue
[2026-09-09T23:57:47.617+0000] {logging_mixin.py:188} INFO - [2026-09-09T23:57:47.616+0000] {dagbag.py:538} INFO - Filling up the DagBag from /opt/airflow/dags/weekly_grocery_pipeline.py
[2026-09-09T23:57:47.635+0000] {processor.py:840} INFO - DAG(s) 'weekly_grocery_pipeline' retrieved from /opt/airflow/dags/weekly_grocery_pipeline.py
[2026-09-09T23:57:47.654+0000] {logging_mixin.py:188} INFO - [2026-09-09T23:57:47.654+0000] {dag.py:3036} INFO - Sync 1 DAGs
[2026-09-09T23:57:47.667+0000] {logging_mixin.py:188} INFO - [2026-09-09T23:57:47.666+0000] {dag.py:3823} INFO - Setting next_dagrun for weekly_grocery_pipeline to 2026-09-06 00:00:00+00:00, run_after=2026-09-13 00:00:00+00:00
[2026-09-09T23:57:47.674+0000] {processor.py:183} INFO - Processing /opt/airflow/dags/weekly_grocery_pipeline.py took 0.065 seconds
[2026-09-09T23:58:17.931+0000] {processor.py:161} INFO - Started process (PID=936) to work on /opt/airflow/dags/weekly_grocery_pipeline.py
[2026-09-09T23:58:17.932+0000] {processor.py:830} INFO - Processing file /opt/airflow/dags/weekly_grocery_pipeline.py for tasks to queue
[2026-09-09T23:58:17.933+0000] {logging_mixin.py:188} INFO - [2026-09-09T23:58:17.933+0000] {dagbag.py:538} INFO - Filling up the DagBag from /opt/airflow/dags/weekly_grocery_pipeline.py
[2026-09-09T23:58:17.944+0000] {processor.py:840} INFO - DAG(s) 'weekly_grocery_pipeline' retrieved from /opt/airflow/dags/weekly_grocery_pipeline.py
[2026-09-09T23:58:17.964+0000] {logging_mixin.py:188} INFO - [2026-09-09T23:58:17.963+0000] {dag.py:3036} INFO - Sync 1 DAGs
[2026-09-09T23:58:17.974+0000] {logging_mixin.py:188} INFO - [2026-09-09T23:58:17.974+0000] {dag.py:3823} INFO - Setting next_dagrun for weekly_grocery_pipeline to 2026-09-06 00:00:00+00:00, run_after=2026-09-13 00:00:00+00:00
[2026-09-09T23:58:17.980+0000] {processor.py:183} INFO - Processing /opt/airflow/dags/weekly_grocery_pipeline.py took 0.053 seconds
[2026-09-09T23:58:48.224+0000] {processor.py:161} INFO - Started process (PID=941) to work on /opt/airflow/dags/weekly_grocery_pipeline.py
[2026-09-09T23:58:48.225+0000] {processor.py:830} INFO - Processing file /opt/airflow/dags/weekly_grocery_pipeline.py for tasks to queue
[2026-09-09T23:58:48.226+0000] {logging_mixin.py:188} INFO - [2026-09-09T23:58:48.225+0000] {dagbag.py:538} INFO - Filling up the DagBag from /opt/airflow/dags/weekly_grocery_pipeline.py
[2026-09-09T23:58:48.238+0000] {processor.py:840} INFO - DAG(s) 'weekly_grocery_pipeline' retrieved from /opt/airflow/dags/weekly_grocery_pipeline.py
[2026-09-09T23:58:48.255+0000] {logging_mixin.py:188} INFO - [2026-09-09T23:58:48.255+0000] {dag.py:3036} INFO - Sync 1 DAGs
[2026-09-09T23:58:48.265+0000] {logging_mixin.py:188} INFO - [2026-09-09T23:58:48.265+0000] {dag.py:3823} INFO - Setting next_dagrun for weekly_grocery_pipeline to 2026-09-06 00:00:00+00:00, run_after=2026-09-13 00:00:00+00:00
[2026-09-09T23:58:48.274+0000] {processor.py:183} INFO - Processing /opt/airflow/dags/weekly_grocery_pipeline.py took 0.054 seconds
[2026-09-09T23:59:18.521+0000] {processor.py:161} INFO - Started process (PID=946) to work on /opt/airflow/dags/weekly_grocery_pipeline.py
[2026-09-09T23:59:18.523+0000] {processor.py:830} INFO - Processing file /opt/airflow/dags/weekly_grocery_pipeline.py for tasks to queue
[2026-09-09T23:59:18.523+0000] {logging_mixin.py:188} INFO - [2026-09-09T23:59:18.523+0000] {dagbag.py:538} INFO - Filling up the DagBag from /opt/airflow/dags/weekly_grocery_pipeline.py
[2026-09-09T23:59:18.537+0000] {processor.py:840} INFO - DAG(s) 'weekly_grocery_pipeline' retrieved from /opt/airflow/dags/weekly_grocery_pipeline.py
[2026-09-09T23:59:18.555+0000] {logging_mixin.py:188} INFO - [2026-09-09T23:59:18.555+0000] {dag.py:3036} INFO - Sync 1 DAGs
[2026-09-09T23:59:18.567+0000] {logging_mixin.py:188} INFO - [2026-09-09T23:59:18.567+0000] {dag.py:3823} INFO - Setting next_dagrun for weekly_grocery_pipeline to 2026-09-06 00:00:00+00:00, run_after=2026-09-13 00:00:00+00:00
[2026-09-09T23:59:18.574+0000] {processor.py:183} INFO - Processing /opt/airflow/dags/weekly_grocery_pipeline.py took 0.056 seconds
[2026-09-09T23:59:48.829+0000] {processor.py:161} INFO - Started process (PID=951) to work on /opt/airflow/dags/weekly_grocery_pipeline.py
[2026-09-09T23:59:48.830+0000] {processor.py:830} INFO - Processing file /opt/airflow/dags/weekly_grocery_pipeline.py for tasks to queue
[2026-09-09T23:59:48.830+0000] {logging_mixin.py:188} INFO - [2026-09-09T23:59:48.830+0000] {dagbag.py:538} INFO - Filling up the DagBag from /opt/airflow/dags/weekly_grocery_pipeline.py
[2026-09-09T23:59:48.838+0000] {processor.py:840} INFO - DAG(s) 'weekly_grocery_pipeline' retrieved from /opt/airflow/dags/weekly_grocery_pipeline.py
[2026-09-09T23:59:48.855+0000] {logging_mixin.py:188} INFO - [2026-09-09T23:59:48.855+0000] {dag.py:3036} INFO - Sync 1 DAGs
[2026-09-09T23:59:48.866+0000] {logging_mixin.py:188} INFO - [2026-09-09T23:59:48.866+0000] {dag.py:3823} INFO - Setting next_dagrun for weekly_grocery_pipeline to 2026-09-06 00:00:00+00:00, run_after=2026-09-13 00:00:00+00:00
[2026-09-09T23:59:48.873+0000] {processor.py:183} INFO - Processing /opt/airflow/dags/weekly_grocery_pipeline.py took 0.046 seconds
